Order_ID,Order_Date,Customer_ID,Product,Category,Region,Payment_Method,Shipping_Type,Quantity,Unit_Price,Discount,Sales,Profit,Rating,Order_Status
ORD102315,2024-01-01,CUST1035,Makeup Set,Beauty,Central,Net Banking,Standard,1,1600.73,0.0,1600.73,291.53,4.7,Delivered
ORD102441,2024-01-01,CUST1282,Backpack,Fashion,Central,Credit Card,Standard,1,6304.62,0.0,6304.62,1942.41,4.5,Delivered
ORD102258,2024-01-01,CUST1323,Wireless Headphones,Electronics,South,UPI,Express,3,38892.74,0.15,99176.49,16363.28,4.7,Delivered
ORD101481,2024-01-01,CUST1576,Bluetooth Speaker,Electronics,North,Net Banking,Standard,1,32354.49,0.1,29119.04,2010.08,4.3,Delivered
ORD101487,2024-01-01,CUST1554,Laptop Stand,Electronics,North,Net Banking,Standard,2,19677.94,0.2,31484.7,-627.08,4.5,Delivered
ORD101408,2024-01-01,CUST1480,Casual Sneakers,Fashion,Central,UPI,Express,1,1862.81,0.0,1862.81,594.11,3.9,Delivered
ORD101948,2024-01-01,CUST1258,Backpack,Fashion,East,UPI,Same Day,2,8552.32,0.1,15394.18,5939.98,5.0,Delivered
ORD103190,2024-01-02,CUST1271,Storage Organizer,Home & Kitchen,Central,UPI,Standard,2,16890.92,0.05,32092.75,7797.68,3.9,Delivered
ORD101738,2024-01-02,CUST1549,Air Fryer,Home & Kitchen,West,Debit Card,Express,1,7643.21,0.05,7261.05,2176.42,4.5,Delivered
ORD101995,2024-01-02,CUST1112,Storage Organizer,Home & Kitchen,Central,COD,Express,1,9191.55,0.15,7812.82,795.15,4.5,Cancelled
ORD101912,2024-01-02,CUST1305,Coffee Maker,Home & Kitchen,West,COD,Express,1,8124.62,0.2,6499.7,1444.53,3.8,Delivered
ORD102627,2024-01-03,CUST1530,Bluetooth Speaker,Electronics,South,COD,Standard,1,31720.25,0.0,31720.25,8521.76,3.6,Delivered
ORD100772,2024-01-03,CUST1560,Face Serum,Beauty,North,Credit Card,Express,1,1263.04,0.15,1073.59,49.19,5.0,Returned
ORD102645,2024-01-03,CUST1490,Running Shoes,Fashion,East,Net Banking,Same Day,1,6733.68,0.05,6397.0,909.69,3.6,Delivered
ORD101236,2024-01-03,CUST1037,T-Shirt,Fashion,Central,Credit Card,Standard,2,2300.59,0.1,4141.06,1374.52,4.1,Delivered
ORD103216,2024-01-03,CUST1339,Hair Dryer,Beauty,West,UPI,Same Day,1,3029.2,0.2,2423.36,527.17,3.7,Delivered
ORD101621,2024-01-03,CUST1371,Mixer Grinder,Home & Kitchen,West,Debit Card,Standard,1,4171.76,0.05,3963.17,1664.38,5.0,Delivered
ORD100845,2024-01-03,CUST1302,Cricket Bat,Sports,South,Net Banking,Standard,2,3596.6,0.0,7193.2,1285.94,4.2,Cancelled
ORD103233,2024-01-03,CUST1417,Makeup Set,Beauty,South,UPI,Standard,2,5818.79,0.05,11055.7,1498.77,3.4,Delivered
ORD100844,2024-01-03,CUST1225,Skincare Kit,Beauty,North,Credit Card,Standard,2,5215.28,0.1,9387.51,3007.31,3.8,Delivered
ORD101293,2024-01-03,CUST1155,Cricket Bat,Sports,North,Credit Card,Standard,1,11928.3,0.0,11928.3,5051.44,2.7,Delivered
ORD101549,2024-01-03,CUST1548,Cricket Bat,Sports,West,Credit Card,Express,2,7074.15,0.1,12733.47,2846.15,4.2,Delivered
ORD100380,2024-01-03,CUST1519,Perfume,Beauty,South,Net Banking,Standard,2,3201.58,0.05,6083.01,1419.97,4.9,Delivered
ORD102788,2024-01-03,CUST1163,Storage Organizer,Home & Kitchen,North,COD,Standard,1,14393.34,0.15,12234.34,543.39,4.2,Delivered
ORD100900,2024-01-03,CUST1228,Skincare Kit,Beauty,South,Credit Card,Express,1,5290.51,0.05,5025.98,755.34,3.5,Delivered
ORD100464,2024-01-04,CUST1120,Coffee Maker,Home & Kitchen,Central,UPI,Standard,1,8043.43,0.15,6836.91,1625.16,4.8,Returned
ORD100574,2024-01-04,CUST1195,Smart Watch,Electronics,North,Credit Card,Express,2,25547.86,0.05,48540.94,15130.07,3.8,Returned
ORD102400,2024-01-04,CUST1559,Hair Dryer,Beauty,West,COD,Express,1,2442.76,0.05,2320.62,772.26,2.8,Delivered
ORD101278,2024-01-05,CUST1064,Mixer Grinder,Home & Kitchen,Central,Credit Card,Express,1,749.4,0.2,599.52,92.07,2.8,Delivered
ORD103398,2024-01-05,CUST1563,Denim Jacket,Fashion,Central,Net Banking,Express,2,5791.96,0.1,10425.53,1619.41,4.0,Delivered
ORD101806,2024-01-05,CUST1237,Football,Sports,North,UPI,Standard,4,2911.33,0.1,10480.78,3341.69,4.7,Delivered
ORD102201,2024-01-05,CUST1229,Laptop Stand,Electronics,Central,COD,Same Day,2,38253.65,0.0,76507.3,23835.21,4.1,Delivered
ORD100103,2024-01-05,CUST1375,Bluetooth Speaker,Electronics,North,UPI,Express,1,7286.87,0.1,6558.18,2144.8,4.3,Delivered
ORD100706,2024-01-05,CUST1544,Wireless Headphones,Electronics,North,UPI,Standard,2,46142.2,0.05,87670.18,15459.21,4.1,Delivered
ORD101189,2024-01-05,CUST1435,Perfume,Beauty,West,Credit Card,Standard,2,618.89,0.25,928.33,25.24,4.0,Delivered
ORD101174,2024-01-05,CUST1500,Denim Jacket,Fashion,North,Debit Card,Standard,1,8669.96,0.05,8236.46,1201.7,3.1,Delivered
ORD101762,2024-01-06,CUST1354,Wireless Headphones,Electronics,South,Debit Card,Express,3,36128.45,0.1,97546.81,19433.93,2.0,Cancelled
ORD102442,2024-01-06,CUST1120,Bluetooth Speaker,Electronics,West,Credit Card,Express,5,7541.2,0.0,37705.98,15646.36,4.1,Delivered
ORD100302,2024-01-06,CUST1484,Mixer Grinder,Home & Kitchen,Central,UPI,Express,1,7957.43,0.15,6763.81,1581.43,3.7,Delivered
ORD101531,2024-01-06,CUST1502,Football,Sports,North,Credit Card,Same Day,2,9230.82,0.05,17538.56,6938.37,3.6,Returned
ORD101069,2024-01-06,CUST1123,Backpack,Fashion,Central,COD,Standard,1,4592.21,0.0,4592.21,1679.18,3.5,Delivered
ORD101681,2024-01-07,CUST1461,Storage Organizer,Home & Kitchen,West,Net Banking,Express,1,10374.26,0.0,10374.26,3921.06,2.7,Delivered
ORD100789,2024-01-07,CUST1186,Backpack,Fashion,South,Net Banking,Same Day,4,7838.02,0.15,26649.28,9038.95,4.3,Delivered
ORD100800,2024-01-07,CUST1166,Backpack,Fashion,North,COD,Standard,2,6694.78,0.1,12050.61,3305.83,3.8,Delivered
ORD101120,2024-01-08,CUST1371,Power Bank,Electronics,South,Credit Card,Standard,2,11260.85,0.0,22521.7,8821.67,5.0,Returned
ORD100838,2024-01-08,CUST1445,Casual Sneakers,Fashion,West,Credit Card,Same Day,2,7351.95,0.2,11763.12,2948.8,2.8,Delivered
ORD103102,2024-01-08,CUST1286,Storage Organizer,Home & Kitchen,Central,Debit Card,Same Day,1,512.32,0.1,461.08,139.16,4.0,Delivered
ORD100409,2024-01-08,CUST1544,Skincare Kit,Beauty,North,Credit Card,Standard,1,6503.95,0.0,6503.95,1461.79,4.6,Delivered
ORD103135,2024-01-09,CUST1062,Coffee Maker,Home & Kitchen,North,COD,Express,1,12641.7,0.25,9481.27,1451.86,4.0,Delivered
ORD101037,2024-01-09,CUST1435,Resistance Bands,Sports,East,Credit Card,Same Day,3,9802.21,0.05,27936.29,10238.29,4.4,Delivered
ORD100888,2024-01-09,CUST1203,Skincare Kit,Beauty,West,Debit Card,Standard,1,5688.14,0.15,4834.92,667.71,4.3,Delivered
ORD100477,2024-01-10,CUST1593,Wireless Headphones,Electronics,South,Net Banking,Express,1,53740.09,0.0,53740.09,22493.33,5.0,Delivered
ORD100414,2024-01-10,CUST1474,Air Fryer,Home & Kitchen,West,Net Banking,Standard,3,8697.15,0.05,24786.89,6174.72,5.0,Returned
ORD102974,2024-01-10,CUST1146,Wireless Headphones,Electronics,West,Debit Card,Standard,3,45662.27,0.05,130137.47,43325.81,3.9,Delivered
ORD101651,2024-01-10,CUST1372,Smart Watch,Electronics,Central,UPI,Express,1,45049.78,0.0,45049.78,8951.31,3.8,Returned
ORD101365,2024-01-10,CUST1352,Power Bank,Electronics,Central,Net Banking,Standard,1,8020.42,0.2,6416.34,1838.35,4.8,Delivered
ORD101623,2024-01-10,CUST1407,Denim Jacket,Fashion,West,Debit Card,Same Day,1,538.2,0.05,511.29,100.02,5.0,Delivered
ORD100232,2024-01-11,CUST1242,T-Shirt,Fashion,North,UPI,Standard,1,7092.68,0.0,7092.68,2554.37,4.1,Returned
ORD102089,2024-01-11,CUST1508,Backpack,Fashion,East,UPI,Standard,1,4261.98,0.2,3409.59,402.44,3.8,Delivered
ORD101593,2024-01-11,CUST1582,Coffee Maker,Home & Kitchen,East,Net Banking,Express,2,12978.07,0.05,24658.32,3813.64,4.5,Delivered
ORD102170,2024-01-12,CUST1212,T-Shirt,Fashion,North,Credit Card,Same Day,1,1503.5,0.1,1353.15,435.39,4.2,Delivered
ORD101528,2024-01-12,CUST1422,T-Shirt,Fashion,West,Net Banking,Standard,1,514.08,0.0,514.08,89.45,3.1,Delivered
ORD100539,2024-01-12,CUST1225,Makeup Set,Beauty,South,Net Banking,Standard,1,3921.77,0.0,3921.77,1531.08,3.4,Delivered
ORD100299,2024-01-12,CUST1033,Cookware Set,Home & Kitchen,West,UPI,Standard,1,13829.03,0.0,13829.03,4435.01,3.3,Delivered
ORD100169,2024-01-13,CUST1131,Running Shoes,Fashion,North,Debit Card,Standard,1,6115.1,0.0,6115.1,2616.96,3.9,Delivered
ORD103308,2024-01-13,CUST1030,Air Fryer,Home & Kitchen,West,Net Banking,Standard,3,1245.13,0.15,3175.08,911.91,4.2,Delivered
ORD101166,2024-01-13,CUST1185,Perfume,Beauty,West,Net Banking,Same Day,2,2260.2,0.15,3842.33,1043.81,4.0,Delivered
ORD103118,2024-01-13,CUST1193,Laptop Stand,Electronics,East,Debit Card,Standard,1,48332.17,0.0,48332.17,15219.19,4.3,Delivered
ORD102137,2024-01-13,CUST1261,Makeup Set,Beauty,West,Debit Card,Standard,1,6083.32,0.25,4562.49,475.83,3.5,Delivered
ORD100271,2024-01-13,CUST1199,Football,Sports,Central,Credit Card,Express,4,5372.9,0.0,21491.6,5611.32,3.9,Delivered
ORD101782,2024-01-13,CUST1496,Resistance Bands,Sports,Central,Debit Card,Standard,4,9161.14,0.15,31147.86,1853.64,3.9,Returned
ORD100368,2024-01-13,CUST1133,Denim Jacket,Fashion,Central,COD,Standard,1,6290.55,0.0,6290.55,1757.37,4.5,Delivered
ORD101743,2024-01-13,CUST1576,Cookware Set,Home & Kitchen,West,Debit Card,Standard,2,14104.48,0.15,23977.62,769.57,4.1,Cancelled
ORD102711,2024-01-14,CUST1406,Skincare Kit,Beauty,South,UPI,Standard,1,4923.99,0.05,4677.79,1489.49,3.5,Delivered
ORD103441,2024-01-14,CUST1264,Casual Sneakers,Fashion,South,Net Banking,Standard,1,5443.82,0.05,5171.63,680.58,3.4,Delivered
ORD101398,2024-01-14,CUST1455,Cricket Bat,Sports,Central,UPI,Standard,2,11880.83,0.0,23761.65,4492.11,4.1,Delivered
ORD100453,2024-01-14,CUST1279,Skincare Kit,Beauty,West,Net Banking,Express,1,3228.69,0.15,2744.39,744.16,4.7,Delivered
ORD102260,2024-01-14,CUST1075,Wireless Headphones,Electronics,Central,Debit Card,Same Day,3,42651.68,0.1,115159.54,27545.17,4.5,Delivered
ORD101179,2024-01-14,CUST1042,Yoga Mat,Sports,South,Debit Card,Same Day,2,7867.87,0.05,14948.96,3965.39,3.6,Delivered
ORD100820,2024-01-14,CUST1396,Perfume,Beauty,West,UPI,Express,1,6226.72,0.15,5292.71,1073.9,3.5,Delivered
ORD100428,2024-01-14,CUST1398,Laptop Stand,Electronics,East,UPI,Standard,4,35250.93,0.0,141003.74,33181.9,3.6,Delivered
ORD102222,2024-01-15,CUST1411,Laptop Stand,Electronics,South,UPI,Standard,1,18303.16,0.05,17388.01,2225.91,3.8,Delivered
ORD103485,2024-01-15,CUST1514,Backpack,Fashion,West,Debit Card,Express,1,5932.21,0.25,4449.15,-154.14,4.4,Delivered
ORD102328,2024-01-15,CUST1071,Casual Sneakers,Fashion,North,Credit Card,Standard,1,3623.76,0.0,3623.76,1182.97,4.7,Delivered
ORD102468,2024-01-15,CUST1116,T-Shirt,Fashion,East,UPI,Standard,2,6323.51,0.0,12647.01,4688.46,3.6,Delivered
ORD102409,2024-01-15,CUST1311,Laptop Stand,Electronics,West,Credit Card,Standard,3,19292.55,0.2,46302.11,11532.44,4.9,Delivered
ORD102635,2024-01-15,CUST1110,Smart Watch,Electronics,North,UPI,Express,2,13266.86,0.25,19900.3,2208.66,3.5,Delivered
ORD101492,2024-01-16,CUST1595,Hair Dryer,Beauty,South,COD,Express,2,4339.0,0.05,8244.09,1821.83,3.7,Delivered
ORD100829,2024-01-16,CUST1528,Yoga Mat,Sports,North,COD,Same Day,1,4325.42,0.15,3676.61,1029.85,3.5,Delivered
ORD101868,2024-01-17,CUST1400,Face Serum,Beauty,South,UPI,Express,2,6184.53,0.0,12369.05,2423.53,4.3,Returned
ORD103457,2024-01-17,CUST1560,T-Shirt,Fashion,North,COD,Same Day,2,4282.34,0.0,8564.67,1718.87,5.0,Delivered
ORD102558,2024-01-17,CUST1385,Skincare Kit,Beauty,East,Credit Card,Express,1,4771.95,0.15,4056.16,1140.23,3.0,Delivered
ORD100137,2024-01-17,CUST1300,Wireless Headphones,Electronics,South,UPI,Express,4,8970.69,0.05,34088.63,11696.94,2.9,Delivered
ORD101299,2024-01-17,CUST1334,Skincare Kit,Beauty,South,Net Banking,Standard,1,2782.63,0.05,2643.5,448.09,3.5,Delivered
ORD101943,2024-01-17,CUST1485,Perfume,Beauty,West,UPI,Same Day,2,3922.86,0.0,7845.71,3049.53,3.2,Delivered
ORD101589,2024-01-17,CUST1317,Storage Organizer,Home & Kitchen,West,Debit Card,Standard,1,8183.75,0.1,7365.38,2144.29,4.5,Delivered
ORD101535,2024-01-18,CUST1137,Bluetooth Speaker,Electronics,South,Net Banking,Express,1,36356.76,0.0,36356.76,13882.96,3.3,Delivered
ORD102262,2024-01-18,CUST1117,Makeup Set,Beauty,West,Credit Card,Express,1,4114.52,0.2,3291.62,-129.02,4.0,Delivered
ORD102498,2024-01-18,CUST1452,Cricket Bat,Sports,Central,Net Banking,Same Day,1,8214.24,0.0,8214.24,2134.72,4.7,Delivered
ORD100786,2024-01-18,CUST1429,Football,Sports,West,Credit Card,Same Day,1,5670.4,0.15,4819.84,1603.87,4.3,Delivered
ORD100384,2024-01-18,CUST1098,Yoga Mat,Sports,North,Credit Card,Standard,1,4871.72,0.2,3897.37,804.46,3.9,Delivered
ORD102950,2024-01-18,CUST1473,Mixer Grinder,Home & Kitchen,North,COD,Standard,1,14757.66,0.15,12544.01,1086.6,2.8,Delivered
ORD100146,2024-01-19,CUST1386,Coffee Maker,Home & Kitchen,South,UPI,Standard,1,9466.0,0.0,9466.0,2825.8,3.2,Delivered
ORD102865,2024-01-20,CUST1295,Storage Organizer,Home & Kitchen,East,Credit Card,Standard,2,14964.01,0.1,26935.22,8446.4,3.4,Cancelled
ORD100662,2024-01-20,CUST1338,Yoga Mat,Sports,West,Debit Card,Standard,2,11870.62,0.2,18992.99,1965.33,3.5,Delivered
ORD100969,2024-01-20,CUST1450,Power Bank,Electronics,North,Net Banking,Standard,1,23654.43,0.15,20106.27,4980.09,4.1,Delivered
ORD102763,2024-01-20,CUST1541,Face Serum,Beauty,South,COD,Express,1,5991.26,0.0,5991.26,2639.4,3.3,Delivered
ORD100843,2024-01-20,CUST1155,Wireless Headphones,Electronics,East,Net Banking,Express,2,33451.29,0.0,66902.58,25560.0,4.5,Delivered
ORD103319,2024-01-20,CUST1061,Football,Sports,South,COD,Standard,1,10589.77,0.05,10060.28,3827.48,3.4,Delivered
ORD102321,2024-01-20,CUST1423,Skincare Kit,Beauty,South,Net Banking,Standard,1,1443.58,0.1,1299.22,144.0,4.0,Delivered
ORD101908,2024-01-20,CUST1336,Power Bank,Electronics,East,Net Banking,Express,1,34905.76,0.15,29669.89,9575.85,3.7,Delivered
ORD101445,2024-01-20,CUST1434,Hair Dryer,Beauty,North,Credit Card,Standard,1,5852.17,0.05,5559.56,1899.39,2.9,Delivered
ORD101682,2024-01-20,CUST1383,Laptop Stand,Electronics,West,UPI,Express,1,12149.07,0.15,10326.71,1907.5,4.7,Delivered
ORD100327,2024-01-21,CUST1330,Mixer Grinder,Home & Kitchen,East,Net Banking,Same Day,2,8198.31,0.05,15576.79,2286.6,4.1,Delivered
ORD100116,2024-01-21,CUST1031,Cookware Set,Home & Kitchen,South,COD,Same Day,1,16573.81,0.1,14916.43,5484.3,4.5,Delivered
ORD101265,2024-01-21,CUST1091,Storage Organizer,Home & Kitchen,Central,Credit Card,Same Day,3,9723.41,0.0,29170.24,6620.79,3.9,Cancelled
ORD100869,2024-01-22,CUST1316,Air Fryer,Home & Kitchen,West,UPI,Express,1,6584.02,0.25,4938.01,1225.82,3.5,Delivered
ORD103239,2024-01-22,CUST1265,Coffee Maker,Home & Kitchen,South,UPI,Same Day,1,5870.49,0.15,4989.92,996.83,4.1,Delivered
ORD102727,2024-01-22,CUST1394,Mixer Grinder,Home & Kitchen,South,COD,Express,1,14399.95,0.0,14399.95,4734.7,3.3,Delivered
ORD102629,2024-01-22,CUST1225,Power Bank,Electronics,West,Debit Card,Express,1,6620.82,0.05,6289.78,1344.73,3.4,Delivered
ORD102202,2024-01-22,CUST1167,Laptop Stand,Electronics,East,COD,Standard,1,35457.33,0.15,30138.73,689.47,4.2,Delivered
ORD101098,2024-01-23,CUST1574,Storage Organizer,Home & Kitchen,East,Net Banking,Express,4,3089.86,0.15,10505.53,242.27,5.0,Returned
ORD101451,2024-01-23,CUST1031,Perfume,Beauty,North,UPI,Standard,1,2946.13,0.2,2356.9,104.29,4.2,Delivered
ORD102037,2024-01-23,CUST1505,T-Shirt,Fashion,East,UPI,Standard,2,2890.98,0.15,4914.66,903.92,3.3,Delivered
ORD102771,2024-01-23,CUST1457,Power Bank,Electronics,West,UPI,Same Day,1,39452.34,0.0,39452.34,7325.62,3.7,Delivered
ORD101018,2024-01-23,CUST1427,Hair Dryer,Beauty,South,Credit Card,Standard,2,4683.81,0.05,8899.24,3317.92,4.3,Delivered
ORD102880,2024-01-23,CUST1175,Hair Dryer,Beauty,South,UPI,Express,1,4450.94,0.0,4450.94,1439.0,4.1,Delivered
ORD100249,2024-01-23,CUST1544,Power Bank,Electronics,West,Debit Card,Standard,2,22864.06,0.0,45728.11,19774.38,4.0,Delivered
ORD101239,2024-01-23,CUST1313,Denim Jacket,Fashion,South,Net Banking,Same Day,1,925.32,0.0,925.32,285.06,3.1,Delivered
ORD100816,2024-01-24,CUST1588,Dumbbells,Sports,East,Net Banking,Express,1,750.77,0.0,750.77,276.65,3.9,Delivered
ORD100901,2024-01-24,CUST1072,Hair Dryer,Beauty,West,UPI,Express,1,3143.33,0.2,2514.66,262.59,3.7,Delivered
ORD102338,2024-01-24,CUST1167,Denim Jacket,Fashion,East,Debit Card,Express,2,4724.42,0.05,8976.39,1660.89,4.1,Delivered
ORD101870,2024-01-24,CUST1471,Power Bank,Electronics,East,Net Banking,Standard,4,33694.98,0.1,121301.91,22371.97,4.3,Delivered
ORD100561,2024-01-24,CUST1014,Makeup Set,Beauty,South,Debit Card,Express,3,349.64,0.25,786.7,6.93,3.7,Delivered
ORD100055,2024-01-24,CUST1269,Makeup Set,Beauty,South,Net Banking,Standard,1,700.88,0.2,560.71,151.84,4.7,Returned
ORD102521,2024-01-25,CUST1176,Yoga Mat,Sports,West,Debit Card,Express,2,10329.86,0.2,16527.78,315.67,4.5,Returned
ORD102370,2024-01-25,CUST1473,T-Shirt,Fashion,Central,UPI,Express,1,3748.53,0.0,3748.53,935.82,4.1,Delivered
ORD103012,2024-01-25,CUST1053,Wireless Headphones,Electronics,North,Debit Card,Standard,4,34692.79,0.2,111016.91,31868.07,4.2,Delivered
ORD101109,2024-01-25,CUST1262,Resistance Bands,Sports,West,UPI,Standard,2,11290.53,0.1,20322.95,6325.2,4.1,Delivered
ORD100351,2024-01-25,CUST1028,Storage Organizer,Home & Kitchen,North,Debit Card,Same Day,2,11673.18,0.1,21011.73,5217.05,4.1,Delivered
ORD100396,2024-01-25,CUST1320,Cookware Set,Home & Kitchen,South,UPI,Standard,1,17123.65,0.0,17123.65,7096.97,3.8,Delivered
ORD100810,2024-01-25,CUST1312,Running Shoes,Fashion,North,UPI,Standard,2,2782.35,0.25,4173.52,822.57,4.2,Delivered
ORD102779,2024-01-25,CUST1226,Wireless Headphones,Electronics,West,Credit Card,Express,1,46210.47,0.1,41589.42,15890.27,4.3,Delivered
ORD101805,2024-01-25,CUST1489,Casual Sneakers,Fashion,East,Credit Card,Standard,1,3080.59,0.1,2772.53,825.09,3.5,Delivered
ORD103362,2024-01-26,CUST1108,Laptop Stand,Electronics,North,Credit Card,Standard,2,7394.09,0.1,13309.36,4549.91,4.1,Delivered
ORD101780,2024-01-26,CUST1428,Football,Sports,East,Net Banking,Standard,1,5765.98,0.2,4612.78,257.01,5.0,Delivered
ORD101525,2024-01-26,CUST1072,Denim Jacket,Fashion,Central,Debit Card,Standard,2,4773.06,0.1,8591.5,1540.8,4.6,Delivered
ORD101462,2024-01-26,CUST1592,Running Shoes,Fashion,West,UPI,Same Day,1,7014.81,0.2,5611.85,166.81,4.1,Delivered
ORD102883,2024-01-27,CUST1017,Skincare Kit,Beauty,South,Debit Card,Standard,1,6012.7,0.2,4810.16,1127.58,4.3,Returned
ORD101269,2024-01-27,CUST1029,Skincare Kit,Beauty,South,Net Banking,Express,1,6130.99,0.05,5824.44,875.08,3.4,Delivered
ORD101285,2024-01-27,CUST1216,Cricket Bat,Sports,North,Net Banking,Standard,1,2303.17,0.1,2072.86,327.81,3.7,Delivered
ORD100573,2024-01-27,CUST1566,Smart Watch,Electronics,South,Net Banking,Express,1,22054.69,0.1,19849.22,2039.04,4.3,Delivered
ORD101517,2024-01-27,CUST1320,T-Shirt,Fashion,North,Debit Card,Standard,1,2982.52,0.05,2833.39,1179.22,3.0,Delivered
ORD101463,2024-01-28,CUST1141,Power Bank,Electronics,Central,COD,Standard,3,11281.55,0.0,33844.65,13871.78,3.2,Delivered
ORD103463,2024-01-28,CUST1424,Air Fryer,Home & Kitchen,West,COD,Express,1,2467.81,0.05,2344.42,834.81,5.0,Delivered
ORD101641,2024-01-28,CUST1010,Backpack,Fashion,Central,UPI,Same Day,1,8510.45,0.0,8510.45,2650.56,4.7,Delivered
ORD102504,2024-01-28,CUST1281,Wireless Headphones,Electronics,East,Net Banking,Same Day,4,33358.45,0.0,133433.81,46519.25,4.3,Delivered
ORD100698,2024-01-28,CUST1572,Smart Watch,Electronics,North,Debit Card,Standard,2,46303.85,0.0,92607.7,38898.24,4.6,Delivered
ORD103337,2024-01-28,CUST1035,Running Shoes,Fashion,Central,UPI,Standard,2,5125.43,0.15,8713.23,2926.68,4.0,Delivered
ORD102971,2024-01-28,CUST1080,Running Shoes,Fashion,North,UPI,Express,1,8728.91,0.0,8728.91,2228.23,4.3,Delivered
ORD102411,2024-01-28,CUST1202,Wireless Headphones,Electronics,South,Debit Card,Standard,1,24407.26,0.25,18305.45,2549.44,4.3,Delivered
ORD101975,2024-01-28,CUST1318,Power Bank,Electronics,North,COD,Same Day,2,47486.56,0.1,85475.81,30533.54,3.7,Delivered
ORD100847,2024-01-29,CUST1092,Yoga Mat,Sports,South,UPI,Standard,1,8955.1,0.25,6716.33,-670.07,4.1,Delivered
ORD101652,2024-01-29,CUST1157,Denim Jacket,Fashion,Central,Credit Card,Express,2,1532.19,0.05,2911.16,362.93,4.7,Delivered
ORD102277,2024-01-29,CUST1065,Running Shoes,Fashion,North,COD,Same Day,2,2930.35,0.0,5860.69,2058.65,4.6,Delivered
ORD102313,2024-01-29,CUST1581,Skincare Kit,Beauty,East,UPI,Express,2,890.98,0.0,1781.96,463.81,2.9,Delivered
ORD102617,2024-01-29,CUST1130,Bluetooth Speaker,Electronics,North,Credit Card,Standard,3,4614.41,0.2,11074.59,2533.67,4.5,Delivered
ORD101452,2024-01-29,CUST1470,Smart Watch,Electronics,North,Credit Card,Standard,1,50936.2,0.15,43295.77,5785.91,4.1,Delivered
ORD100583,2024-01-29,CUST1473,Cookware Set,Home & Kitchen,West,COD,Standard,1,12522.46,0.15,10644.09,2232.48,4.7,Delivered
ORD100886,2024-01-30,CUST1157,Air Fryer,Home & Kitchen,South,Debit Card,Standard,3,17144.26,0.1,46289.5,11810.16,4.6,Returned
ORD100897,2024-01-30,CUST1156,Face Serum,Beauty,North,Debit Card,Standard,4,3363.37,0.1,12108.12,4699.36,4.0,Delivered
ORD100545,2024-01-30,CUST1009,Storage Organizer,Home & Kitchen,South,Debit Card,Express,1,2615.99,0.25,1961.99,-1.88,4.1,Delivered
ORD101982,2024-01-30,CUST1182,Mixer Grinder,Home & Kitchen,West,Net Banking,Express,2,17908.44,0.2,28653.5,7326.11,4.4,Delivered
ORD101025,2024-01-31,CUST1276,Casual Sneakers,Fashion,East,Net Banking,Same Day,1,3852.0,0.0,3852.0,1248.9,4.2,Delivered
ORD101020,2024-01-31,CUST1595,Smart Watch,Electronics,North,Net Banking,Standard,1,22593.68,0.0,22593.68,5767.9,3.4,Delivered
ORD100541,2024-01-31,CUST1391,Face Serum,Beauty,South,Credit Card,Standard,1,6509.65,0.05,6184.17,2370.05,3.7,Delivered
ORD103451,2024-01-31,CUST1260,Football,Sports,Central,UPI,Same Day,3,11037.4,0.05,31456.59,7202.18,3.4,Delivered
ORD101266,2024-01-31,CUST1343,Running Shoes,Fashion,Central,UPI,Standard,2,2217.69,0.2,3548.31,723.34,4.0,Delivered
ORD102487,2024-01-31,CUST1330,Mixer Grinder,Home & Kitchen,East,UPI,Standard,2,11874.41,0.15,20186.5,373.84,3.3,Returned
ORD103356,2024-02-01,CUST1416,Smart Watch,Electronics,East,Net Banking,Standard,4,3332.19,0.1,11995.87,2239.8,4.1,Delivered
ORD103183,2024-02-01,CUST1494,Hair Dryer,Beauty,North,UPI,Express,3,5523.56,0.05,15742.14,2206.69,3.6,Delivered
ORD100857,2024-02-01,CUST1155,Coffee Maker,Home & Kitchen,South,COD,Standard,1,4707.81,0.1,4237.03,1160.46,4.9,Returned
ORD101978,2024-02-01,CUST1056,Casual Sneakers,Fashion,West,Credit Card,Express,1,2511.26,0.15,2134.57,697.24,4.2,Delivered
ORD102656,2024-02-01,CUST1053,Mixer Grinder,Home & Kitchen,East,COD,Express,2,2675.75,0.15,4548.77,308.02,3.1,Delivered
ORD101135,2024-02-01,CUST1459,Bluetooth Speaker,Electronics,South,Debit Card,Standard,1,43667.31,0.2,34933.84,7433.0,4.2,Delivered
ORD101800,2024-02-01,CUST1041,Backpack,Fashion,North,COD,Standard,1,6586.93,0.1,5928.24,1480.67,3.7,Delivered
ORD100149,2024-02-01,CUST1443,Dumbbells,Sports,West,COD,Express,1,9679.27,0.25,7259.45,443.14,4.0,Delivered
ORD103188,2024-02-02,CUST1420,Running Shoes,Fashion,South,UPI,Same Day,4,5747.96,0.2,18393.46,1755.61,4.2,Delivered
ORD101614,2024-02-02,CUST1143,Wireless Headphones,Electronics,North,COD,Standard,2,6504.32,0.0,13008.64,2788.91,4.9,Delivered
ORD102787,2024-02-02,CUST1039,Yoga Mat,Sports,South,Net Banking,Standard,4,9673.09,0.1,34823.11,3918.11,4.4,Delivered
ORD101350,2024-02-02,CUST1558,Bluetooth Speaker,Electronics,Central,UPI,Express,1,17136.14,0.0,17136.14,5909.38,4.6,Delivered
ORD103112,2024-02-02,CUST1554,Casual Sneakers,Fashion,South,UPI,Express,3,2900.95,0.0,8702.85,1586.38,4.0,Delivered
ORD102459,2024-02-02,CUST1526,Storage Organizer,Home & Kitchen,Central,Credit Card,Express,3,15688.56,0.2,37652.54,8502.57,4.7,Delivered
ORD101888,2024-02-03,CUST1298,Mixer Grinder,Home & Kitchen,West,Debit Card,Standard,3,5812.27,0.1,15693.12,2262.02,3.0,Delivered
ORD101410,2024-02-03,CUST1569,Power Bank,Electronics,West,Debit Card,Express,1,5532.54,0.15,4702.66,1623.33,3.7,Delivered
ORD102001,2024-02-03,CUST1136,Running Shoes,Fashion,South,Debit Card,Standard,1,1025.79,0.1,923.21,233.78,4.2,Delivered
ORD102981,2024-02-03,CUST1539,Coffee Maker,Home & Kitchen,North,COD,Same Day,2,6185.53,0.15,10515.39,1123.67,4.1,Delivered
ORD100618,2024-02-03,CUST1125,Storage Organizer,Home & Kitchen,West,Net Banking,Standard,2,6961.43,0.05,13226.72,2067.49,4.1,Delivered
ORD102372,2024-02-03,CUST1443,Power Bank,Electronics,West,COD,Same Day,1,43379.64,0.1,39041.68,9893.57,2.6,Delivered
ORD101469,2024-02-03,CUST1490,Casual Sneakers,Fashion,South,Net Banking,Standard,1,1839.02,0.25,1379.26,239.76,5.0,Delivered
ORD100035,2024-02-04,CUST1045,Makeup Set,Beauty,West,Net Banking,Standard,1,5396.64,0.0,5396.64,2183.7,3.8,Delivered
ORD102524,2024-02-04,CUST1294,Makeup Set,Beauty,North,Debit Card,Express,4,6024.95,0.2,19279.85,5070.9,3.2,Delivered
ORD102887,2024-02-04,CUST1420,Smart Watch,Electronics,West,UPI,Standard,1,2852.56,0.05,2709.94,1117.01,4.3,Delivered
ORD102803,2024-02-04,CUST1360,Wireless Headphones,Electronics,West,Debit Card,Express,1,52562.14,0.05,49934.03,13728.95,2.9,Delivered
ORD101455,2024-02-05,CUST1116,Bluetooth Speaker,Electronics,North,Net Banking,Express,3,43270.78,0.25,97359.25,15871.59,4.3,Delivered
ORD102330,2024-02-05,CUST1199,Casual Sneakers,Fashion,West,Net Banking,Express,1,5989.83,0.1,5390.85,1545.52,3.1,Delivered
ORD100278,2024-02-05,CUST1592,Makeup Set,Beauty,West,COD,Express,1,751.6,0.1,676.44,53.73,3.0,Delivered
ORD102128,2024-02-05,CUST1267,Smart Watch,Electronics,South,Debit Card,Same Day,1,19013.47,0.0,19013.47,5912.34,4.9,Delivered
ORD101361,2024-02-06,CUST1497,Football,Sports,Central,UPI,Standard,3,2111.03,0.15,5383.13,536.33,3.6,Delivered
ORD102710,2024-02-06,CUST1036,Laptop Stand,Electronics,West,Debit Card,Standard,2,50405.14,0.05,95769.77,37755.84,4.2,Delivered
ORD102963,2024-02-06,CUST1068,Storage Organizer,Home & Kitchen,Central,UPI,Express,3,7779.21,0.15,19836.98,2768.83,4.2,Delivered
ORD100517,2024-02-06,CUST1092,Cookware Set,Home & Kitchen,West,COD,Standard,2,7492.71,0.0,14985.42,3244.14,3.4,Delivered
ORD101034,2024-02-06,CUST1018,Casual Sneakers,Fashion,North,COD,Same Day,1,3225.71,0.05,3064.43,722.38,3.3,Delivered
ORD102439,2024-02-06,CUST1110,Skincare Kit,Beauty,North,COD,Same Day,2,2879.57,0.15,4895.27,149.9,4.1,Cancelled
ORD102311,2024-02-06,CUST1390,Wireless Headphones,Electronics,East,Debit Card,Same Day,2,53243.23,0.1,95837.82,13703.7,4.8,Delivered
ORD102794,2024-02-07,CUST1041,Wireless Headphones,Electronics,North,Net Banking,Express,1,4794.86,0.1,4315.37,1296.25,5.0,Delivered
ORD100386,2024-02-07,CUST1050,Football,Sports,East,Net Banking,Standard,3,9738.0,0.15,24831.9,7884.36,4.6,Delivered
ORD103154,2024-02-07,CUST1056,Casual Sneakers,Fashion,South,UPI,Express,1,4786.8,0.15,4068.78,882.68,4.3,Returned
ORD102704,2024-02-07,CUST1033,Wireless Headphones,Electronics,South,UPI,Express,1,34471.76,0.2,27577.41,7758.92,3.6,Returned
ORD100044,2024-02-07,CUST1023,Storage Organizer,Home & Kitchen,Central,Credit Card,Express,2,11437.1,0.1,20586.79,6304.17,4.5,Delivered
ORD101768,2024-02-07,CUST1420,Resistance Bands,Sports,East,UPI,Standard,1,7176.61,0.2,5741.29,1557.67,3.6,Returned
ORD103410,2024-02-08,CUST1381,Hair Dryer,Beauty,East,Credit Card,Same Day,2,333.17,0.05,633.02,151.74,3.3,Delivered
ORD100898,2024-02-08,CUST1042,Bluetooth Speaker,Electronics,Central,UPI,Standard,4,49804.07,0.05,189255.46,62193.03,4.3,Delivered
ORD103069,2024-02-08,CUST1115,Resistance Bands,Sports,North,UPI,Standard,2,11318.7,0.0,22637.4,7070.77,4.6,Delivered
ORD102590,2024-02-08,CUST1127,Bluetooth Speaker,Electronics,West,COD,Standard,2,41823.03,0.15,71099.15,1860.84,3.9,Delivered
ORD102231,2024-02-08,CUST1075,Cricket Bat,Sports,West,Credit Card,Express,2,3018.49,0.15,5131.43,823.93,3.3,Delivered
ORD101833,2024-02-09,CUST1538,Laptop Stand,Electronics,East,Net Banking,Standard,1,23166.33,0.25,17374.75,2400.84,4.6,Returned
ORD101021,2024-02-09,CUST1419,Air Fryer,Home & Kitchen,South,Debit Card,Express,1,2069.98,0.15,1759.48,120.82,3.9,Delivered
ORD101952,2024-02-09,CUST1506,Perfume,Beauty,South,Net Banking,Same Day,3,5181.83,0.0,15545.5,6874.61,4.4,Delivered
ORD103276,2024-02-09,CUST1314,Air Fryer,Home & Kitchen,West,Credit Card,Standard,4,10298.05,0.25,30894.14,1114.4,4.7,Delivered
ORD102024,2024-02-09,CUST1368,Air Fryer,Home & Kitchen,West,COD,Standard,1,14580.54,0.0,14580.54,6080.53,3.1,Delivered
ORD103334,2024-02-09,CUST1039,Coffee Maker,Home & Kitchen,North,COD,Express,2,1897.6,0.05,3605.44,745.32,3.0,Delivered
ORD100658,2024-02-09,CUST1120,Mixer Grinder,Home & Kitchen,North,COD,Standard,2,17508.68,0.0,35017.36,6312.76,4.0,Delivered
ORD101214,2024-02-10,CUST1017,Denim Jacket,Fashion,South,UPI,Express,1,5523.43,0.1,4971.08,1778.59,3.3,Delivered
ORD101910,2024-02-10,CUST1014,Storage Organizer,Home & Kitchen,South,UPI,Standard,1,14557.88,0.05,13829.99,5005.23,5.0,Delivered
ORD101252,2024-02-10,CUST1484,Cookware Set,Home & Kitchen,West,Credit Card,Express,2,16598.52,0.1,29877.33,5595.22,4.4,Delivered
ORD100068,2024-02-11,CUST1454,Face Serum,Beauty,East,UPI,Standard,1,1195.91,0.0,1195.91,318.78,4.2,Delivered
ORD102668,2024-02-11,CUST1492,Coffee Maker,Home & Kitchen,Central,Debit Card,Express,2,10363.14,0.1,18653.65,6728.98,4.1,Delivered
ORD101054,2024-02-11,CUST1426,Storage Organizer,Home & Kitchen,Central,COD,Express,4,15357.91,0.05,58360.05,9703.17,4.1,Delivered
ORD101587,2024-02-12,CUST1150,Storage Organizer,Home & Kitchen,East,Debit Card,Standard,1,10022.7,0.0,10022.7,3690.72,3.8,Delivered
ORD101026,2024-02-12,CUST1012,Face Serum,Beauty,South,Net Banking,Standard,1,1199.3,0.2,959.44,-9.78,3.4,Delivered
ORD102855,2024-02-12,CUST1219,Backpack,Fashion,North,Net Banking,Express,1,1180.16,0.1,1062.15,150.39,4.7,Delivered
ORD102478,2024-02-12,CUST1124,Smart Watch,Electronics,South,Credit Card,Same Day,1,39399.77,0.1,35459.79,4845.85,3.1,Delivered
ORD100216,2024-02-13,CUST1210,Face Serum,Beauty,West,Net Banking,Standard,1,3581.47,0.15,3044.25,149.28,5.0,Delivered
ORD101570,2024-02-13,CUST1546,Air Fryer,Home & Kitchen,West,Net Banking,Same Day,1,9153.39,0.2,7322.71,1037.18,3.6,Delivered
ORD100126,2024-02-13,CUST1463,Resistance Bands,Sports,South,Net Banking,Standard,2,5245.26,0.1,9441.47,1354.89,3.3,Delivered
ORD101095,2024-02-13,CUST1026,Resistance Bands,Sports,Central,Debit Card,Express,2,1318.37,0.0,2636.74,1063.61,4.9,Cancelled
ORD101850,2024-02-14,CUST1136,Dumbbells,Sports,South,UPI,Standard,1,3128.09,0.0,3128.09,1253.27,4.2,Delivered
ORD103133,2024-02-14,CUST1443,Backpack,Fashion,Central,Credit Card,Express,1,8216.84,0.25,6162.63,-274.14,4.9,Delivered
ORD102751,2024-02-14,CUST1116,Power Bank,Electronics,Central,UPI,Standard,1,50793.36,0.15,43174.36,7900.79,4.2,Delivered
ORD100438,2024-02-14,CUST1434,Running Shoes,Fashion,South,UPI,Standard,1,3761.53,0.15,3197.3,67.54,4.9,Delivered
ORD100279,2024-02-15,CUST1268,Yoga Mat,Sports,West,UPI,Standard,3,4176.12,0.05,11901.95,1390.5,4.7,Delivered
ORD102634,2024-02-15,CUST1391,Coffee Maker,Home & Kitchen,West,UPI,Express,1,13608.85,0.1,12247.97,3051.87,4.8,Delivered
ORD101360,2024-02-15,CUST1036,Denim Jacket,Fashion,North,Credit Card,Same Day,1,6521.64,0.0,6521.64,1677.09,3.6,Delivered
ORD100430,2024-02-16,CUST1426,Denim Jacket,Fashion,Central,Net Banking,Same Day,2,3949.6,0.25,5924.4,1033.71,4.5,Delivered
ORD100677,2024-02-16,CUST1431,Football,Sports,Central,Credit Card,Standard,1,5636.34,0.0,5636.34,2456.28,5.0,Delivered
ORD101121,2024-02-16,CUST1598,Football,Sports,East,Debit Card,Standard,3,9877.11,0.15,25186.64,810.49,3.9,Delivered
ORD101327,2024-02-16,CUST1323,Storage Organizer,Home & Kitchen,East,COD,Same Day,3,7549.92,0.15,19252.3,1261.49,4.8,Delivered
ORD100245,2024-02-16,CUST1592,Face Serum,Beauty,Central,COD,Same Day,2,4553.62,0.15,7741.15,885.99,3.8,Delivered
ORD101255,2024-02-16,CUST1362,Denim Jacket,Fashion,North,UPI,Express,3,5931.76,0.2,14236.24,1048.54,4.4,Delivered
ORD103320,2024-02-16,CUST1474,Casual Sneakers,Fashion,West,Credit Card,Standard,1,4760.59,0.1,4284.53,784.91,3.3,Delivered
ORD102528,2024-02-17,CUST1317,Yoga Mat,Sports,West,Credit Card,Same Day,2,8469.58,0.1,15245.25,1736.51,4.3,Delivered
ORD100880,2024-02-17,CUST1565,Running Shoes,Fashion,South,Credit Card,Express,2,1595.06,0.25,2392.58,300.59,3.8,Delivered
ORD102365,2024-02-17,CUST1338,Coffee Maker,Home & Kitchen,South,COD,Standard,3,9074.24,0.15,23139.31,4899.26,4.3,Delivered
ORD100752,2024-02-17,CUST1589,Power Bank,Electronics,Central,Credit Card,Express,3,30490.86,0.2,73178.07,12809.16,3.6,Delivered
ORD100727,2024-02-17,CUST1368,Power Bank,Electronics,South,UPI,Standard,4,20599.27,0.15,70037.51,16944.26,3.8,Delivered
ORD100195,2024-02-17,CUST1385,Air Fryer,Home & Kitchen,Central,Debit Card,Standard,1,16562.83,0.0,16562.83,6760.83,3.9,Delivered
ORD100006,2024-02-17,CUST1503,Running Shoes,Fashion,West,Net Banking,Express,1,5978.88,0.15,5082.05,605.23,3.9,Delivered
ORD102316,2024-02-17,CUST1245,Storage Organizer,Home & Kitchen,Central,Net Banking,Express,1,5507.63,0.05,5232.25,1938.42,4.2,Delivered
ORD103280,2024-02-17,CUST1528,Coffee Maker,Home & Kitchen,West,Debit Card,Same Day,1,12395.47,0.0,12395.47,2830.9,4.0,Delivered
ORD102864,2024-02-17,CUST1490,Yoga Mat,Sports,North,Debit Card,Standard,5,3766.27,0.05,17889.78,6080.6,3.4,Delivered
ORD101720,2024-02-18,CUST1182,Bluetooth Speaker,Electronics,West,COD,Express,1,13699.71,0.15,11644.75,1451.25,4.9,Delivered
ORD101542,2024-02-18,CUST1240,Cookware Set,Home & Kitchen,South,Net Banking,Standard,2,13095.36,0.2,20952.58,343.19,3.3,Returned
ORD101930,2024-02-18,CUST1577,Cookware Set,Home & Kitchen,West,Credit Card,Standard,1,6426.99,0.1,5784.29,1172.63,4.4,Returned
ORD100000,2024-02-18,CUST1037,Coffee Maker,Home & Kitchen,West,Credit Card,Standard,1,8466.35,0.15,7196.4,889.73,3.8,Delivered
ORD103247,2024-02-18,CUST1098,T-Shirt,Fashion,South,COD,Standard,3,2036.06,0.05,5802.76,1806.08,4.0,Delivered
ORD102911,2024-02-19,CUST1251,Makeup Set,Beauty,West,Net Banking,Standard,4,1017.04,0.0,4068.16,1344.57,3.5,Delivered
ORD100694,2024-02-19,CUST1339,Cookware Set,Home & Kitchen,South,UPI,Standard,1,5686.97,0.15,4833.92,107.62,3.5,Delivered
ORD101632,2024-02-19,CUST1286,Wireless Headphones,Electronics,North,Credit Card,Standard,1,41411.58,0.15,35199.85,4487.01,3.9,Returned
ORD101808,2024-02-19,CUST1041,Power Bank,Electronics,Central,COD,Standard,1,34991.16,0.05,33241.6,11516.76,3.0,Delivered
ORD102853,2024-02-19,CUST1521,Mixer Grinder,Home & Kitchen,North,UPI,Standard,1,1466.57,0.1,1319.92,323.51,4.4,Delivered
ORD102032,2024-02-19,CUST1304,Running Shoes,Fashion,South,Debit Card,Express,1,5209.44,0.05,4948.97,1011.32,4.2,Delivered
ORD100171,2024-02-19,CUST1058,Backpack,Fashion,East,Net Banking,Standard,3,4542.48,0.2,10901.96,1937.3,3.4,Delivered
ORD100358,2024-02-19,CUST1196,Skincare Kit,Beauty,South,Debit Card,Standard,1,858.29,0.1,772.46,149.46,4.0,Delivered
ORD100132,2024-02-19,CUST1023,T-Shirt,Fashion,North,COD,Express,1,1939.78,0.1,1745.81,251.85,3.4,Cancelled
ORD100825,2024-02-19,CUST1236,Backpack,Fashion,North,Net Banking,Same Day,1,6034.63,0.1,5431.17,1046.72,4.5,Delivered
ORD101530,2024-02-19,CUST1191,Smart Watch,Electronics,West,UPI,Standard,2,36884.08,0.1,66391.34,7124.31,3.7,Delivered
ORD100909,2024-02-20,CUST1194,Bluetooth Speaker,Electronics,South,COD,Standard,1,34719.42,0.25,26039.57,6623.78,4.4,Delivered
ORD102339,2024-02-20,CUST1426,Wireless Headphones,Electronics,South,Net Banking,Standard,3,18621.68,0.05,53071.8,12931.31,4.2,Delivered
ORD100032,2024-02-20,CUST1037,T-Shirt,Fashion,North,Net Banking,Same Day,1,1998.41,0.1,1798.57,364.47,3.7,Delivered
ORD102081,2024-02-20,CUST1502,Mixer Grinder,Home & Kitchen,South,COD,Express,1,7590.57,0.1,6831.51,2229.25,3.9,Delivered
ORD102593,2024-02-21,CUST1277,Running Shoes,Fashion,West,Debit Card,Express,1,538.87,0.0,538.87,228.15,5.0,Delivered
ORD100009,2024-02-21,CUST1210,Cookware Set,Home & Kitchen,East,Net Banking,Express,2,2097.09,0.1,3774.77,971.72,4.5,Delivered
ORD102452,2024-02-21,CUST1117,Storage Organizer,Home & Kitchen,West,Net Banking,Express,1,8980.91,0.15,7633.77,1082.22,4.4,Delivered
ORD100950,2024-02-21,CUST1516,Makeup Set,Beauty,West,Debit Card,Express,1,1218.77,0.0,1218.77,306.64,3.7,Delivered
ORD103413,2024-02-21,CUST1563,Perfume,Beauty,East,Debit Card,Express,2,5609.64,0.15,9536.38,2995.86,5.0,Cancelled
ORD100375,2024-02-21,CUST1363,Cookware Set,Home & Kitchen,North,COD,Express,2,2153.09,0.2,3444.95,660.7,3.9,Delivered
ORD100580,2024-02-21,CUST1543,Air Fryer,Home & Kitchen,South,Credit Card,Standard,1,16116.2,0.05,15310.39,2227.79,4.0,Delivered
ORD102815,2024-02-21,CUST1035,Casual Sneakers,Fashion,North,COD,Express,1,3999.74,0.0,3999.74,851.55,3.3,Delivered
ORD100242,2024-02-21,CUST1564,Cricket Bat,Sports,West,Net Banking,Standard,1,2416.05,0.15,2053.64,537.86,4.7,Delivered
ORD100699,2024-02-21,CUST1144,Power Bank,Electronics,East,Debit Card,Express,1,6718.9,0.0,6718.9,2776.19,3.5,Delivered
ORD101689,2024-02-21,CUST1178,T-Shirt,Fashion,Central,Net Banking,Same Day,2,5243.54,0.2,8389.66,248.27,4.0,Delivered
ORD100673,2024-02-22,CUST1214,Coffee Maker,Home & Kitchen,South,UPI,Standard,1,16496.95,0.25,12372.71,-804.29,4.2,Delivered
ORD102265,2024-02-22,CUST1330,Mixer Grinder,Home & Kitchen,West,UPI,Express,1,16163.28,0.15,13738.79,4310.09,4.3,Delivered
ORD100790,2024-02-22,CUST1041,Power Bank,Electronics,West,Net Banking,Same Day,1,27304.21,0.1,24573.79,3123.66,4.8,Delivered
ORD102305,2024-02-22,CUST1090,Skincare Kit,Beauty,East,Debit Card,Express,2,5012.7,0.0,10025.39,4450.3,3.4,Delivered
ORD100976,2024-02-22,CUST1564,Running Shoes,Fashion,Central,UPI,Express,1,8441.58,0.05,8019.51,1256.18,3.9,Returned
ORD102741,2024-02-22,CUST1098,Smart Watch,Electronics,South,Credit Card,Standard,3,10050.37,0.0,30151.11,12762.8,3.5,Delivered
ORD100217,2024-02-22,CUST1151,Perfume,Beauty,West,COD,Standard,2,4070.63,0.1,7327.13,1966.36,4.9,Delivered
ORD103283,2024-02-23,CUST1420,Smart Watch,Electronics,Central,Net Banking,Same Day,1,26474.14,0.1,23826.72,6832.28,5.0,Delivered
ORD103418,2024-02-23,CUST1048,Cookware Set,Home & Kitchen,North,UPI,Standard,2,3775.39,0.1,6795.7,1264.46,3.8,Delivered
ORD101841,2024-02-23,CUST1369,Power Bank,Electronics,North,Net Banking,Express,3,29234.76,0.2,70163.42,5842.63,4.2,Delivered
ORD100086,2024-02-23,CUST1272,Air Fryer,Home & Kitchen,West,COD,Standard,1,15480.9,0.05,14706.85,4977.75,3.1,Delivered
ORD103034,2024-02-24,CUST1588,Coffee Maker,Home & Kitchen,Central,Credit Card,Standard,1,8332.97,0.1,7499.68,1193.46,3.0,Delivered
ORD102471,2024-02-24,CUST1145,Bluetooth Speaker,Electronics,North,COD,Standard,1,46311.68,0.15,39364.93,1311.3,4.6,Delivered
ORD102320,2024-02-24,CUST1368,Denim Jacket,Fashion,West,COD,Same Day,1,8349.28,0.0,8349.28,2519.74,5.0,Delivered
ORD102956,2024-02-24,CUST1178,T-Shirt,Fashion,West,Net Banking,Express,1,8237.99,0.05,7826.09,1603.92,4.2,Delivered
ORD101879,2024-02-24,CUST1307,Perfume,Beauty,East,COD,Standard,1,5528.44,0.25,4146.33,1012.08,3.7,Delivered
ORD100890,2024-02-24,CUST1109,Laptop Stand,Electronics,East,UPI,Express,1,6495.8,0.15,5521.43,753.93,3.8,Delivered
ORD103342,2024-02-24,CUST1300,Hair Dryer,Beauty,North,Net Banking,Standard,3,1849.47,0.1,4993.57,1391.01,4.6,Delivered
ORD101787,2024-02-24,CUST1518,Backpack,Fashion,West,Debit Card,Standard,1,4501.05,0.05,4276.0,841.83,4.0,Delivered
ORD102501,2024-02-24,CUST1498,Bluetooth Speaker,Electronics,West,COD,Standard,2,54774.39,0.05,104071.34,37280.76,3.9,Delivered
ORD101737,2024-02-24,CUST1494,Laptop Stand,Electronics,South,Net Banking,Same Day,1,13959.99,0.1,12563.99,4290.71,4.6,Delivered
ORD100587,2024-02-24,CUST1558,Denim Jacket,Fashion,Central,COD,Standard,1,8012.57,0.25,6009.43,1045.34,4.0,Delivered
ORD100579,2024-02-25,CUST1459,Air Fryer,Home & Kitchen,South,Credit Card,Standard,1,17796.04,0.1,16016.43,3739.32,3.9,Delivered
ORD101288,2024-02-25,CUST1184,Wireless Headphones,Electronics,South,Net Banking,Standard,1,53970.65,0.15,45875.05,12415.36,4.8,Delivered
ORD102681,2024-02-25,CUST1525,Running Shoes,Fashion,North,COD,Standard,1,6848.07,0.1,6163.26,1849.4,3.5,Delivered
ORD101435,2024-02-25,CUST1357,Power Bank,Electronics,West,UPI,Standard,1,37884.26,0.05,35990.05,4216.1,4.7,Delivered
ORD100257,2024-02-26,CUST1329,Mixer Grinder,Home & Kitchen,Central,COD,Standard,5,16015.69,0.0,80078.45,31999.16,4.1,Delivered
ORD101449,2024-02-26,CUST1221,T-Shirt,Fashion,West,Credit Card,Standard,2,7172.78,0.0,14345.55,3199.55,4.0,Delivered
ORD102555,2024-02-26,CUST1516,Smart Watch,Electronics,North,UPI,Express,4,3222.09,0.0,12888.37,3493.04,3.4,Delivered
ORD102622,2024-02-26,CUST1482,Backpack,Fashion,Central,COD,Same Day,1,8663.46,0.15,7363.94,1360.95,4.4,Delivered
ORD102514,2024-02-26,CUST1321,Laptop Stand,Electronics,North,UPI,Standard,1,2360.93,0.15,2006.79,295.54,4.3,Delivered
ORD102422,2024-02-26,CUST1394,Perfume,Beauty,East,COD,Standard,2,5869.92,0.05,11152.86,2096.93,3.9,Delivered
ORD103496,2024-02-26,CUST1205,Hair Dryer,Beauty,South,Debit Card,Standard,1,6399.19,0.0,6399.19,2476.61,3.9,Delivered
ORD101358,2024-02-26,CUST1158,Wireless Headphones,Electronics,Central,COD,Standard,2,14113.52,0.05,26815.69,5316.99,3.7,Delivered
ORD102176,2024-02-27,CUST1314,Laptop Stand,Electronics,East,COD,Standard,1,34170.9,0.0,34170.9,7146.04,4.6,Delivered
ORD100459,2024-02-27,CUST1130,Storage Organizer,Home & Kitchen,West,COD,Standard,1,11155.05,0.0,11155.05,4226.47,4.3,Delivered
ORD101729,2024-02-27,CUST1163,Smart Watch,Electronics,South,Net Banking,Same Day,2,6812.79,0.2,10900.46,2166.49,4.1,Cancelled
ORD102474,2024-02-27,CUST1579,Resistance Bands,Sports,South,Credit Card,Standard,1,2396.41,0.0,2396.41,532.24,3.3,Delivered
ORD103352,2024-02-27,CUST1407,Face Serum,Beauty,East,Debit Card,Express,2,4870.89,0.1,8767.61,2558.37,3.8,Delivered
ORD100515,2024-02-27,CUST1085,Denim Jacket,Fashion,East,Debit Card,Standard,1,5547.96,0.1,4993.17,912.7,3.8,Delivered
ORD102614,2024-02-27,CUST1119,Cookware Set,Home & Kitchen,North,Credit Card,Standard,3,12492.45,0.15,31855.75,8377.77,4.4,Delivered
ORD101165,2024-02-27,CUST1497,Storage Organizer,Home & Kitchen,West,Credit Card,Standard,1,9262.94,0.1,8336.64,2791.14,4.1,Returned
ORD101826,2024-02-27,CUST1340,Backpack,Fashion,West,Credit Card,Standard,2,8250.6,0.0,16501.21,5831.44,3.6,Delivered
ORD102264,2024-02-27,CUST1189,Mixer Grinder,Home & Kitchen,North,UPI,Express,1,7932.07,0.0,7932.07,2358.76,3.4,Returned
ORD101226,2024-02-28,CUST1059,Hair Dryer,Beauty,West,Net Banking,Standard,1,5019.06,0.05,4768.1,1515.51,3.5,Returned
ORD100582,2024-02-28,CUST1462,Skincare Kit,Beauty,North,UPI,Standard,5,6735.75,0.1,30310.89,9918.07,4.1,Returned
ORD100321,2024-02-28,CUST1007,Casual Sneakers,Fashion,North,Credit Card,Same Day,1,2089.76,0.05,1985.27,658.57,4.3,Delivered
ORD102945,2024-02-28,CUST1456,Smart Watch,Electronics,North,COD,Express,1,23371.04,0.2,18696.83,5587.7,2.7,Delivered
ORD100170,2024-02-28,CUST1087,Storage Organizer,Home & Kitchen,East,UPI,Standard,1,10799.14,0.15,9179.27,2044.75,3.3,Delivered
ORD102503,2024-02-28,CUST1357,Wireless Headphones,Electronics,North,Credit Card,Same Day,1,14376.67,0.05,13657.83,4699.5,4.5,Delivered
ORD101854,2024-02-28,CUST1471,Resistance Bands,Sports,East,COD,Same Day,1,11954.25,0.05,11356.54,4076.65,3.5,Delivered
ORD100817,2024-02-28,CUST1249,Makeup Set,Beauty,West,COD,Express,3,6804.26,0.0,20412.77,5161.05,4.0,Cancelled
ORD103490,2024-02-29,CUST1343,Bluetooth Speaker,Electronics,South,UPI,Express,2,12839.78,0.1,23111.61,3980.85,4.0,Returned
ORD103076,2024-02-29,CUST1023,Coffee Maker,Home & Kitchen,East,Net Banking,Standard,2,5806.76,0.05,11032.84,2894.38,4.2,Delivered
ORD101271,2024-02-29,CUST1458,Coffee Maker,Home & Kitchen,North,COD,Express,1,8068.06,0.15,6857.85,237.71,3.5,Delivered
ORD100309,2024-02-29,CUST1364,Makeup Set,Beauty,South,UPI,Standard,1,5542.8,0.0,5542.8,1154.91,4.1,Delivered
ORD103149,2024-02-29,CUST1363,Coffee Maker,Home & Kitchen,West,Debit Card,Standard,2,902.27,0.1,1624.09,407.48,3.5,Delivered
ORD100479,2024-02-29,CUST1091,T-Shirt,Fashion,Central,UPI,Express,1,1296.64,0.15,1102.14,117.14,5.0,Delivered
ORD101866,2024-03-01,CUST1052,Mixer Grinder,Home & Kitchen,North,Credit Card,Same Day,2,4789.48,0.05,9100.02,2649.36,4.1,Delivered
ORD101815,2024-03-01,CUST1340,Coffee Maker,Home & Kitchen,South,UPI,Express,1,3189.0,0.15,2710.65,189.72,4.7,Cancelled
ORD101537,2024-03-01,CUST1330,Bluetooth Speaker,Electronics,Central,Credit Card,Standard,1,6654.78,0.05,6322.05,2540.58,3.5,Delivered
ORD103033,2024-03-01,CUST1114,Wireless Headphones,Electronics,North,COD,Express,1,18553.93,0.0,18553.93,3132.65,4.2,Delivered
ORD100807,2024-03-01,CUST1480,Cookware Set,Home & Kitchen,South,Debit Card,Express,1,5261.97,0.15,4472.68,430.05,3.5,Delivered
ORD101488,2024-03-01,CUST1560,Cricket Bat,Sports,West,COD,Same Day,2,6323.08,0.05,12013.84,3494.22,2.6,Delivered
ORD101578,2024-03-02,CUST1485,Coffee Maker,Home & Kitchen,West,Credit Card,Standard,1,1774.98,0.05,1686.23,700.21,4.0,Delivered
ORD102243,2024-03-02,CUST1275,Football,Sports,South,UPI,Same Day,2,2878.48,0.1,5181.27,707.58,3.5,Delivered
ORD101483,2024-03-02,CUST1242,Wireless Headphones,Electronics,East,Credit Card,Express,3,1201.04,0.1,3242.79,374.39,3.5,Delivered
ORD101465,2024-03-02,CUST1064,Bluetooth Speaker,Electronics,East,Credit Card,Standard,2,53406.95,0.2,85451.12,14152.29,2.4,Delivered
ORD102910,2024-03-02,CUST1509,Laptop Stand,Electronics,North,Net Banking,Standard,5,1954.33,0.05,9283.08,2450.95,4.0,Delivered
ORD103026,2024-03-03,CUST1009,Air Fryer,Home & Kitchen,Central,Debit Card,Standard,1,15286.24,0.1,13757.61,1412.57,4.8,Delivered
ORD100872,2024-03-03,CUST1137,T-Shirt,Fashion,South,COD,Standard,1,8694.26,0.0,8694.26,1743.38,4.4,Delivered
ORD100119,2024-03-03,CUST1053,Yoga Mat,Sports,West,COD,Standard,2,2849.55,0.05,5414.15,1190.82,3.7,Delivered
ORD101215,2024-03-03,CUST1301,Smart Watch,Electronics,North,Debit Card,Standard,2,49169.79,0.0,98339.58,21150.44,4.0,Delivered
ORD101320,2024-03-03,CUST1324,Face Serum,Beauty,North,Net Banking,Standard,3,2141.57,0.15,5461.01,333.86,4.6,Delivered
ORD102722,2024-03-03,CUST1409,Denim Jacket,Fashion,East,COD,Standard,1,3722.58,0.1,3350.32,942.48,3.6,Delivered
ORD100500,2024-03-03,CUST1191,Perfume,Beauty,East,Credit Card,Same Day,1,1216.01,0.25,912.01,194.84,2.6,Delivered
ORD102852,2024-03-03,CUST1077,Skincare Kit,Beauty,South,Net Banking,Express,1,2621.24,0.0,2621.24,510.94,3.4,Returned
ORD102214,2024-03-04,CUST1575,Laptop Stand,Electronics,North,Credit Card,Express,1,7891.71,0.1,7102.54,936.59,4.3,Delivered
ORD100537,2024-03-04,CUST1369,Perfume,Beauty,Central,COD,Express,1,4509.52,0.2,3607.61,-172.98,4.6,Delivered
ORD102213,2024-03-04,CUST1397,Denim Jacket,Fashion,North,Net Banking,Standard,1,2478.35,0.15,2106.6,351.63,4.3,Delivered
ORD102505,2024-03-04,CUST1147,Running Shoes,Fashion,West,Net Banking,Express,2,3970.67,0.0,7941.34,3416.73,4.1,Delivered
ORD101019,2024-03-04,CUST1258,Power Bank,Electronics,West,COD,Express,1,18044.51,0.0,18044.51,6492.06,3.5,Delivered
ORD100364,2024-03-04,CUST1379,Cricket Bat,Sports,North,Debit Card,Standard,2,11003.38,0.05,20906.42,3160.42,3.3,Delivered
ORD102785,2024-03-05,CUST1598,T-Shirt,Fashion,West,Debit Card,Standard,2,3272.96,0.1,5891.33,531.63,4.4,Delivered
ORD102680,2024-03-05,CUST1235,Wireless Headphones,Electronics,East,Net Banking,Standard,4,8701.41,0.0,34805.63,15050.49,3.8,Cancelled
ORD100725,2024-03-05,CUST1107,Football,Sports,South,UPI,Standard,1,9642.57,0.25,7231.93,340.28,3.6,Delivered
ORD102699,2024-03-05,CUST1102,Resistance Bands,Sports,South,Credit Card,Standard,1,8819.74,0.0,8819.74,2639.32,5.0,Delivered
ORD103369,2024-03-05,CUST1046,Denim Jacket,Fashion,Central,Net Banking,Standard,2,8968.13,0.05,17039.45,6231.53,4.3,Delivered
ORD100777,2024-03-05,CUST1459,Yoga Mat,Sports,Central,UPI,Standard,1,8760.87,0.2,7008.7,1146.21,3.6,Delivered
ORD102268,2024-03-05,CUST1282,Cookware Set,Home & Kitchen,Central,Credit Card,Standard,1,14139.87,0.05,13432.88,2718.11,3.8,Delivered
ORD100197,2024-03-05,CUST1248,Power Bank,Electronics,Central,Credit Card,Express,3,43970.87,0.25,98934.45,-11592.38,4.9,Delivered
ORD103160,2024-03-05,CUST1041,Coffee Maker,Home & Kitchen,North,Debit Card,Same Day,1,6257.78,0.2,5006.22,659.4,3.4,Delivered
ORD103304,2024-03-05,CUST1265,Yoga Mat,Sports,Central,Credit Card,Express,1,2811.8,0.1,2530.62,219.0,3.6,Delivered
ORD101049,2024-03-06,CUST1522,Coffee Maker,Home & Kitchen,West,UPI,Express,4,12838.11,0.1,46217.19,8181.38,4.2,Delivered
ORD101875,2024-03-06,CUST1403,Denim Jacket,Fashion,South,UPI,Same Day,3,4562.39,0.05,13002.8,2742.61,4.7,Delivered
ORD100862,2024-03-06,CUST1299,Running Shoes,Fashion,North,Net Banking,Standard,1,785.04,0.0,785.04,261.08,4.6,Delivered
ORD102363,2024-03-06,CUST1125,Face Serum,Beauty,East,Debit Card,Standard,4,6808.82,0.1,24511.76,4142.03,4.3,Delivered
ORD101945,2024-03-06,CUST1214,Coffee Maker,Home & Kitchen,West,Credit Card,Express,1,10257.51,0.0,10257.51,2266.82,4.4,Delivered
ORD100312,2024-03-06,CUST1405,Casual Sneakers,Fashion,South,COD,Express,3,4491.18,0.25,10105.15,1663.06,3.6,Delivered
ORD100723,2024-03-06,CUST1320,Bluetooth Speaker,Electronics,South,Net Banking,Express,4,49510.02,0.0,198040.1,33907.41,4.3,Delivered
ORD101342,2024-03-06,CUST1059,Mixer Grinder,Home & Kitchen,West,UPI,Express,1,7795.81,0.15,6626.43,1479.29,5.0,Returned
ORD100496,2024-03-06,CUST1016,Smart Watch,Electronics,South,Net Banking,Same Day,2,35517.89,0.05,67483.99,14635.06,3.1,Delivered
ORD100945,2024-03-06,CUST1250,Cookware Set,Home & Kitchen,South,COD,Standard,3,1563.14,0.1,4220.47,1408.89,2.7,Delivered
ORD101156,2024-03-06,CUST1080,Dumbbells,Sports,Central,Credit Card,Standard,1,9967.01,0.0,9967.01,4470.35,4.1,Delivered
ORD103348,2024-03-07,CUST1208,Bluetooth Speaker,Electronics,South,Credit Card,Express,1,9691.39,0.2,7753.11,-128.03,3.0,Delivered
ORD100783,2024-03-07,CUST1261,Smart Watch,Electronics,South,UPI,Standard,2,21649.86,0.0,43299.73,13863.54,3.2,Returned
ORD100417,2024-03-07,CUST1510,Denim Jacket,Fashion,Central,Net Banking,Express,2,3788.89,0.0,7577.77,3082.69,5.0,Delivered
ORD101618,2024-03-07,CUST1524,Laptop Stand,Electronics,North,Credit Card,Standard,1,37218.16,0.15,31635.43,2022.88,4.0,Delivered
ORD102509,2024-03-07,CUST1051,Cricket Bat,Sports,North,Net Banking,Standard,3,1315.38,0.15,3354.23,389.11,3.7,Returned
ORD100782,2024-03-08,CUST1102,Denim Jacket,Fashion,East,Credit Card,Standard,1,8494.68,0.0,8494.68,2181.3,3.1,Delivered
ORD103498,2024-03-08,CUST1250,Yoga Mat,Sports,West,Net Banking,Standard,1,9998.32,0.05,9498.41,3240.36,4.1,Delivered
ORD102922,2024-03-08,CUST1105,Backpack,Fashion,East,UPI,Standard,1,7094.18,0.05,6739.47,805.12,4.0,Delivered
ORD101604,2024-03-08,CUST1066,Hair Dryer,Beauty,West,Debit Card,Standard,1,732.47,0.0,732.47,258.65,3.8,Delivered
ORD101237,2024-03-08,CUST1220,Bluetooth Speaker,Electronics,East,Debit Card,Standard,1,38388.99,0.1,34550.09,4052.23,4.0,Delivered
ORD100435,2024-03-08,CUST1510,Coffee Maker,Home & Kitchen,East,Net Banking,Standard,3,9149.67,0.1,24704.12,5258.13,2.9,Cancelled
ORD100385,2024-03-08,CUST1249,Smart Watch,Electronics,West,Credit Card,Express,1,26988.71,0.0,26988.71,7547.38,3.8,Delivered
ORD102079,2024-03-09,CUST1232,Hair Dryer,Beauty,South,COD,Standard,1,2253.66,0.15,1915.61,565.71,3.7,Delivered
ORD100873,2024-03-09,CUST1491,Bluetooth Speaker,Electronics,North,Net Banking,Same Day,2,24080.8,0.0,48161.6,15265.63,4.7,Delivered
ORD101609,2024-03-09,CUST1172,Makeup Set,Beauty,North,Net Banking,Same Day,1,1674.45,0.0,1674.45,675.16,4.8,Delivered
ORD101927,2024-03-09,CUST1084,Skincare Kit,Beauty,Central,UPI,Express,2,4543.99,0.05,8633.59,1653.5,4.7,Delivered
ORD102818,2024-03-10,CUST1280,Running Shoes,Fashion,South,Credit Card,Standard,1,4907.47,0.15,4171.35,781.42,3.2,Delivered
ORD103063,2024-03-10,CUST1021,Resistance Bands,Sports,North,Net Banking,Express,1,11890.87,0.1,10701.78,4072.13,4.1,Returned
ORD100156,2024-03-10,CUST1309,Smart Watch,Electronics,Central,Credit Card,Standard,1,33043.11,0.2,26434.49,6284.2,3.7,Cancelled
ORD102822,2024-03-10,CUST1073,Yoga Mat,Sports,East,Credit Card,Standard,1,9469.51,0.15,8049.08,823.99,4.2,Cancelled
ORD101629,2024-03-10,CUST1363,Resistance Bands,Sports,Central,Credit Card,Standard,1,8515.33,0.05,8089.57,1331.43,3.7,Delivered
ORD101804,2024-03-10,CUST1141,Smart Watch,Electronics,West,Net Banking,Standard,1,53924.62,0.0,53924.62,18660.67,4.3,Delivered
ORD102908,2024-03-10,CUST1316,Denim Jacket,Fashion,South,UPI,Express,1,6213.73,0.05,5903.04,1739.89,3.6,Delivered
ORD100758,2024-03-10,CUST1363,Football,Sports,South,Credit Card,Express,1,4037.94,0.15,3432.25,499.33,5.0,Delivered
ORD102696,2024-03-10,CUST1372,Skincare Kit,Beauty,East,UPI,Standard,2,3000.35,0.1,5400.63,400.52,4.0,Delivered
ORD102829,2024-03-10,CUST1361,Laptop Stand,Electronics,East,COD,Standard,1,44688.91,0.1,40220.02,3531.68,4.8,Delivered
ORD100220,2024-03-10,CUST1384,Running Shoes,Fashion,North,Debit Card,Express,1,6437.14,0.15,5471.57,829.7,3.4,Delivered
ORD100017,2024-03-11,CUST1542,Laptop Stand,Electronics,North,Credit Card,Standard,3,1641.07,0.1,4430.88,1637.12,5.0,Delivered
ORD103164,2024-03-11,CUST1416,Cookware Set,Home & Kitchen,North,UPI,Standard,2,16629.79,0.05,31596.61,12784.16,4.3,Delivered
ORD100944,2024-03-11,CUST1443,Laptop Stand,Electronics,East,Net Banking,Standard,1,45703.02,0.1,41132.72,8116.06,3.4,Delivered
ORD102549,2024-03-11,CUST1189,Running Shoes,Fashion,North,UPI,Express,1,5804.05,0.05,5513.85,1543.29,3.4,Delivered
ORD102698,2024-03-11,CUST1096,Cookware Set,Home & Kitchen,North,UPI,Express,2,9905.45,0.25,14858.18,1960.5,4.6,Delivered
ORD100704,2024-03-11,CUST1179,Face Serum,Beauty,East,Credit Card,Same Day,1,388.86,0.15,330.53,90.45,3.1,Delivered
ORD102103,2024-03-11,CUST1296,Cricket Bat,Sports,West,COD,Standard,2,6962.35,0.0,13924.71,2731.58,4.5,Delivered
ORD101004,2024-03-11,CUST1011,Laptop Stand,Electronics,West,Net Banking,Express,2,37014.74,0.05,70328.01,10470.33,3.8,Delivered
ORD102005,2024-03-11,CUST1503,Coffee Maker,Home & Kitchen,West,Debit Card,Same Day,4,9691.76,0.2,31013.62,4797.13,4.4,Delivered
ORD103347,2024-03-11,CUST1242,Air Fryer,Home & Kitchen,East,Debit Card,Standard,3,11093.94,0.15,28289.55,2571.33,3.4,Delivered
ORD101775,2024-03-12,CUST1126,Makeup Set,Beauty,North,Net Banking,Standard,1,355.85,0.2,284.68,39.34,3.1,Delivered
ORD103101,2024-03-12,CUST1566,Smart Watch,Electronics,West,Debit Card,Express,1,51368.63,0.15,43663.34,11021.34,5.0,Delivered
ORD102084,2024-03-12,CUST1276,Face Serum,Beauty,North,UPI,Standard,1,2283.4,0.0,2283.4,825.96,3.6,Returned
ORD103286,2024-03-12,CUST1390,Storage Organizer,Home & Kitchen,Central,Credit Card,Standard,1,5058.95,0.1,4553.05,1393.17,4.0,Delivered
ORD100433,2024-03-12,CUST1438,Bluetooth Speaker,Electronics,North,Debit Card,Standard,1,53210.82,0.2,42568.66,-1804.31,4.7,Delivered
ORD100073,2024-03-12,CUST1199,Storage Organizer,Home & Kitchen,East,Net Banking,Standard,3,14418.24,0.05,41091.98,15517.13,4.0,Delivered
ORD103021,2024-03-12,CUST1048,Mixer Grinder,Home & Kitchen,South,COD,Express,1,3332.09,0.05,3165.48,692.03,3.8,Delivered
ORD102430,2024-03-13,CUST1557,Yoga Mat,Sports,East,COD,Same Day,2,11948.33,0.05,22701.83,5466.88,4.7,Delivered
ORD101925,2024-03-13,CUST1150,T-Shirt,Fashion,East,Net Banking,Standard,1,1231.65,0.1,1108.49,227.09,3.6,Delivered
ORD100413,2024-03-13,CUST1331,Mixer Grinder,Home & Kitchen,East,COD,Express,1,17874.69,0.1,16087.23,3354.05,3.2,Delivered
ORD101644,2024-03-13,CUST1385,Cookware Set,Home & Kitchen,South,COD,Standard,1,12559.19,0.0,12559.19,3352.91,3.7,Delivered
ORD100669,2024-03-13,CUST1405,Mixer Grinder,Home & Kitchen,East,UPI,Express,1,14381.77,0.05,13662.68,4065.96,4.3,Delivered
ORD100442,2024-03-13,CUST1557,Smart Watch,Electronics,West,Debit Card,Same Day,1,1777.84,0.05,1688.95,277.52,4.5,Delivered
ORD100603,2024-03-14,CUST1010,Cookware Set,Home & Kitchen,East,UPI,Standard,1,7163.13,0.0,7163.13,2937.61,4.2,Delivered
ORD103268,2024-03-14,CUST1311,Makeup Set,Beauty,West,UPI,Standard,1,876.58,0.0,876.58,339.04,3.7,Cancelled
ORD101357,2024-03-14,CUST1379,Running Shoes,Fashion,North,COD,Same Day,1,8660.91,0.0,8660.91,2470.7,2.9,Returned
ORD101894,2024-03-14,CUST1326,Cookware Set,Home & Kitchen,South,COD,Express,1,7708.89,0.15,6552.56,1369.1,3.5,Delivered
ORD102760,2024-03-14,CUST1075,Yoga Mat,Sports,Central,Debit Card,Standard,2,9556.69,0.15,16246.37,4495.98,4.6,Delivered
ORD102479,2024-03-14,CUST1367,Backpack,Fashion,West,Net Banking,Standard,3,3290.97,0.1,8885.61,1401.38,3.2,Delivered
ORD102206,2024-03-14,CUST1248,Yoga Mat,Sports,West,COD,Standard,1,8705.04,0.05,8269.79,2037.31,5.0,Delivered
ORD100947,2024-03-14,CUST1115,Casual Sneakers,Fashion,South,Debit Card,Express,1,989.12,0.05,939.66,287.73,3.6,Delivered
ORD103307,2024-03-14,CUST1545,Dumbbells,Sports,North,Debit Card,Standard,3,11609.87,0.05,33088.12,12591.0,3.8,Delivered
ORD100822,2024-03-15,CUST1278,Running Shoes,Fashion,South,Debit Card,Express,1,7429.57,0.15,6315.14,132.09,4.3,Delivered
ORD101818,2024-03-15,CUST1458,Coffee Maker,Home & Kitchen,West,Credit Card,Express,2,11087.13,0.0,22174.26,8477.12,3.6,Delivered
ORD101341,2024-03-15,CUST1075,Storage Organizer,Home & Kitchen,East,Credit Card,Express,3,7835.97,0.15,19981.72,906.49,3.2,Delivered
ORD102726,2024-03-15,CUST1358,T-Shirt,Fashion,South,COD,Standard,2,7101.13,0.0,14202.25,5239.22,4.2,Delivered
ORD102209,2024-03-16,CUST1455,Backpack,Fashion,West,Credit Card,Standard,3,7595.76,0.15,19369.18,1989.97,5.0,Delivered
ORD102233,2024-03-16,CUST1247,Dumbbells,Sports,Central,UPI,Standard,1,11506.81,0.15,9780.79,1704.25,5.0,Delivered
ORD102107,2024-03-16,CUST1358,Backpack,Fashion,East,Credit Card,Same Day,1,8360.96,0.15,7106.81,261.88,4.2,Delivered
ORD102377,2024-03-16,CUST1147,Power Bank,Electronics,North,Debit Card,Express,1,35469.42,0.05,33695.95,4908.92,4.4,Delivered
ORD101835,2024-03-16,CUST1043,Perfume,Beauty,North,Debit Card,Standard,1,1337.62,0.05,1270.74,377.47,4.2,Delivered
ORD100681,2024-03-16,CUST1217,Smart Watch,Electronics,West,Net Banking,Express,3,17426.71,0.0,52280.12,16035.22,2.5,Delivered
ORD101527,2024-03-16,CUST1059,Mixer Grinder,Home & Kitchen,West,UPI,Express,2,3964.73,0.0,7929.46,2602.24,4.0,Delivered
ORD101444,2024-03-17,CUST1022,T-Shirt,Fashion,Central,COD,Standard,1,3766.44,0.15,3201.47,950.23,3.4,Delivered
ORD100305,2024-03-17,CUST1510,Power Bank,Electronics,East,COD,Standard,1,54974.53,0.2,43979.62,4329.93,3.9,Delivered
ORD100619,2024-03-17,CUST1032,T-Shirt,Fashion,Central,COD,Standard,1,6442.17,0.0,6442.17,2582.69,4.5,Delivered
ORD100720,2024-03-17,CUST1068,Laptop Stand,Electronics,North,Debit Card,Standard,3,37345.29,0.1,100832.29,24840.11,3.7,Delivered
ORD102735,2024-03-17,CUST1404,Wireless Headphones,Electronics,East,Net Banking,Express,2,34288.94,0.15,58291.2,8599.12,4.6,Delivered
ORD100117,2024-03-17,CUST1246,Wireless Headphones,Electronics,West,COD,Standard,1,14356.5,0.1,12920.85,2050.25,3.2,Delivered
ORD103203,2024-03-17,CUST1070,Bluetooth Speaker,Electronics,East,Debit Card,Standard,1,34012.03,0.05,32311.42,5969.02,4.1,Delivered
ORD100768,2024-03-17,CUST1027,Perfume,Beauty,Central,UPI,Standard,5,1396.6,0.15,5935.54,766.55,3.5,Delivered
ORD103248,2024-03-17,CUST1219,Mixer Grinder,Home & Kitchen,North,Debit Card,Standard,2,12658.77,0.0,25317.53,6673.83,4.1,Delivered
ORD100240,2024-03-17,CUST1135,Smart Watch,Electronics,East,COD,Standard,1,10861.12,0.1,9775.01,3323.45,4.1,Delivered
ORD100099,2024-03-17,CUST1374,Storage Organizer,Home & Kitchen,North,Debit Card,Standard,2,8813.41,0.05,16745.48,2305.12,5.0,Delivered
ORD100461,2024-03-17,CUST1516,Wireless Headphones,Electronics,East,Debit Card,Standard,3,51170.21,0.05,145835.11,53944.36,4.3,Delivered
ORD100328,2024-03-18,CUST1410,Dumbbells,Sports,South,Debit Card,Standard,1,6254.79,0.0,6254.79,1065.38,4.2,Returned
ORD101089,2024-03-18,CUST1180,Cricket Bat,Sports,North,Net Banking,Standard,3,557.88,0.0,1673.63,286.34,4.6,Delivered
ORD101186,2024-03-18,CUST1570,Air Fryer,Home & Kitchen,South,COD,Standard,1,1950.69,0.25,1463.02,137.51,3.2,Delivered
ORD101962,2024-03-18,CUST1425,Laptop Stand,Electronics,West,Debit Card,Standard,1,25843.6,0.0,25843.6,9300.34,4.3,Delivered
ORD101062,2024-03-19,CUST1013,Cookware Set,Home & Kitchen,East,Debit Card,Standard,1,5915.37,0.05,5619.61,2249.28,3.8,Delivered
ORD100527,2024-03-19,CUST1265,Denim Jacket,Fashion,West,COD,Standard,3,1912.84,0.15,4877.73,809.58,3.0,Delivered
ORD102518,2024-03-19,CUST1455,Skincare Kit,Beauty,South,UPI,Standard,1,5088.19,0.2,4070.55,940.19,4.2,Delivered
ORD101611,2024-03-19,CUST1416,Running Shoes,Fashion,West,Debit Card,Express,1,3513.41,0.15,2986.4,814.22,4.6,Delivered
ORD100407,2024-03-19,CUST1583,Dumbbells,Sports,East,Net Banking,Express,4,8005.8,0.1,28820.87,2787.92,4.4,Delivered
ORD100833,2024-03-19,CUST1537,Backpack,Fashion,West,Debit Card,Express,1,8784.99,0.05,8345.74,3227.48,4.4,Delivered
ORD102301,2024-03-19,CUST1231,Running Shoes,Fashion,South,Debit Card,Standard,4,5561.36,0.05,21133.16,4275.22,2.6,Delivered
ORD100923,2024-03-20,CUST1274,Bluetooth Speaker,Electronics,East,Credit Card,Standard,4,21886.14,0.05,83167.34,30640.66,3.8,Delivered
ORD100521,2024-03-20,CUST1029,Smart Watch,Electronics,South,Credit Card,Standard,4,45982.45,0.1,165536.83,48098.11,4.0,Delivered
ORD100255,2024-03-20,CUST1193,Storage Organizer,Home & Kitchen,North,Credit Card,Standard,1,14118.92,0.0,14118.92,2617.85,3.5,Returned
ORD103057,2024-03-21,CUST1195,Smart Watch,Electronics,South,UPI,Express,1,41072.44,0.05,39018.82,5691.09,4.3,Delivered
ORD102329,2024-03-21,CUST1274,Perfume,Beauty,West,Net Banking,Standard,3,6112.91,0.1,16504.86,2256.57,5.0,Delivered
ORD101934,2024-03-21,CUST1316,Makeup Set,Beauty,West,Net Banking,Same Day,1,6064.25,0.25,4548.18,1038.04,5.0,Delivered
ORD101606,2024-03-21,CUST1455,Bluetooth Speaker,Electronics,South,COD,Same Day,1,36789.06,0.05,34949.61,11717.72,4.1,Delivered
ORD100751,2024-03-21,CUST1232,Laptop Stand,Electronics,South,Debit Card,Express,1,11068.85,0.15,9408.52,986.96,3.4,Cancelled
ORD100974,2024-03-21,CUST1511,T-Shirt,Fashion,West,Debit Card,Express,3,5838.36,0.25,13136.32,2178.01,4.9,Delivered
ORD102888,2024-03-22,CUST1130,Football,Sports,North,UPI,Express,2,4921.53,0.25,7382.3,-539.1,4.0,Delivered
ORD103068,2024-03-22,CUST1097,Running Shoes,Fashion,South,UPI,Standard,1,6015.33,0.05,5714.56,1933.4,4.9,Delivered
ORD100937,2024-03-22,CUST1569,Laptop Stand,Electronics,South,Net Banking,Standard,1,50368.47,0.05,47850.04,9712.47,4.3,Delivered
ORD100456,2024-03-22,CUST1313,Dumbbells,Sports,West,UPI,Standard,2,8210.42,0.0,16420.85,3478.41,4.3,Returned
ORD102062,2024-03-22,CUST1473,Wireless Headphones,Electronics,East,Net Banking,Express,3,1566.02,0.0,4698.05,1028.6,4.4,Delivered
ORD101697,2024-03-22,CUST1566,Storage Organizer,Home & Kitchen,South,Debit Card,Standard,1,11146.52,0.05,10589.2,1877.87,4.8,Delivered
ORD101676,2024-03-22,CUST1121,Wireless Headphones,Electronics,West,Debit Card,Standard,1,38725.53,0.2,30980.42,3753.47,5.0,Delivered
ORD102890,2024-03-22,CUST1456,Smart Watch,Electronics,East,UPI,Express,1,30230.24,0.15,25695.7,2270.3,3.7,Delivered
ORD102662,2024-03-22,CUST1135,Coffee Maker,Home & Kitchen,South,COD,Express,2,7751.65,0.0,15503.31,2793.65,3.6,Delivered
ORD101574,2024-03-22,CUST1086,Football,Sports,Central,Net Banking,Standard,2,2299.47,0.2,3679.16,53.8,4.0,Delivered
ORD101523,2024-03-23,CUST1252,Running Shoes,Fashion,South,COD,Standard,1,4828.04,0.05,4586.64,1482.75,5.0,Delivered
ORD100356,2024-03-23,CUST1216,Skincare Kit,Beauty,West,Net Banking,Express,3,5172.85,0.15,13190.78,4654.96,2.9,Delivered
ORD100272,2024-03-23,CUST1317,T-Shirt,Fashion,North,Net Banking,Same Day,3,6003.5,0.0,18010.49,6550.05,4.8,Delivered
ORD102638,2024-03-23,CUST1040,Smart Watch,Electronics,West,COD,Same Day,2,32703.05,0.0,65406.11,24741.48,3.2,Returned
ORD101103,2024-03-23,CUST1454,Backpack,Fashion,West,UPI,Express,2,6117.08,0.15,10399.03,1608.32,4.1,Delivered
ORD101480,2024-03-23,CUST1541,Cricket Bat,Sports,North,Credit Card,Express,3,5295.5,0.15,13503.53,3732.09,4.2,Delivered
ORD100181,2024-03-24,CUST1020,Bluetooth Speaker,Electronics,East,Credit Card,Same Day,1,23881.84,0.15,20299.57,6097.61,3.1,Returned
ORD100960,2024-03-24,CUST1062,Storage Organizer,Home & Kitchen,North,Credit Card,Express,1,5253.94,0.05,4991.25,1707.98,3.2,Delivered
ORD100389,2024-03-24,CUST1495,Coffee Maker,Home & Kitchen,South,Net Banking,Standard,1,7085.22,0.0,7085.22,2819.07,4.8,Delivered
ORD102007,2024-03-24,CUST1049,Mixer Grinder,Home & Kitchen,East,Net Banking,Standard,1,11074.59,0.05,10520.86,2230.41,3.9,Delivered
ORD102307,2024-03-24,CUST1599,Makeup Set,Beauty,Central,Debit Card,Express,2,4836.12,0.05,9188.62,1639.14,5.0,Delivered
ORD101969,2024-03-24,CUST1164,Smart Watch,Electronics,East,UPI,Standard,1,17366.42,0.1,15629.78,4074.37,3.7,Delivered
ORD101536,2024-03-24,CUST1549,Yoga Mat,Sports,North,UPI,Express,2,3401.05,0.05,6462.0,1314.41,3.8,Delivered
ORD102012,2024-03-24,CUST1544,Cookware Set,Home & Kitchen,Central,UPI,Standard,3,7849.79,0.05,22371.91,3649.12,4.7,Delivered
ORD100535,2024-03-25,CUST1020,Mixer Grinder,Home & Kitchen,Central,Debit Card,Standard,1,509.7,0.15,433.24,87.56,4.5,Delivered
ORD103037,2024-03-25,CUST1571,Backpack,Fashion,West,Debit Card,Standard,3,4394.75,0.1,11865.83,4035.59,3.0,Delivered
ORD101228,2024-03-25,CUST1068,Casual Sneakers,Fashion,Central,UPI,Express,1,4619.73,0.15,3926.77,260.05,4.4,Delivered
ORD100057,2024-03-25,CUST1208,Cricket Bat,Sports,North,Credit Card,Express,1,10707.95,0.0,10707.95,3067.58,3.2,Delivered
ORD100883,2024-03-25,CUST1339,Running Shoes,Fashion,West,COD,Standard,3,5629.94,0.0,16889.82,3493.17,3.5,Delivered
ORD101045,2024-03-25,CUST1453,Air Fryer,Home & Kitchen,North,COD,Standard,1,11723.84,0.15,9965.26,264.87,4.0,Delivered
ORD102221,2024-03-25,CUST1249,Power Bank,Electronics,South,Credit Card,Standard,4,44375.9,0.0,177503.62,39089.13,3.9,Returned
ORD102885,2024-03-25,CUST1333,Dumbbells,Sports,Central,UPI,Express,1,11256.46,0.0,11256.46,3188.55,3.3,Delivered
ORD102248,2024-03-26,CUST1554,Cricket Bat,Sports,West,Credit Card,Standard,1,3676.21,0.0,3676.21,1248.85,4.0,Delivered
ORD100846,2024-03-26,CUST1030,Hair Dryer,Beauty,East,Debit Card,Standard,1,4693.19,0.0,4693.19,1541.46,5.0,Delivered
ORD101405,2024-03-26,CUST1385,Denim Jacket,Fashion,Central,Net Banking,Standard,2,7472.93,0.1,13451.28,1536.74,4.8,Delivered
ORD100532,2024-03-26,CUST1162,Backpack,Fashion,South,Debit Card,Express,2,2372.21,0.15,4032.75,975.55,3.4,Delivered
ORD102791,2024-03-26,CUST1384,Resistance Bands,Sports,North,Credit Card,Express,1,7744.79,0.05,7357.55,2175.74,4.3,Delivered
ORD101946,2024-03-26,CUST1401,Hair Dryer,Beauty,North,Credit Card,Standard,1,2064.24,0.25,1548.18,-73.96,3.7,Delivered
ORD101654,2024-03-26,CUST1481,Power Bank,Electronics,South,Debit Card,Standard,3,54330.52,0.1,146692.39,13150.85,5.0,Delivered
ORD103252,2024-03-26,CUST1368,Makeup Set,Beauty,Central,COD,Standard,1,560.69,0.0,560.69,205.75,4.6,Delivered
ORD103402,2024-03-26,CUST1488,Running Shoes,Fashion,East,UPI,Same Day,1,1224.03,0.1,1101.63,264.94,3.6,Delivered
ORD100749,2024-03-27,CUST1228,Perfume,Beauty,West,COD,Standard,1,2224.15,0.25,1668.12,301.72,3.5,Delivered
ORD100936,2024-03-27,CUST1393,Perfume,Beauty,North,COD,Standard,1,1612.09,0.0,1612.09,690.97,4.1,Delivered
ORD103350,2024-03-27,CUST1212,Yoga Mat,Sports,South,COD,Standard,2,4845.41,0.05,9206.28,1588.64,3.0,Delivered
ORD102867,2024-03-27,CUST1105,Wireless Headphones,Electronics,West,Net Banking,Same Day,1,4061.26,0.2,3249.0,449.35,3.9,Delivered
ORD102426,2024-03-27,CUST1446,Skincare Kit,Beauty,North,Net Banking,Express,1,4439.57,0.1,3995.61,456.5,3.5,Delivered
ORD102659,2024-03-28,CUST1161,Dumbbells,Sports,South,Credit Card,Express,2,10476.19,0.05,19904.76,8145.57,3.6,Delivered
ORD103326,2024-03-28,CUST1324,Laptop Stand,Electronics,South,Net Banking,Same Day,1,43390.12,0.05,41220.62,8280.9,3.5,Delivered
ORD101694,2024-03-28,CUST1223,Resistance Bands,Sports,West,Credit Card,Standard,2,11312.81,0.15,19231.78,6577.61,3.1,Delivered
ORD100082,2024-03-28,CUST1124,Coffee Maker,Home & Kitchen,West,UPI,Express,1,7566.74,0.15,6431.73,510.28,3.9,Delivered
ORD101853,2024-03-28,CUST1284,Casual Sneakers,Fashion,East,COD,Same Day,1,2118.9,0.2,1695.12,1.94,3.3,Delivered
ORD103162,2024-03-28,CUST1290,Bluetooth Speaker,Electronics,South,UPI,Express,1,25663.68,0.25,19247.76,-2231.79,4.9,Delivered
ORD102932,2024-03-29,CUST1153,Laptop Stand,Electronics,East,COD,Express,2,34930.26,0.05,66367.49,14728.36,4.3,Delivered
ORD101486,2024-03-29,CUST1580,Backpack,Fashion,Central,UPI,Standard,1,1013.24,0.1,911.92,217.65,4.2,Delivered
ORD102368,2024-03-29,CUST1555,Wireless Headphones,Electronics,West,Credit Card,Standard,3,50758.93,0.05,144662.94,21641.57,5.0,Delivered
ORD101907,2024-03-29,CUST1488,Laptop Stand,Electronics,West,Credit Card,Same Day,1,10811.52,0.1,9730.37,3033.15,4.3,Delivered
ORD102432,2024-03-29,CUST1204,Coffee Maker,Home & Kitchen,East,COD,Same Day,4,2106.51,0.2,6740.83,575.07,3.2,Delivered
ORD103321,2024-03-29,CUST1396,Football,Sports,East,Credit Card,Same Day,1,1927.82,0.25,1445.87,-56.73,4.2,Delivered
ORD100286,2024-03-29,CUST1107,Football,Sports,West,Debit Card,Standard,2,5000.46,0.05,9500.87,2061.02,3.7,Delivered
ORD100177,2024-03-29,CUST1462,Casual Sneakers,Fashion,Central,Credit Card,Same Day,3,5441.0,0.15,13874.54,1768.96,4.7,Delivered
ORD103364,2024-03-29,CUST1541,Casual Sneakers,Fashion,North,Net Banking,Express,1,1468.67,0.0,1468.67,290.52,4.2,Delivered
ORD102094,2024-03-29,CUST1511,Denim Jacket,Fashion,South,Net Banking,Standard,1,5171.89,0.1,4654.7,1115.14,4.6,Delivered
ORD101940,2024-03-30,CUST1311,Smart Watch,Electronics,North,UPI,Standard,1,2769.48,0.0,2769.48,1235.7,3.4,Delivered
ORD101935,2024-03-30,CUST1595,Smart Watch,Electronics,Central,UPI,Standard,1,42207.0,0.05,40096.65,8512.78,4.1,Delivered
ORD101075,2024-03-30,CUST1459,Bluetooth Speaker,Electronics,East,Debit Card,Express,1,28676.26,0.0,28676.26,8031.7,2.6,Delivered
ORD101555,2024-03-30,CUST1542,Air Fryer,Home & Kitchen,North,Credit Card,Standard,1,9895.21,0.0,9895.21,3570.92,2.6,Delivered
ORD101777,2024-03-30,CUST1494,Face Serum,Beauty,West,Credit Card,Express,2,3016.07,0.05,5730.54,1941.12,3.4,Delivered
ORD102719,2024-03-30,CUST1563,Cookware Set,Home & Kitchen,North,Debit Card,Same Day,1,17005.41,0.1,15304.87,2032.69,4.4,Delivered
ORD100186,2024-03-31,CUST1064,Coffee Maker,Home & Kitchen,South,COD,Standard,2,5087.64,0.15,8649.0,1505.97,4.4,Delivered
ORD100531,2024-03-31,CUST1314,Coffee Maker,Home & Kitchen,North,UPI,Express,1,17527.53,0.0,17527.53,5267.08,3.6,Returned
ORD100466,2024-03-31,CUST1472,Denim Jacket,Fashion,North,COD,Standard,2,8275.14,0.0,16550.28,5490.59,2.8,Delivered
ORD100040,2024-03-31,CUST1441,Football,Sports,West,UPI,Express,1,11390.83,0.05,10821.29,4070.45,3.3,Delivered
ORD100622,2024-03-31,CUST1592,Football,Sports,North,Debit Card,Standard,1,6348.35,0.2,5078.68,829.22,5.0,Delivered
ORD101849,2024-03-31,CUST1350,Bluetooth Speaker,Electronics,Central,Credit Card,Standard,2,44815.78,0.0,89631.55,33833.04,3.6,Delivered
ORD101077,2024-03-31,CUST1120,Wireless Headphones,Electronics,South,Debit Card,Standard,2,5823.52,0.1,10482.33,1530.9,4.4,Delivered
ORD102595,2024-03-31,CUST1386,Storage Organizer,Home & Kitchen,East,UPI,Standard,1,1379.65,0.2,1103.72,334.29,2.2,Delivered
ORD100349,2024-03-31,CUST1135,Mixer Grinder,Home & Kitchen,North,COD,Standard,1,9748.5,0.0,9748.5,3329.67,2.5,Delivered
ORD101595,2024-03-31,CUST1104,T-Shirt,Fashion,West,COD,Standard,1,4580.14,0.1,4122.13,776.76,4.9,Delivered
ORD103270,2024-03-31,CUST1338,Air Fryer,Home & Kitchen,West,Credit Card,Standard,4,1866.16,0.1,6718.17,1310.13,3.8,Delivered
ORD101636,2024-03-31,CUST1276,Power Bank,Electronics,South,Credit Card,Same Day,1,47790.29,0.05,45400.78,13302.06,4.4,Cancelled
ORD100702,2024-04-01,CUST1207,Bluetooth Speaker,Electronics,East,UPI,Standard,1,17836.22,0.15,15160.78,3235.85,4.2,Delivered
ORD102327,2024-04-01,CUST1405,Laptop Stand,Electronics,North,UPI,Standard,1,11229.5,0.2,8983.6,1073.53,3.7,Delivered
ORD100167,2024-04-01,CUST1109,Laptop Stand,Electronics,North,Debit Card,Standard,3,26090.74,0.05,74358.61,21826.18,4.1,Delivered
ORD102296,2024-04-01,CUST1522,Running Shoes,Fashion,North,UPI,Standard,1,6431.02,0.0,6431.02,1935.23,5.0,Delivered
ORD102199,2024-04-01,CUST1226,Bluetooth Speaker,Electronics,East,Credit Card,Express,1,34785.49,0.15,29567.67,8411.19,3.5,Delivered
ORD102939,2024-04-02,CUST1199,T-Shirt,Fashion,West,UPI,Standard,1,594.62,0.0,594.62,246.96,3.4,Delivered
ORD103179,2024-04-02,CUST1313,Air Fryer,Home & Kitchen,West,Net Banking,Express,2,5756.29,0.0,11512.58,4755.55,3.5,Delivered
ORD103048,2024-04-02,CUST1342,Perfume,Beauty,Central,Net Banking,Standard,1,4973.7,0.05,4725.01,736.73,3.8,Delivered
ORD100684,2024-04-02,CUST1034,Yoga Mat,Sports,North,Credit Card,Same Day,1,7819.71,0.2,6255.76,426.74,4.1,Delivered
ORD100703,2024-04-03,CUST1079,T-Shirt,Fashion,West,Debit Card,Standard,1,1266.42,0.1,1139.78,207.25,4.8,Delivered
ORD100261,2024-04-03,CUST1304,Air Fryer,Home & Kitchen,Central,Credit Card,Standard,1,9394.44,0.25,7045.83,-764.98,4.0,Delivered
ORD101192,2024-04-03,CUST1595,Hair Dryer,Beauty,North,UPI,Standard,1,4774.67,0.05,4535.94,976.25,3.2,Delivered
ORD101432,2024-04-03,CUST1540,Face Serum,Beauty,Central,UPI,Standard,3,4318.89,0.05,12308.85,1797.21,3.8,Delivered
ORD102533,2024-04-03,CUST1569,Laptop Stand,Electronics,East,Debit Card,Express,2,15704.4,0.25,23556.61,692.64,5.0,Delivered
ORD103256,2024-04-04,CUST1316,Perfume,Beauty,Central,COD,Same Day,1,6326.25,0.05,6009.94,1390.61,3.8,Delivered
ORD101615,2024-04-04,CUST1158,Cricket Bat,Sports,West,COD,Standard,2,1319.86,0.05,2507.73,558.13,4.0,Delivered
ORD102804,2024-04-04,CUST1181,Skincare Kit,Beauty,South,UPI,Same Day,1,5081.74,0.0,5081.74,1570.18,4.0,Returned
ORD101031,2024-04-04,CUST1076,Coffee Maker,Home & Kitchen,South,Debit Card,Standard,1,16409.17,0.0,16409.17,5458.02,3.1,Delivered
ORD102449,2024-04-04,CUST1304,Casual Sneakers,Fashion,South,Credit Card,Standard,2,8164.41,0.1,14695.94,2783.18,3.8,Delivered
ORD100907,2024-04-04,CUST1112,Mixer Grinder,Home & Kitchen,Central,Net Banking,Standard,1,8446.88,0.2,6757.51,362.77,4.0,Delivered
ORD102050,2024-04-04,CUST1362,Air Fryer,Home & Kitchen,North,Credit Card,Same Day,1,13457.65,0.05,12784.77,3140.44,3.7,Delivered
ORD102102,2024-04-04,CUST1006,Football,Sports,East,Credit Card,Express,2,11953.43,0.25,17930.14,231.37,4.1,Delivered
ORD103195,2024-04-05,CUST1354,Cookware Set,Home & Kitchen,Central,Credit Card,Standard,2,10003.36,0.2,16005.38,450.3,4.5,Delivered
ORD103051,2024-04-05,CUST1492,Laptop Stand,Electronics,North,Net Banking,Standard,5,28935.73,0.05,137444.72,29623.43,4.4,Delivered
ORD100543,2024-04-05,CUST1066,Football,Sports,Central,UPI,Standard,1,3622.61,0.05,3441.48,454.52,3.6,Delivered
ORD100258,2024-04-05,CUST1049,Resistance Bands,Sports,West,Net Banking,Same Day,1,3295.34,0.05,3130.57,1074.31,3.4,Delivered
ORD102369,2024-04-05,CUST1401,Laptop Stand,Electronics,West,COD,Standard,1,31696.31,0.15,26941.87,3626.98,5.0,Delivered
ORD102930,2024-04-05,CUST1512,Cookware Set,Home & Kitchen,North,Debit Card,Standard,3,5710.58,0.05,16275.16,5005.03,3.0,Delivered
ORD100410,2024-04-05,CUST1140,Running Shoes,Fashion,West,Credit Card,Same Day,5,6882.98,0.1,30973.42,5018.94,4.9,Delivered
ORD103096,2024-04-05,CUST1518,Smart Watch,Electronics,North,Net Banking,Standard,3,50655.31,0.05,144367.63,52847.62,3.7,Delivered
ORD103288,2024-04-05,CUST1149,Hair Dryer,Beauty,East,COD,Express,3,6857.86,0.05,19544.91,3990.62,4.0,Delivered
ORD102477,2024-04-06,CUST1097,Cookware Set,Home & Kitchen,West,UPI,Standard,1,6158.19,0.1,5542.37,2122.68,4.7,Delivered
ORD102031,2024-04-06,CUST1567,Makeup Set,Beauty,Central,UPI,Standard,3,5731.92,0.05,16335.97,3278.43,3.4,Delivered
ORD100229,2024-04-06,CUST1384,Perfume,Beauty,Central,Debit Card,Standard,1,3369.27,0.05,3200.81,1078.08,4.8,Delivered
ORD102367,2024-04-06,CUST1530,Skincare Kit,Beauty,West,COD,Express,1,1733.61,0.1,1560.24,231.96,4.0,Delivered
ORD100760,2024-04-06,CUST1136,Cricket Bat,Sports,South,COD,Standard,1,8458.84,0.0,8458.84,2317.23,4.4,Returned
ORD102247,2024-04-06,CUST1150,Resistance Bands,Sports,South,Net Banking,Standard,3,4776.69,0.15,12180.57,2213.99,4.4,Delivered
ORD100660,2024-04-06,CUST1242,Casual Sneakers,Fashion,East,Credit Card,Standard,1,7157.26,0.2,5725.81,-66.99,3.7,Delivered
ORD102146,2024-04-06,CUST1528,Denim Jacket,Fashion,South,Credit Card,Express,1,7927.35,0.0,7927.35,1812.59,4.7,Delivered
ORD103087,2024-04-06,CUST1295,Dumbbells,Sports,Central,Credit Card,Standard,2,7313.97,0.05,13896.54,2890.04,4.2,Delivered
ORD101882,2024-04-07,CUST1234,Perfume,Beauty,West,Credit Card,Express,1,3098.18,0.05,2943.27,1041.3,4.0,Delivered
ORD101701,2024-04-07,CUST1247,Smart Watch,Electronics,East,Credit Card,Express,1,29770.56,0.0,29770.56,8996.82,4.3,Delivered
ORD101173,2024-04-07,CUST1521,Air Fryer,Home & Kitchen,East,Net Banking,Standard,1,11730.68,0.25,8798.01,1965.86,5.0,Delivered
ORD102274,2024-04-07,CUST1296,Wireless Headphones,Electronics,West,UPI,Same Day,1,1758.23,0.05,1670.31,584.24,3.9,Delivered
ORD101404,2024-04-07,CUST1114,Skincare Kit,Beauty,Central,COD,Standard,1,2968.23,0.05,2819.82,331.8,2.9,Delivered
ORD100250,2024-04-08,CUST1350,Laptop Stand,Electronics,East,Credit Card,Express,1,26062.87,0.0,26062.87,9725.9,3.8,Delivered
ORD100348,2024-04-08,CUST1445,Laptop Stand,Electronics,South,Debit Card,Express,1,6104.65,0.2,4883.72,916.82,3.5,Delivered
ORD101885,2024-04-08,CUST1526,Skincare Kit,Beauty,North,UPI,Standard,1,6288.95,0.2,5031.16,-84.34,3.0,Delivered
ORD101105,2024-04-08,CUST1283,Cookware Set,Home & Kitchen,North,COD,Express,3,1326.95,0.05,3781.79,765.11,4.0,Delivered
ORD102482,2024-04-08,CUST1557,Makeup Set,Beauty,Central,UPI,Standard,4,4897.73,0.0,19590.9,7273.48,3.3,Delivered
ORD100391,2024-04-08,CUST1556,Denim Jacket,Fashion,North,Credit Card,Standard,2,3849.09,0.15,6543.45,1378.08,3.8,Delivered
ORD102380,2024-04-08,CUST1094,Cookware Set,Home & Kitchen,East,Net Banking,Standard,2,2541.06,0.0,5082.12,1962.24,3.9,Delivered
ORD100563,2024-04-09,CUST1310,Casual Sneakers,Fashion,East,Net Banking,Standard,1,3809.89,0.0,3809.89,1612.72,4.2,Delivered
ORD101638,2024-04-09,CUST1049,Bluetooth Speaker,Electronics,East,COD,Express,1,3982.2,0.1,3583.98,993.45,4.1,Delivered
ORD102925,2024-04-09,CUST1475,Bluetooth Speaker,Electronics,Central,Net Banking,Same Day,2,36167.99,0.05,68719.19,23174.09,3.7,Delivered
ORD103086,2024-04-09,CUST1328,Wireless Headphones,Electronics,West,UPI,Express,1,9528.01,0.0,9528.01,3315.53,4.9,Delivered
ORD101928,2024-04-09,CUST1018,Resistance Bands,Sports,South,Net Banking,Standard,1,4875.95,0.05,4632.15,1174.02,3.7,Delivered
ORD102612,2024-04-09,CUST1277,Cookware Set,Home & Kitchen,West,Net Banking,Standard,3,6682.28,0.05,19044.5,2678.08,3.3,Delivered
ORD100468,2024-04-09,CUST1354,Mixer Grinder,Home & Kitchen,West,Debit Card,Standard,3,5922.9,0.2,14214.95,2382.34,4.5,Delivered
ORD100022,2024-04-09,CUST1497,Smart Watch,Electronics,South,Debit Card,Standard,1,34640.83,0.2,27712.67,8424.25,4.2,Delivered
ORD100911,2024-04-10,CUST1353,Bluetooth Speaker,Electronics,North,COD,Standard,2,34807.96,0.2,55692.73,16464.37,3.7,Delivered
ORD100634,2024-04-10,CUST1593,Denim Jacket,Fashion,North,Credit Card,Same Day,1,8707.43,0.2,6965.95,230.92,4.0,Delivered
ORD103098,2024-04-10,CUST1080,Laptop Stand,Electronics,North,Debit Card,Standard,2,43224.28,0.05,82126.14,26255.58,2.5,Delivered
ORD102384,2024-04-10,CUST1079,T-Shirt,Fashion,East,Credit Card,Standard,4,3163.65,0.0,12654.58,2304.31,3.5,Delivered
ORD101890,2024-04-11,CUST1108,Casual Sneakers,Fashion,West,Debit Card,Standard,2,3009.22,0.2,4814.76,219.81,3.7,Delivered
ORD103289,2024-04-11,CUST1445,Skincare Kit,Beauty,North,UPI,Same Day,1,2927.14,0.1,2634.43,245.53,4.7,Delivered
ORD101797,2024-04-11,CUST1399,Power Bank,Electronics,West,Credit Card,Same Day,2,30703.44,0.05,58336.53,16679.17,3.0,Delivered
ORD101431,2024-04-11,CUST1441,Backpack,Fashion,North,Credit Card,Standard,3,5404.66,0.0,16213.98,4950.22,4.4,Delivered
ORD102928,2024-04-11,CUST1405,Cookware Set,Home & Kitchen,West,Debit Card,Express,3,11303.58,0.15,28824.13,5548.81,3.9,Delivered
ORD102740,2024-04-11,CUST1391,Backpack,Fashion,East,COD,Same Day,3,7352.72,0.1,19852.34,6566.67,4.0,Delivered
ORD101662,2024-04-11,CUST1173,Smart Watch,Electronics,Central,COD,Same Day,3,16403.52,0.0,49210.57,21091.13,3.1,Delivered
ORD102673,2024-04-12,CUST1124,Cookware Set,Home & Kitchen,East,Debit Card,Standard,4,7803.85,0.0,31215.4,13706.35,3.9,Delivered
ORD102943,2024-04-12,CUST1488,Hair Dryer,Beauty,East,UPI,Standard,1,3959.81,0.25,2969.86,570.93,4.0,Delivered
ORD101344,2024-04-12,CUST1451,Storage Organizer,Home & Kitchen,Central,COD,Express,1,5782.37,0.2,4625.89,320.76,4.4,Delivered
ORD103358,2024-04-12,CUST1257,Laptop Stand,Electronics,West,Debit Card,Standard,3,8748.26,0.0,26244.77,10249.68,3.3,Delivered
ORD101325,2024-04-12,CUST1251,Mixer Grinder,Home & Kitchen,North,UPI,Express,5,10119.44,0.0,50597.19,16398.7,4.1,Delivered
ORD101959,2024-04-12,CUST1536,Power Bank,Electronics,West,COD,Standard,3,17394.44,0.15,44355.81,2051.56,3.1,Delivered
ORD100252,2024-04-12,CUST1577,Coffee Maker,Home & Kitchen,Central,Net Banking,Standard,3,17058.22,0.15,43498.45,12625.69,3.1,Cancelled
ORD103255,2024-04-13,CUST1550,Laptop Stand,Electronics,South,Net Banking,Express,1,18482.97,0.0,18482.97,6909.91,4.1,Delivered
ORD102809,2024-04-13,CUST1112,Makeup Set,Beauty,West,UPI,Standard,4,1740.76,0.0,6963.04,2013.35,4.7,Delivered
ORD101533,2024-04-13,CUST1088,T-Shirt,Fashion,Central,Debit Card,Standard,1,7490.53,0.1,6741.47,2232.48,3.1,Returned
ORD102070,2024-04-13,CUST1458,Bluetooth Speaker,Electronics,North,UPI,Express,2,54239.0,0.05,103054.09,43358.38,2.9,Delivered
ORD103044,2024-04-13,CUST1104,Cookware Set,Home & Kitchen,South,Net Banking,Same Day,4,2427.69,0.0,9710.75,1764.06,3.6,Delivered
ORD101650,2024-04-13,CUST1096,T-Shirt,Fashion,South,Credit Card,Standard,3,3524.83,0.0,10574.48,3197.91,5.0,Delivered
ORD102737,2024-04-13,CUST1163,Casual Sneakers,Fashion,North,Credit Card,Standard,1,8959.31,0.0,8959.31,2285.89,3.1,Delivered
ORD103393,2024-04-13,CUST1408,Smart Watch,Electronics,East,Credit Card,Standard,5,47253.97,0.15,200829.39,36122.08,3.3,Delivered
ORD100071,2024-04-13,CUST1506,Wireless Headphones,Electronics,North,UPI,Standard,1,10754.96,0.0,10754.96,2915.54,4.0,Delivered
ORD101177,2024-04-14,CUST1341,Bluetooth Speaker,Electronics,East,COD,Standard,1,9637.72,0.15,8192.06,1461.34,4.2,Delivered
ORD101522,2024-04-14,CUST1410,Cricket Bat,Sports,Central,Net Banking,Express,2,8102.34,0.0,16204.69,3143.62,4.0,Delivered
ORD103193,2024-04-14,CUST1478,Perfume,Beauty,East,UPI,Standard,3,6077.93,0.25,13675.34,-1468.23,4.3,Delivered
ORD102219,2024-04-15,CUST1275,Power Bank,Electronics,North,Credit Card,Same Day,1,17492.27,0.15,14868.43,3540.22,5.0,Delivered
ORD102860,2024-04-15,CUST1375,Mixer Grinder,Home & Kitchen,North,Debit Card,Standard,1,839.74,0.15,713.78,243.26,4.2,Delivered
ORD102553,2024-04-15,CUST1161,Power Bank,Electronics,North,Credit Card,Standard,1,5335.63,0.15,4535.29,946.2,4.0,Delivered
ORD102391,2024-04-15,CUST1251,Casual Sneakers,Fashion,Central,COD,Express,1,6877.75,0.0,6877.75,1793.81,4.6,Delivered
ORD102992,2024-04-15,CUST1178,Perfume,Beauty,South,Debit Card,Standard,3,2730.51,0.05,7781.96,2121.13,5.0,Delivered
ORD103294,2024-04-15,CUST1438,T-Shirt,Fashion,North,Net Banking,Express,2,1093.6,0.0,2187.2,549.16,4.2,Delivered
ORD101112,2024-04-15,CUST1472,Running Shoes,Fashion,Central,Credit Card,Standard,1,3921.76,0.2,3137.41,-6.27,4.0,Delivered
ORD100522,2024-04-15,CUST1326,Cookware Set,Home & Kitchen,East,COD,Express,1,3988.6,0.15,3390.31,1157.06,4.8,Returned
ORD100887,2024-04-15,CUST1036,Laptop Stand,Electronics,North,Debit Card,Standard,2,17734.45,0.2,28375.11,7826.45,2.6,Delivered
ORD102889,2024-04-16,CUST1389,Wireless Headphones,Electronics,Central,Credit Card,Standard,1,29510.82,0.0,29510.82,7071.03,3.1,Delivered
ORD103257,2024-04-16,CUST1273,Football,Sports,South,Credit Card,Express,3,6858.14,0.25,15430.81,-112.32,3.9,Delivered
ORD102465,2024-04-16,CUST1060,Wireless Headphones,Electronics,South,COD,Standard,3,36009.12,0.05,102626.01,23943.22,4.7,Delivered
ORD101114,2024-04-16,CUST1337,Cookware Set,Home & Kitchen,North,Credit Card,Standard,2,10174.15,0.2,16278.65,-106.15,4.2,Delivered
ORD103181,2024-04-16,CUST1205,Cricket Bat,Sports,West,Debit Card,Express,2,9121.57,0.0,18243.13,4510.59,3.9,Delivered
ORD100051,2024-04-16,CUST1314,Casual Sneakers,Fashion,South,Debit Card,Standard,1,1556.65,0.0,1556.65,684.3,3.8,Delivered
ORD100542,2024-04-16,CUST1456,Power Bank,Electronics,West,Debit Card,Standard,1,31616.09,0.1,28454.48,2419.19,3.6,Delivered
ORD102850,2024-04-16,CUST1205,Perfume,Beauty,South,COD,Express,1,5951.07,0.1,5355.96,827.8,4.7,Returned
ORD101769,2024-04-17,CUST1313,T-Shirt,Fashion,North,UPI,Express,2,649.63,0.0,1299.25,471.16,5.0,Delivered
ORD100397,2024-04-17,CUST1011,Coffee Maker,Home & Kitchen,South,COD,Standard,1,3111.64,0.2,2489.32,-56.53,3.7,Delivered
ORD103152,2024-04-17,CUST1560,Running Shoes,Fashion,North,Debit Card,Standard,4,8494.51,0.1,30580.24,11787.25,3.1,Delivered
ORD100992,2024-04-17,CUST1418,Cricket Bat,Sports,North,Debit Card,Same Day,2,632.9,0.25,949.35,86.39,5.0,Delivered
ORD100837,2024-04-18,CUST1197,Smart Watch,Electronics,West,COD,Standard,3,38533.19,0.2,92479.64,24950.04,4.8,Delivered
ORD102510,2024-04-18,CUST1238,Hair Dryer,Beauty,East,Net Banking,Standard,3,3252.13,0.1,8780.74,1892.14,4.2,Delivered
ORD102744,2024-04-18,CUST1482,Smart Watch,Electronics,West,Debit Card,Express,1,40301.08,0.05,38286.02,14076.15,4.1,Delivered
ORD103023,2024-04-18,CUST1418,Smart Watch,Electronics,Central,Credit Card,Express,1,12183.75,0.05,11574.56,2539.84,3.4,Delivered
ORD101786,2024-04-18,CUST1173,Face Serum,Beauty,West,COD,Same Day,1,4918.07,0.05,4672.16,860.37,2.2,Delivered
ORD102812,2024-04-18,CUST1028,Dumbbells,Sports,West,UPI,Standard,1,6026.39,0.2,4821.11,413.09,4.2,Delivered
ORD103039,2024-04-18,CUST1085,Perfume,Beauty,East,UPI,Standard,1,487.53,0.0,487.53,210.71,4.5,Delivered
ORD102093,2024-04-18,CUST1377,Bluetooth Speaker,Electronics,South,Debit Card,Standard,1,16659.15,0.15,14160.28,2776.84,5.0,Delivered
ORD100425,2024-04-19,CUST1344,Backpack,Fashion,North,Debit Card,Standard,2,3975.17,0.15,6757.78,2013.21,4.0,Delivered
ORD103287,2024-04-19,CUST1018,Face Serum,Beauty,Central,Credit Card,Standard,2,2513.45,0.0,5026.9,1817.15,4.8,Delivered
ORD101084,2024-04-19,CUST1353,Backpack,Fashion,North,Credit Card,Standard,1,4016.24,0.1,3614.61,1233.81,4.1,Delivered
ORD102814,2024-04-19,CUST1512,Running Shoes,Fashion,Central,COD,Standard,1,8447.91,0.25,6335.93,-661.32,3.1,Delivered
ORD100101,2024-04-19,CUST1367,Laptop Stand,Electronics,South,COD,Standard,1,13955.31,0.0,13955.31,3400.97,2.9,Delivered
ORD101703,2024-04-19,CUST1401,Coffee Maker,Home & Kitchen,South,Debit Card,Express,2,11516.62,0.0,23033.24,6571.25,4.7,Delivered
ORD100338,2024-04-20,CUST1576,Face Serum,Beauty,North,Net Banking,Standard,3,3601.11,0.1,9723.01,3751.32,3.4,Returned
ORD101363,2024-04-20,CUST1432,Hair Dryer,Beauty,South,Credit Card,Express,2,6030.89,0.05,11458.68,1543.08,3.5,Delivered
ORD101795,2024-04-20,CUST1480,Denim Jacket,Fashion,East,Net Banking,Standard,1,2804.25,0.15,2383.61,48.81,4.0,Delivered
ORD100652,2024-04-20,CUST1548,Air Fryer,Home & Kitchen,East,Net Banking,Express,1,1408.3,0.1,1267.47,430.06,3.9,Delivered
ORD100663,2024-04-20,CUST1121,Mixer Grinder,Home & Kitchen,Central,Credit Card,Same Day,2,14038.27,0.0,28076.53,11225.35,3.8,Delivered
ORD102115,2024-04-20,CUST1439,Wireless Headphones,Electronics,Central,COD,Express,4,16017.23,0.0,64068.93,28781.88,4.3,Delivered
ORD102348,2024-04-20,CUST1363,Bluetooth Speaker,Electronics,West,Debit Card,Standard,1,39778.16,0.05,37789.25,11311.92,3.5,Cancelled
ORD100008,2024-04-20,CUST1035,Backpack,Fashion,North,COD,Standard,2,7157.96,0.2,11452.74,739.99,4.4,Delivered
ORD102899,2024-04-20,CUST1560,Makeup Set,Beauty,Central,Debit Card,Same Day,1,3897.57,0.25,2923.18,454.1,3.9,Delivered
ORD100223,2024-04-20,CUST1597,Storage Organizer,Home & Kitchen,North,Credit Card,Standard,4,5816.07,0.1,20937.87,4344.18,4.1,Delivered
ORD100871,2024-04-20,CUST1102,Wireless Headphones,Electronics,North,Credit Card,Standard,4,13283.37,0.0,53133.46,18000.97,3.9,Delivered
ORD101739,2024-04-21,CUST1542,Backpack,Fashion,West,COD,Standard,1,5759.13,0.1,5183.21,1257.29,5.0,Delivered
ORD102772,2024-04-21,CUST1343,Denim Jacket,Fashion,West,Net Banking,Express,1,418.21,0.1,376.39,136.91,3.3,Delivered
ORD102764,2024-04-21,CUST1324,Storage Organizer,Home & Kitchen,East,Debit Card,Standard,1,12617.55,0.1,11355.8,2038.25,4.0,Delivered
ORD102642,2024-04-21,CUST1319,Laptop Stand,Electronics,Central,Credit Card,Standard,4,31758.96,0.15,107980.45,2022.61,4.7,Delivered
ORD102495,2024-04-22,CUST1127,Mixer Grinder,Home & Kitchen,North,Credit Card,Express,1,14716.02,0.2,11772.81,1715.28,4.2,Delivered
ORD102869,2024-04-22,CUST1035,Skincare Kit,Beauty,Central,COD,Standard,2,3012.1,0.25,4518.16,9.52,4.7,Delivered
ORD103078,2024-04-22,CUST1080,Yoga Mat,Sports,West,COD,Express,1,1489.11,0.1,1340.2,222.57,3.9,Delivered
ORD101473,2024-04-23,CUST1464,Football,Sports,North,Debit Card,Express,1,1755.08,0.1,1579.57,192.4,4.3,Delivered
ORD103432,2024-04-23,CUST1043,T-Shirt,Fashion,South,Net Banking,Standard,1,7378.61,0.0,7378.61,1251.95,4.2,Delivered
ORD102473,2024-04-23,CUST1037,Yoga Mat,Sports,North,COD,Express,4,9211.87,0.1,33162.73,10555.42,4.1,Delivered
ORD101871,2024-04-23,CUST1444,Football,Sports,Central,Debit Card,Standard,2,11434.5,0.0,22869.01,5196.34,3.6,Returned
ORD101939,2024-04-23,CUST1334,Smart Watch,Electronics,Central,Net Banking,Express,1,12739.35,0.0,12739.35,4810.7,3.9,Delivered
ORD102359,2024-04-23,CUST1419,Air Fryer,Home & Kitchen,North,UPI,Same Day,1,5306.95,0.15,4510.91,356.03,4.1,Delivered
ORD100734,2024-04-23,CUST1156,Wireless Headphones,Electronics,Central,Credit Card,Standard,3,35647.58,0.0,106942.74,24276.35,3.0,Delivered
ORD103241,2024-04-23,CUST1536,Cookware Set,Home & Kitchen,North,UPI,Standard,1,17827.65,0.1,16044.89,5350.53,4.1,Delivered
ORD101071,2024-04-24,CUST1057,Football,Sports,East,COD,Standard,1,7527.57,0.05,7151.2,1225.51,4.3,Delivered
ORD102522,2024-04-24,CUST1191,Power Bank,Electronics,North,COD,Standard,1,14177.63,0.2,11342.1,857.22,3.3,Returned
ORD102276,2024-04-24,CUST1239,Makeup Set,Beauty,Central,UPI,Same Day,3,2327.03,0.1,6282.97,1305.32,3.3,Cancelled
ORD103240,2024-04-24,CUST1002,Denim Jacket,Fashion,South,Net Banking,Express,3,4564.74,0.05,13009.5,1607.01,3.1,Delivered
ORD101988,2024-04-25,CUST1517,Mixer Grinder,Home & Kitchen,North,Debit Card,Express,1,2944.92,0.05,2797.67,332.45,4.1,Delivered
ORD103327,2024-04-25,CUST1033,Dumbbells,Sports,North,Net Banking,Standard,3,9934.72,0.05,28313.94,3907.15,4.3,Delivered
ORD103296,2024-04-25,CUST1046,Makeup Set,Beauty,West,COD,Express,2,5069.82,0.2,8111.71,2126.41,4.2,Delivered
ORD101744,2024-04-25,CUST1211,Air Fryer,Home & Kitchen,East,COD,Standard,4,10983.75,0.1,39541.49,10372.71,3.2,Delivered
ORD101987,2024-04-25,CUST1459,Laptop Stand,Electronics,Central,Credit Card,Express,1,37049.87,0.15,31492.39,7193.45,3.7,Delivered
ORD103231,2024-04-26,CUST1199,Running Shoes,Fashion,West,UPI,Standard,1,2869.7,0.2,2295.76,-9.13,2.9,Delivered
ORD102443,2024-04-26,CUST1391,Makeup Set,Beauty,South,Debit Card,Standard,1,2558.41,0.05,2430.49,464.49,3.9,Delivered
ORD101709,2024-04-26,CUST1019,Laptop Stand,Electronics,South,Debit Card,Standard,1,52827.91,0.15,44903.72,2690.64,3.4,Delivered
ORD103017,2024-04-27,CUST1340,Denim Jacket,Fashion,West,Net Banking,Standard,1,8659.85,0.1,7793.86,2091.51,3.8,Delivered
ORD102733,2024-04-27,CUST1096,Bluetooth Speaker,Electronics,North,UPI,Express,1,34164.16,0.1,30747.74,9082.57,4.0,Delivered
ORD102601,2024-04-27,CUST1532,Bluetooth Speaker,Electronics,North,Net Banking,Express,2,53862.51,0.0,107725.03,24179.45,3.3,Delivered
ORD102664,2024-04-27,CUST1150,Football,Sports,North,COD,Standard,1,6260.72,0.05,5947.68,1776.92,3.6,Delivered
ORD103178,2024-04-27,CUST1542,Laptop Stand,Electronics,South,Net Banking,Standard,5,33316.92,0.05,158255.38,19064.55,4.4,Delivered
ORD102469,2024-04-27,CUST1040,Skincare Kit,Beauty,South,COD,Standard,2,1782.98,0.05,3387.66,1310.64,4.1,Returned
ORD102838,2024-04-27,CUST1482,Bluetooth Speaker,Electronics,Central,Debit Card,Standard,2,32747.35,0.1,58945.23,6533.72,3.7,Delivered
ORD100141,2024-04-27,CUST1557,Laptop Stand,Electronics,West,Debit Card,Standard,4,52262.62,0.2,167240.37,33102.14,2.7,Delivered
ORD101394,2024-04-27,CUST1290,Running Shoes,Fashion,North,UPI,Standard,2,8154.21,0.15,13862.16,700.92,3.7,Returned
ORD102461,2024-04-27,CUST1369,Power Bank,Electronics,North,COD,Express,5,10757.66,0.05,51098.88,8620.98,4.0,Delivered
ORD103475,2024-04-28,CUST1448,Smart Watch,Electronics,North,UPI,Standard,1,44034.05,0.1,39630.65,13337.36,5.0,Delivered
ORD101581,2024-04-28,CUST1305,Casual Sneakers,Fashion,South,COD,Standard,3,2227.91,0.1,6015.35,1146.71,3.7,Delivered
ORD102552,2024-04-28,CUST1234,Face Serum,Beauty,West,COD,Standard,1,5797.91,0.0,5797.91,1087.81,3.0,Delivered
ORD102357,2024-04-29,CUST1220,Running Shoes,Fashion,West,Debit Card,Standard,2,6851.12,0.0,13702.23,6072.58,3.9,Returned
ORD100963,2024-04-29,CUST1394,Resistance Bands,Sports,West,UPI,Standard,1,5861.35,0.2,4689.08,88.94,2.9,Delivered
ORD100902,2024-04-29,CUST1240,Bluetooth Speaker,Electronics,Central,COD,Standard,2,6680.59,0.05,12693.12,3249.61,3.6,Delivered
ORD102193,2024-04-29,CUST1140,Dumbbells,Sports,South,UPI,Standard,1,6278.01,0.15,5336.3,356.48,4.4,Delivered
ORD102873,2024-04-29,CUST1437,Hair Dryer,Beauty,South,COD,Express,1,3381.87,0.15,2874.59,644.94,4.5,Delivered
ORD102393,2024-04-30,CUST1195,Makeup Set,Beauty,North,Net Banking,Express,1,3463.05,0.15,2943.59,92.5,3.8,Delivered
ORD101354,2024-04-30,CUST1034,Smart Watch,Electronics,East,COD,Standard,3,43487.68,0.1,117416.73,36042.58,3.5,Delivered
ORD103443,2024-04-30,CUST1269,Denim Jacket,Fashion,West,Debit Card,Express,1,7021.81,0.0,7021.81,2696.61,3.6,Cancelled
ORD102298,2024-05-01,CUST1338,Casual Sneakers,Fashion,West,Debit Card,Standard,1,5560.12,0.0,5560.12,1201.35,4.1,Delivered
ORD101256,2024-05-01,CUST1345,Coffee Maker,Home & Kitchen,West,Credit Card,Standard,2,8983.0,0.0,17966.0,7293.96,4.4,Delivered
ORD103412,2024-05-01,CUST1178,Casual Sneakers,Fashion,North,Credit Card,Same Day,2,4397.46,0.2,7035.93,1301.95,4.7,Cancelled
ORD101838,2024-05-01,CUST1234,Perfume,Beauty,North,UPI,Standard,1,6046.5,0.1,5441.85,597.62,5.0,Delivered
ORD102702,2024-05-01,CUST1133,Denim Jacket,Fashion,Central,UPI,Standard,2,8241.83,0.05,15659.49,6098.15,3.6,Delivered
ORD103180,2024-05-02,CUST1113,Denim Jacket,Fashion,Central,Credit Card,Express,5,5481.92,0.0,27409.62,7915.86,4.6,Delivered
ORD102240,2024-05-02,CUST1451,Perfume,Beauty,South,COD,Express,4,2824.17,0.1,10167.03,3925.56,3.1,Delivered
ORD103470,2024-05-02,CUST1120,Hair Dryer,Beauty,South,COD,Same Day,1,6645.12,0.0,6645.12,2773.91,5.0,Delivered
ORD103028,2024-05-02,CUST1505,T-Shirt,Fashion,Central,Debit Card,Same Day,1,3749.73,0.0,3749.73,1655.64,4.0,Cancelled
ORD100362,2024-05-02,CUST1149,T-Shirt,Fashion,Central,Debit Card,Standard,2,476.21,0.2,761.94,180.14,4.2,Delivered
ORD103313,2024-05-02,CUST1310,Smart Watch,Electronics,Central,COD,Same Day,1,18259.89,0.05,17346.89,4247.43,3.7,Delivered
ORD102746,2024-05-02,CUST1475,Football,Sports,West,Debit Card,Express,1,2811.08,0.0,2811.08,1026.32,2.7,Delivered
ORD103151,2024-05-03,CUST1509,Cricket Bat,Sports,Central,COD,Standard,1,4751.69,0.2,3801.36,1055.69,4.5,Delivered
ORD103196,2024-05-03,CUST1530,Cookware Set,Home & Kitchen,North,Credit Card,Standard,3,7410.76,0.0,22232.27,6088.14,4.5,Delivered
ORD102913,2024-05-03,CUST1003,Resistance Bands,Sports,South,Net Banking,Standard,1,11324.89,0.05,10758.65,4358.42,4.3,Delivered
ORD100975,2024-05-03,CUST1193,T-Shirt,Fashion,Central,COD,Standard,2,2456.75,0.0,4913.5,1242.16,4.7,Delivered
ORD100077,2024-05-04,CUST1514,Cookware Set,Home & Kitchen,Central,Debit Card,Standard,1,688.22,0.05,653.81,257.43,4.0,Delivered
ORD101511,2024-05-04,CUST1032,Backpack,Fashion,East,Credit Card,Standard,4,6172.13,0.05,23454.09,6413.61,3.5,Delivered
ORD102967,2024-05-04,CUST1060,Perfume,Beauty,West,Credit Card,Express,2,1798.94,0.0,3597.88,1545.93,3.8,Delivered
ORD103335,2024-05-04,CUST1473,Laptop Stand,Electronics,Central,COD,Express,2,39850.59,0.0,79701.19,25167.35,2.7,Delivered
ORD102314,2024-05-04,CUST1356,Casual Sneakers,Fashion,North,Debit Card,Express,3,6427.62,0.2,15426.3,4786.08,3.2,Delivered
ORD100566,2024-05-04,CUST1513,Mixer Grinder,Home & Kitchen,North,COD,Same Day,2,3606.62,0.05,6852.57,1008.15,5.0,Delivered
ORD100031,2024-05-04,CUST1043,Smart Watch,Electronics,South,Credit Card,Same Day,3,41835.5,0.05,119231.18,44751.72,4.4,Delivered
ORD101502,2024-05-05,CUST1377,Perfume,Beauty,North,Credit Card,Same Day,1,6616.05,0.0,6616.05,1793.03,3.3,Delivered
ORD102935,2024-05-05,CUST1008,Storage Organizer,Home & Kitchen,South,UPI,Standard,1,9332.73,0.15,7932.82,1276.47,2.9,Cancelled
ORD100411,2024-05-05,CUST1583,Casual Sneakers,Fashion,West,Debit Card,Standard,2,6696.44,0.05,12723.23,3337.73,2.9,Delivered
ORD100325,2024-05-05,CUST1543,Denim Jacket,Fashion,South,COD,Standard,2,8105.98,0.05,15401.36,5307.28,4.6,Delivered
ORD101655,2024-05-06,CUST1516,Wireless Headphones,Electronics,North,Credit Card,Same Day,2,49351.8,0.1,88833.24,15321.18,3.8,Returned
ORD101544,2024-05-06,CUST1485,Smart Watch,Electronics,South,Credit Card,Standard,1,16618.49,0.05,15787.57,1865.61,5.0,Delivered
ORD103483,2024-05-06,CUST1002,Perfume,Beauty,West,UPI,Express,1,3667.66,0.2,2934.13,483.24,2.3,Delivered
ORD101478,2024-05-06,CUST1555,Skincare Kit,Beauty,South,Net Banking,Standard,1,1117.49,0.25,838.12,160.76,4.3,Delivered
ORD103088,2024-05-06,CUST1143,Football,Sports,North,Net Banking,Same Day,1,1001.33,0.1,901.2,188.68,3.6,Delivered
ORD101111,2024-05-07,CUST1195,Mixer Grinder,Home & Kitchen,South,Net Banking,Standard,2,12505.37,0.05,23760.21,6698.75,3.9,Delivered
ORD101876,2024-05-07,CUST1103,Cookware Set,Home & Kitchen,Central,UPI,Standard,1,7306.12,0.05,6940.81,1760.17,3.7,Delivered
ORD102174,2024-05-07,CUST1297,Running Shoes,Fashion,Central,Debit Card,Standard,2,6650.0,0.15,11305.01,2417.68,4.8,Delivered
ORD100625,2024-05-07,CUST1303,Bluetooth Speaker,Electronics,North,UPI,Standard,1,28642.4,0.0,28642.4,11321.39,3.8,Delivered
ORD101290,2024-05-07,CUST1119,Denim Jacket,Fashion,West,Debit Card,Standard,1,4619.77,0.2,3695.81,529.86,3.7,Delivered
ORD100147,2024-05-07,CUST1362,Mixer Grinder,Home & Kitchen,West,Debit Card,Standard,1,6318.92,0.15,5371.08,873.88,4.7,Delivered
ORD100485,2024-05-07,CUST1204,Wireless Headphones,Electronics,West,Credit Card,Same Day,2,18774.97,0.1,33794.95,9567.03,3.9,Delivered
ORD103209,2024-05-08,CUST1298,Laptop Stand,Electronics,South,Net Banking,Standard,1,36758.27,0.15,31244.53,9931.87,5.0,Cancelled
ORD100636,2024-05-08,CUST1585,Denim Jacket,Fashion,East,Credit Card,Standard,1,3008.29,0.15,2557.05,101.1,3.4,Delivered
ORD101385,2024-05-08,CUST1122,Hair Dryer,Beauty,South,Net Banking,Standard,1,5090.28,0.0,5090.28,993.38,4.8,Delivered
ORD103434,2024-05-08,CUST1234,Backpack,Fashion,South,Debit Card,Standard,1,4425.05,0.15,3761.29,780.23,4.1,Delivered
ORD102292,2024-05-08,CUST1236,Smart Watch,Electronics,West,UPI,Express,2,51557.46,0.1,92803.43,14731.62,4.7,Delivered
ORD100718,2024-05-08,CUST1317,Football,Sports,West,Credit Card,Standard,1,4883.22,0.0,4883.22,1204.65,4.5,Returned
ORD102208,2024-05-08,CUST1322,Laptop Stand,Electronics,South,Net Banking,Express,4,18977.83,0.25,56933.48,-263.19,4.0,Delivered
ORD101287,2024-05-08,CUST1007,Makeup Set,Beauty,Central,Credit Card,Same Day,1,338.52,0.0,338.52,86.85,4.7,Delivered
ORD101816,2024-05-08,CUST1323,Power Bank,Electronics,Central,UPI,Same Day,1,28400.86,0.15,24140.73,2312.58,5.0,Delivered
ORD100565,2024-05-09,CUST1207,Face Serum,Beauty,Central,UPI,Standard,2,5170.36,0.1,9306.64,2300.13,3.7,Returned
ORD101608,2024-05-09,CUST1196,Denim Jacket,Fashion,South,Credit Card,Standard,1,7567.34,0.1,6810.61,964.87,4.5,Delivered
ORD100326,2024-05-09,CUST1203,Cookware Set,Home & Kitchen,Central,UPI,Standard,2,4569.23,0.0,9138.46,1564.08,4.5,Delivered
ORD102881,2024-05-09,CUST1118,Football,Sports,North,Debit Card,Standard,1,8914.13,0.2,7131.3,-28.3,4.1,Delivered
ORD100509,2024-05-09,CUST1070,Running Shoes,Fashion,East,Net Banking,Standard,3,1417.86,0.1,3828.23,1377.15,3.9,Delivered
ORD103109,2024-05-09,CUST1432,Power Bank,Electronics,South,COD,Standard,1,52047.76,0.0,52047.76,22467.8,4.5,Delivered
ORD101307,2024-05-09,CUST1536,T-Shirt,Fashion,West,Net Banking,Same Day,4,515.37,0.1,1855.32,715.04,3.6,Delivered
ORD103254,2024-05-09,CUST1396,Air Fryer,Home & Kitchen,West,Credit Card,Standard,1,11113.21,0.15,9446.23,702.3,3.8,Delivered
ORD102640,2024-05-10,CUST1191,Laptop Stand,Electronics,West,Credit Card,Same Day,1,15748.88,0.15,13386.55,486.26,4.2,Delivered
ORD103292,2024-05-10,CUST1511,Perfume,Beauty,Central,Credit Card,Standard,1,6261.7,0.0,6261.7,2123.88,3.0,Delivered
ORD101264,2024-05-10,CUST1263,Storage Organizer,Home & Kitchen,West,Debit Card,Standard,2,7969.55,0.15,13548.24,2649.97,4.1,Delivered
ORD103371,2024-05-10,CUST1338,Casual Sneakers,Fashion,North,UPI,Standard,1,2216.83,0.1,1995.14,410.21,4.1,Returned
ORD100853,2024-05-10,CUST1249,Laptop Stand,Electronics,East,Debit Card,Express,1,25386.41,0.05,24117.09,3851.69,4.2,Delivered
ORD100188,2024-05-10,CUST1581,T-Shirt,Fashion,North,UPI,Standard,1,7292.34,0.2,5833.87,148.78,4.6,Delivered
ORD101046,2024-05-10,CUST1355,Cricket Bat,Sports,West,COD,Standard,1,1942.09,0.05,1844.99,536.39,5.0,Delivered
ORD102666,2024-05-11,CUST1182,Backpack,Fashion,Central,Credit Card,Express,2,703.35,0.05,1336.37,478.08,4.4,Delivered
ORD100592,2024-05-11,CUST1220,Makeup Set,Beauty,Central,Net Banking,Same Day,1,2605.28,0.05,2475.02,529.25,4.3,Delivered
ORD102966,2024-05-11,CUST1220,Laptop Stand,Electronics,South,Credit Card,Standard,1,40025.36,0.0,40025.36,15600.84,3.9,Delivered
ORD103072,2024-05-11,CUST1019,Casual Sneakers,Fashion,South,Debit Card,Standard,1,4522.25,0.05,4296.14,1717.48,3.1,Delivered
ORD103093,2024-05-11,CUST1454,Skincare Kit,Beauty,West,Net Banking,Standard,1,6956.35,0.25,5217.26,-143.27,3.9,Delivered
ORD103083,2024-05-11,CUST1433,Wireless Headphones,Electronics,Central,COD,Express,1,7066.19,0.0,7066.19,2946.4,4.2,Delivered
ORD100096,2024-05-11,CUST1204,Yoga Mat,Sports,East,Credit Card,Standard,4,1084.26,0.1,3903.35,853.76,4.6,Delivered
ORD102181,2024-05-11,CUST1473,Coffee Maker,Home & Kitchen,North,Debit Card,Express,1,16013.5,0.05,15212.83,4533.19,3.7,Delivered
ORD100383,2024-05-11,CUST1273,Mixer Grinder,Home & Kitchen,North,Debit Card,Standard,1,548.84,0.2,439.07,21.64,3.6,Delivered
ORD100831,2024-05-11,CUST1163,Yoga Mat,Sports,West,COD,Standard,4,9485.78,0.1,34148.8,4014.37,4.4,Delivered
ORD101250,2024-05-12,CUST1025,Wireless Headphones,Electronics,South,Debit Card,Express,2,19329.87,0.0,38659.75,13570.89,3.6,Delivered
ORD101401,2024-05-12,CUST1395,Mixer Grinder,Home & Kitchen,North,Net Banking,Standard,1,4904.74,0.0,4904.74,2144.59,4.4,Delivered
ORD101541,2024-05-12,CUST1098,Power Bank,Electronics,North,UPI,Same Day,2,17531.25,0.05,33309.37,11471.1,4.0,Delivered
ORD101505,2024-05-12,CUST1571,Air Fryer,Home & Kitchen,South,UPI,Same Day,2,13983.49,0.0,27966.98,7412.48,4.3,Delivered
ORD103274,2024-05-12,CUST1564,Denim Jacket,Fashion,North,Debit Card,Express,1,7001.81,0.05,6651.72,2033.93,4.8,Delivered
ORD101785,2024-05-13,CUST1345,Bluetooth Speaker,Electronics,South,Net Banking,Express,2,47162.64,0.0,94325.28,20185.56,2.6,Delivered
ORD101905,2024-05-13,CUST1233,Face Serum,Beauty,South,UPI,Express,2,5991.86,0.15,10186.16,3537.61,3.8,Delivered
ORD101106,2024-05-13,CUST1145,Yoga Mat,Sports,South,UPI,Standard,1,9559.78,0.15,8125.82,2533.08,4.0,Delivered
ORD102486,2024-05-13,CUST1549,Wireless Headphones,Electronics,West,Debit Card,Express,1,43074.23,0.0,43074.23,14678.86,4.9,Delivered
ORD102252,2024-05-13,CUST1072,Makeup Set,Beauty,West,Debit Card,Standard,1,1708.84,0.1,1537.95,529.81,4.5,Delivered
ORD102686,2024-05-13,CUST1235,Makeup Set,Beauty,Central,Net Banking,Standard,4,1036.57,0.15,3524.35,1107.23,5.0,Delivered
ORD101123,2024-05-13,CUST1048,Football,Sports,North,Debit Card,Express,1,7254.1,0.0,7254.1,2833.35,4.1,Delivered
ORD100314,2024-05-13,CUST1230,Air Fryer,Home & Kitchen,South,Credit Card,Standard,3,15091.34,0.15,38482.93,1404.75,3.5,Delivered
ORD101810,2024-05-13,CUST1547,Mixer Grinder,Home & Kitchen,Central,COD,Standard,3,2037.16,0.05,5805.9,1312.58,4.1,Delivered
ORD101708,2024-05-13,CUST1295,Power Bank,Electronics,North,Credit Card,Express,1,17693.75,0.1,15924.37,4089.29,4.3,Delivered
ORD100856,2024-05-13,CUST1580,Yoga Mat,Sports,North,UPI,Same Day,3,732.53,0.05,2087.71,618.83,3.1,Delivered
ORD102161,2024-05-13,CUST1134,Smart Watch,Electronics,Central,Debit Card,Standard,1,48935.97,0.05,46489.17,6529.23,4.4,Delivered
ORD100118,2024-05-14,CUST1262,Coffee Maker,Home & Kitchen,South,Credit Card,Standard,1,16947.21,0.0,16947.21,6410.64,4.5,Returned
ORD101012,2024-05-14,CUST1074,Football,Sports,West,Debit Card,Standard,2,11848.77,0.15,20142.91,1727.94,3.4,Delivered
ORD102099,2024-05-14,CUST1463,T-Shirt,Fashion,Central,Net Banking,Same Day,1,4553.31,0.15,3870.31,448.98,3.0,Delivered
ORD100830,2024-05-14,CUST1112,Bluetooth Speaker,Electronics,Central,Credit Card,Standard,1,5621.86,0.2,4497.49,-200.84,4.1,Delivered
ORD100988,2024-05-14,CUST1399,Cookware Set,Home & Kitchen,West,Debit Card,Standard,1,10350.72,0.05,9833.18,4071.85,3.8,Delivered
ORD101891,2024-05-14,CUST1100,Cookware Set,Home & Kitchen,West,Credit Card,Standard,1,2792.95,0.2,2234.36,-83.54,5.0,Delivered
ORD103277,2024-05-14,CUST1264,Backpack,Fashion,East,COD,Express,2,7104.66,0.0,14209.31,3149.38,3.7,Delivered
ORD103481,2024-05-14,CUST1353,Football,Sports,North,Net Banking,Standard,1,9059.53,0.1,8153.57,2409.53,2.9,Returned
ORD101453,2024-05-14,CUST1086,Resistance Bands,Sports,Central,UPI,Standard,1,913.65,0.05,867.97,363.29,4.3,Delivered
ORD103385,2024-05-14,CUST1025,Football,Sports,South,Credit Card,Same Day,1,4217.11,0.1,3795.4,612.83,3.4,Delivered
ORD102750,2024-05-14,CUST1411,Face Serum,Beauty,Central,Debit Card,Standard,4,3529.93,0.1,12707.76,4118.32,4.2,Delivered
ORD101562,2024-05-15,CUST1370,Mixer Grinder,Home & Kitchen,Central,UPI,Express,1,8707.96,0.1,7837.16,685.45,3.9,Delivered
ORD103060,2024-05-15,CUST1382,Air Fryer,Home & Kitchen,Central,Debit Card,Express,1,17807.31,0.05,16916.95,3499.49,4.3,Returned
ORD100507,2024-05-15,CUST1391,Wireless Headphones,Electronics,Central,Credit Card,Standard,2,24031.24,0.2,38449.98,5104.99,3.8,Delivered
ORD100924,2024-05-15,CUST1189,T-Shirt,Fashion,Central,COD,Standard,1,6139.98,0.0,6139.98,2098.81,3.2,Delivered
ORD103332,2024-05-15,CUST1262,Air Fryer,Home & Kitchen,East,Credit Card,Express,3,3414.25,0.2,8194.19,64.47,3.9,Delivered
ORD101514,2024-05-15,CUST1396,Power Bank,Electronics,South,COD,Express,1,11382.06,0.1,10243.86,3828.36,3.5,Delivered
ORD101903,2024-05-15,CUST1320,Wireless Headphones,Electronics,South,COD,Standard,3,30187.38,0.05,86034.03,27724.6,3.5,Delivered
ORD100616,2024-05-16,CUST1012,T-Shirt,Fashion,South,Debit Card,Standard,1,2787.25,0.05,2647.89,966.4,4.1,Delivered
ORD103430,2024-05-16,CUST1056,Power Bank,Electronics,North,Credit Card,Express,1,43869.48,0.1,39482.53,11716.78,5.0,Delivered
ORD100567,2024-05-16,CUST1253,Denim Jacket,Fashion,West,UPI,Express,2,4832.4,0.0,9664.79,1867.9,4.0,Delivered
ORD102236,2024-05-16,CUST1180,T-Shirt,Fashion,South,COD,Standard,3,5901.34,0.15,15048.42,324.97,4.7,Delivered
ORD100482,2024-05-17,CUST1403,Backpack,Fashion,East,COD,Standard,1,8312.31,0.1,7481.08,1523.53,4.0,Delivered
ORD102398,2024-05-17,CUST1390,Running Shoes,Fashion,West,UPI,Same Day,1,915.48,0.15,778.16,230.55,4.4,Delivered
ORD101412,2024-05-17,CUST1016,Coffee Maker,Home & Kitchen,West,Credit Card,Same Day,3,17759.29,0.1,47950.08,8488.75,5.0,Delivered
ORD103390,2024-05-18,CUST1090,Backpack,Fashion,West,UPI,Standard,1,5521.25,0.05,5245.19,1251.02,5.0,Delivered
ORD103221,2024-05-18,CUST1191,Storage Organizer,Home & Kitchen,West,Debit Card,Standard,2,8634.85,0.1,15542.73,1753.8,4.0,Delivered
ORD101851,2024-05-18,CUST1301,Makeup Set,Beauty,North,Net Banking,Standard,1,552.4,0.05,524.78,177.93,3.9,Delivered
ORD101941,2024-05-18,CUST1308,Hair Dryer,Beauty,North,UPI,Express,1,1332.72,0.15,1132.81,319.21,4.2,Delivered
ORD100695,2024-05-18,CUST1297,Running Shoes,Fashion,East,Credit Card,Standard,2,3911.3,0.1,7040.34,1202.29,3.3,Delivered
ORD101817,2024-05-18,CUST1064,Football,Sports,West,Debit Card,Express,1,2330.45,0.0,2330.45,710.77,4.0,Delivered
ORD101659,2024-05-18,CUST1556,Air Fryer,Home & Kitchen,East,COD,Standard,3,9229.59,0.0,27688.77,6035.88,4.9,Delivered
ORD101424,2024-05-19,CUST1199,Casual Sneakers,Fashion,South,Net Banking,Express,2,2026.32,0.05,3850.01,562.05,2.4,Delivered
ORD101306,2024-05-19,CUST1281,Air Fryer,Home & Kitchen,West,Net Banking,Standard,1,14737.79,0.2,11790.23,979.62,4.2,Delivered
ORD103305,2024-05-19,CUST1315,Skincare Kit,Beauty,West,COD,Express,1,6923.13,0.1,6230.81,1128.89,4.1,Delivered
ORD100918,2024-05-19,CUST1428,Bluetooth Speaker,Electronics,Central,UPI,Standard,1,43874.71,0.05,41680.97,7080.65,4.1,Returned
ORD101561,2024-05-19,CUST1373,Bluetooth Speaker,Electronics,South,Credit Card,Express,1,44882.37,0.05,42638.25,10150.17,4.6,Delivered
ORD102125,2024-05-19,CUST1417,Casual Sneakers,Fashion,Central,Debit Card,Standard,1,834.87,0.0,834.87,327.84,3.0,Returned
ORD103318,2024-05-19,CUST1435,Power Bank,Electronics,Central,Credit Card,Standard,2,37515.67,0.05,71279.78,19853.49,2.9,Delivered
ORD100932,2024-05-20,CUST1539,Makeup Set,Beauty,North,Debit Card,Standard,2,3941.76,0.05,7489.35,1565.02,4.1,Returned
ORD102607,2024-05-20,CUST1470,Smart Watch,Electronics,East,Net Banking,Standard,1,38181.05,0.0,38181.05,9747.25,3.1,Delivered
ORD102345,2024-05-20,CUST1097,Resistance Bands,Sports,East,Debit Card,Express,3,4595.79,0.05,13097.99,4031.01,3.4,Delivered
ORD103467,2024-05-20,CUST1338,Laptop Stand,Electronics,North,Credit Card,Express,3,24756.03,0.0,74268.08,12963.47,3.9,Delivered
ORD100345,2024-05-20,CUST1287,Running Shoes,Fashion,East,UPI,Express,1,3530.48,0.05,3353.96,1173.36,3.9,Delivered
ORD102187,2024-05-21,CUST1148,Laptop Stand,Electronics,West,Net Banking,Express,2,24005.32,0.25,36007.99,4415.06,3.9,Delivered
ORD101803,2024-05-21,CUST1253,Mixer Grinder,Home & Kitchen,North,Debit Card,Express,3,16623.96,0.1,44884.69,7725.79,3.9,Delivered
ORD101178,2024-05-21,CUST1393,Smart Watch,Electronics,East,Debit Card,Standard,1,45125.52,0.1,40612.97,5232.07,4.1,Delivered
ORD102420,2024-05-21,CUST1088,Cookware Set,Home & Kitchen,North,Credit Card,Standard,1,1789.6,0.05,1700.12,470.6,3.0,Delivered
ORD102078,2024-05-21,CUST1273,Dumbbells,Sports,North,Net Banking,Same Day,1,1188.23,0.15,1010.0,126.23,2.8,Delivered
ORD102894,2024-05-22,CUST1348,T-Shirt,Fashion,East,COD,Standard,2,8506.33,0.05,16162.03,2920.27,5.0,Delivered
ORD102417,2024-05-22,CUST1149,Perfume,Beauty,West,Debit Card,Express,1,6525.35,0.0,6525.35,2678.02,4.6,Delivered
ORD100210,2024-05-22,CUST1216,Dumbbells,Sports,East,Net Banking,Express,2,11463.72,0.2,18341.95,3803.68,4.3,Delivered
ORD101501,2024-05-22,CUST1021,Casual Sneakers,Fashion,West,Debit Card,Standard,1,8848.9,0.25,6636.68,80.88,4.2,Delivered
ORD101296,2024-05-23,CUST1303,Power Bank,Electronics,West,UPI,Same Day,3,10897.3,0.05,31057.32,6158.93,3.7,Returned
ORD100379,2024-05-23,CUST1026,Air Fryer,Home & Kitchen,South,COD,Express,3,8940.71,0.0,26822.13,8914.34,3.7,Delivered
ORD101620,2024-05-24,CUST1490,Running Shoes,Fashion,Central,COD,Standard,2,3107.23,0.2,4971.57,1159.51,3.3,Delivered
ORD101458,2024-05-24,CUST1552,Coffee Maker,Home & Kitchen,West,Debit Card,Same Day,1,12523.12,0.0,12523.12,4471.63,4.3,Delivered
ORD100208,2024-05-24,CUST1296,Cookware Set,Home & Kitchen,North,COD,Express,2,15231.3,0.1,27416.35,2057.46,3.3,Delivered
ORD102491,2024-05-24,CUST1284,Running Shoes,Fashion,Central,COD,Standard,1,838.68,0.05,796.75,160.55,4.4,Delivered
ORD103215,2024-05-24,CUST1289,Skincare Kit,Beauty,East,Credit Card,Standard,1,825.67,0.15,701.82,36.75,3.7,Delivered
ORD101881,2024-05-24,CUST1570,Running Shoes,Fashion,Central,UPI,Same Day,4,7730.87,0.0,30923.46,13868.78,4.5,Delivered
ORD103199,2024-05-24,CUST1236,Running Shoes,Fashion,West,Net Banking,Standard,1,6171.25,0.2,4937.0,581.36,3.6,Delivered
ORD100205,2024-05-25,CUST1301,Power Bank,Electronics,South,COD,Same Day,1,22912.98,0.0,22912.98,7530.74,3.2,Delivered
ORD103301,2024-05-25,CUST1042,Casual Sneakers,Fashion,East,Credit Card,Standard,1,8975.46,0.1,8077.91,2556.14,3.5,Delivered
ORD101700,2024-05-25,CUST1262,Mixer Grinder,Home & Kitchen,South,Credit Card,Same Day,1,13587.88,0.2,10870.3,92.25,4.1,Delivered
ORD101260,2024-05-25,CUST1581,Denim Jacket,Fashion,South,COD,Standard,1,4918.88,0.1,4426.99,1607.69,4.0,Delivered
ORD100617,2024-05-25,CUST1079,Football,Sports,West,UPI,Express,1,2073.76,0.1,1866.38,691.27,2.0,Delivered
ORD103167,2024-05-26,CUST1146,Casual Sneakers,Fashion,Central,Net Banking,Express,2,8695.12,0.2,13912.19,3420.69,3.1,Delivered
ORD102300,2024-05-26,CUST1075,Air Fryer,Home & Kitchen,West,Debit Card,Standard,1,9979.72,0.2,7983.77,-288.06,3.1,Delivered
ORD102332,2024-05-26,CUST1494,Air Fryer,Home & Kitchen,South,COD,Standard,2,11555.09,0.0,23110.18,7740.47,4.8,Delivered
ORD100291,2024-05-26,CUST1107,Storage Organizer,Home & Kitchen,South,UPI,Express,1,1303.55,0.15,1108.02,385.62,4.7,Delivered
ORD100508,2024-05-26,CUST1114,Laptop Stand,Electronics,West,COD,Standard,2,6650.02,0.15,11305.04,173.84,4.6,Delivered
ORD101672,2024-05-26,CUST1521,Hair Dryer,Beauty,Central,Credit Card,Standard,1,2082.75,0.25,1562.06,-107.76,3.8,Delivered
ORD101428,2024-05-26,CUST1110,Perfume,Beauty,Central,UPI,Standard,2,5330.29,0.0,10660.57,1846.96,3.7,Delivered
ORD102657,2024-05-27,CUST1366,Power Bank,Electronics,North,UPI,Standard,1,42137.26,0.0,42137.26,17346.66,5.0,Delivered
ORD101122,2024-05-27,CUST1496,Denim Jacket,Fashion,West,UPI,Standard,3,531.44,0.0,1594.32,310.09,4.6,Delivered
ORD101010,2024-05-27,CUST1180,T-Shirt,Fashion,Central,UPI,Standard,1,5331.73,0.2,4265.38,100.1,4.8,Delivered
ORD100743,2024-05-27,CUST1020,Casual Sneakers,Fashion,Central,Credit Card,Standard,2,4391.08,0.05,8343.05,2950.72,4.5,Delivered
ORD100889,2024-05-28,CUST1359,T-Shirt,Fashion,West,COD,Express,3,7555.03,0.2,18132.07,3148.51,3.7,Cancelled
ORD102237,2024-05-28,CUST1559,Running Shoes,Fashion,West,UPI,Express,2,8608.22,0.15,14633.98,233.87,3.7,Delivered
ORD102576,2024-05-28,CUST1181,Backpack,Fashion,North,Credit Card,Express,1,2381.95,0.25,1786.46,114.5,3.9,Delivered
ORD102429,2024-05-28,CUST1155,Bluetooth Speaker,Electronics,Central,COD,Express,1,53284.18,0.25,39963.13,4945.9,3.6,Delivered
ORD100778,2024-05-28,CUST1441,Coffee Maker,Home & Kitchen,North,Net Banking,Standard,2,3593.11,0.2,5748.98,1782.07,4.0,Delivered
ORD100215,2024-05-28,CUST1173,Face Serum,Beauty,North,COD,Express,2,4816.65,0.1,8669.98,2335.05,4.0,Delivered
ORD103059,2024-05-29,CUST1064,Wireless Headphones,Electronics,Central,Debit Card,Standard,3,18976.79,0.05,54083.86,8896.06,3.7,Returned
ORD103099,2024-05-29,CUST1016,Air Fryer,Home & Kitchen,South,Net Banking,Standard,3,10101.42,0.25,22728.19,208.1,4.1,Delivered
ORD103031,2024-05-29,CUST1137,Cricket Bat,Sports,West,Credit Card,Standard,1,3906.25,0.0,3906.25,826.71,5.0,Delivered
ORD103303,2024-05-29,CUST1501,Mixer Grinder,Home & Kitchen,East,COD,Express,1,13581.71,0.1,12223.54,3409.87,4.2,Delivered
ORD101639,2024-05-29,CUST1598,Face Serum,Beauty,North,UPI,Standard,3,4976.32,0.15,12689.62,3368.57,4.6,Delivered
ORD100504,2024-05-29,CUST1481,Backpack,Fashion,East,COD,Same Day,1,7842.01,0.1,7057.81,2599.71,3.7,Delivered
ORD101321,2024-05-30,CUST1410,Air Fryer,Home & Kitchen,East,Credit Card,Standard,1,11568.63,0.05,10990.2,1439.06,3.6,Delivered
ORD100280,2024-05-30,CUST1034,Power Bank,Electronics,West,Net Banking,Standard,2,12607.25,0.1,22693.05,5254.44,4.7,Delivered
ORD103306,2024-05-30,CUST1299,Casual Sneakers,Fashion,East,Debit Card,Same Day,1,5824.81,0.15,4951.09,576.3,3.6,Delivered
ORD101490,2024-05-30,CUST1390,Smart Watch,Electronics,North,Credit Card,Standard,2,30592.98,0.15,52008.07,7772.55,4.3,Delivered
ORD102105,2024-05-30,CUST1037,Denim Jacket,Fashion,West,Debit Card,Express,1,5275.49,0.15,4484.17,1111.93,3.9,Delivered
ORD103082,2024-05-31,CUST1373,Perfume,Beauty,North,Net Banking,Standard,1,1248.14,0.1,1123.33,158.32,5.0,Delivered
ORD100110,2024-05-31,CUST1336,Casual Sneakers,Fashion,Central,Debit Card,Standard,1,702.93,0.0,702.93,277.55,4.7,Delivered
ORD100038,2024-05-31,CUST1317,Wireless Headphones,Electronics,Central,Debit Card,Same Day,1,30083.86,0.05,28579.67,4220.39,4.1,Delivered
ORD103211,2024-05-31,CUST1214,Resistance Bands,Sports,South,Net Banking,Express,3,5384.48,0.05,15345.78,3376.82,3.8,Delivered
ORD100142,2024-05-31,CUST1558,Skincare Kit,Beauty,West,Debit Card,Express,3,3672.81,0.05,10467.49,2301.29,3.1,Delivered
ORD102044,2024-05-31,CUST1132,Denim Jacket,Fashion,South,COD,Standard,2,1846.11,0.05,3507.6,1376.07,3.1,Returned
ORD102954,2024-05-31,CUST1280,Running Shoes,Fashion,West,COD,Standard,1,1761.15,0.15,1496.98,413.19,3.7,Delivered
ORD101793,2024-06-01,CUST1438,Backpack,Fashion,West,COD,Same Day,1,794.13,0.05,754.43,157.01,4.1,Delivered
ORD100412,2024-06-01,CUST1115,Dumbbells,Sports,North,Debit Card,Express,2,3418.56,0.05,6495.26,2525.2,3.7,Delivered
ORD101191,2024-06-01,CUST1040,Wireless Headphones,Electronics,Central,COD,Standard,1,18779.08,0.05,17840.12,7252.24,4.7,Cancelled
ORD100949,2024-06-01,CUST1540,Bluetooth Speaker,Electronics,Central,Net Banking,Standard,2,19705.05,0.1,35469.1,4833.19,4.0,Delivered
ORD101027,2024-06-02,CUST1056,Running Shoes,Fashion,West,UPI,Same Day,1,2919.73,0.1,2627.76,715.7,3.9,Cancelled
ORD100313,2024-06-02,CUST1266,Bluetooth Speaker,Electronics,West,Net Banking,Same Day,1,24270.14,0.05,23056.63,4357.33,3.6,Delivered
ORD101999,2024-06-02,CUST1020,Cookware Set,Home & Kitchen,West,UPI,Standard,2,15878.19,0.1,28580.74,9706.61,4.3,Returned
ORD100398,2024-06-02,CUST1183,Bluetooth Speaker,Electronics,Central,Credit Card,Standard,3,42596.56,0.1,115010.72,20265.2,3.6,Delivered
ORD102848,2024-06-02,CUST1287,Casual Sneakers,Fashion,South,COD,Express,1,2517.11,0.2,2013.69,79.5,4.6,Delivered
ORD102310,2024-06-02,CUST1401,Denim Jacket,Fashion,South,UPI,Standard,1,3726.21,0.15,3167.28,784.93,4.9,Delivered
ORD101550,2024-06-02,CUST1261,Smart Watch,Electronics,West,COD,Standard,2,23953.29,0.05,45511.25,7333.06,3.9,Delivered
ORD100151,2024-06-02,CUST1044,Laptop Stand,Electronics,West,Net Banking,Express,4,39981.4,0.15,135936.75,28787.61,4.5,Delivered
ORD102108,2024-06-02,CUST1365,Storage Organizer,Home & Kitchen,West,COD,Standard,1,4271.26,0.1,3844.14,611.72,4.5,Delivered
ORD102110,2024-06-02,CUST1167,Power Bank,Electronics,Central,Net Banking,Standard,1,9391.36,0.0,9391.36,2872.66,5.0,Delivered
ORD101998,2024-06-02,CUST1595,Bluetooth Speaker,Electronics,Central,Debit Card,Standard,1,13424.98,0.15,11411.23,240.11,5.0,Delivered
ORD103038,2024-06-03,CUST1196,Denim Jacket,Fashion,East,COD,Express,3,4838.58,0.05,13789.95,4959.75,3.2,Returned
ORD100572,2024-06-03,CUST1501,Mixer Grinder,Home & Kitchen,North,Net Banking,Standard,2,6811.05,0.0,13622.09,4622.26,3.1,Delivered
ORD102870,2024-06-03,CUST1595,Yoga Mat,Sports,North,UPI,Standard,1,8065.52,0.1,7258.97,2047.29,3.2,Delivered
ORD101916,2024-06-03,CUST1212,Bluetooth Speaker,Electronics,East,Credit Card,Express,3,26820.99,0.1,72416.66,14757.95,3.9,Delivered
ORD101409,2024-06-03,CUST1375,Wireless Headphones,Electronics,West,Credit Card,Standard,1,29556.23,0.25,22167.17,422.9,4.1,Delivered
ORD102978,2024-06-03,CUST1431,Wireless Headphones,Electronics,North,COD,Standard,1,27824.58,0.0,27824.58,8489.05,4.6,Delivered
ORD102786,2024-06-03,CUST1043,Running Shoes,Fashion,North,Debit Card,Same Day,1,7568.49,0.05,7190.06,2601.84,5.0,Delivered
ORD100813,2024-06-04,CUST1059,Hair Dryer,Beauty,South,Net Banking,Same Day,2,1690.89,0.0,3381.77,1369.74,4.4,Delivered
ORD102705,2024-06-04,CUST1576,Casual Sneakers,Fashion,North,UPI,Standard,2,7164.82,0.0,14329.64,2629.08,4.3,Delivered
ORD100298,2024-06-04,CUST1007,Coffee Maker,Home & Kitchen,Central,Credit Card,Standard,2,1213.11,0.0,2426.22,436.09,4.1,Delivered
ORD100533,2024-06-04,CUST1168,Running Shoes,Fashion,North,UPI,Standard,1,8237.63,0.1,7413.87,1100.76,3.7,Delivered
ORD101381,2024-06-04,CUST1599,Denim Jacket,Fashion,East,Debit Card,Same Day,1,5747.23,0.05,5459.87,761.29,3.3,Delivered
ORD102109,2024-06-04,CUST1072,Face Serum,Beauty,South,Net Banking,Standard,1,1573.8,0.05,1495.11,186.36,3.5,Delivered
ORD101208,2024-06-04,CUST1461,Laptop Stand,Electronics,West,COD,Express,1,49108.67,0.05,46653.24,9887.35,5.0,Delivered
ORD103419,2024-06-04,CUST1476,Running Shoes,Fashion,West,Credit Card,Standard,3,3944.31,0.0,11832.92,4340.71,3.1,Delivered
ORD100449,2024-06-05,CUST1105,Cookware Set,Home & Kitchen,East,COD,Standard,1,15907.76,0.0,15907.76,4375.76,4.2,Delivered
ORD102218,2024-06-05,CUST1004,Laptop Stand,Electronics,West,UPI,Standard,5,52939.28,0.2,211757.11,53359.43,3.8,Delivered
ORD102811,2024-06-05,CUST1200,Skincare Kit,Beauty,South,Net Banking,Same Day,2,2083.72,0.0,4167.44,1197.88,3.7,Delivered
ORD102192,2024-06-05,CUST1532,Backpack,Fashion,East,COD,Standard,1,6447.39,0.1,5802.65,592.44,3.8,Delivered
ORD102806,2024-06-06,CUST1485,Denim Jacket,Fashion,West,UPI,Express,2,2201.93,0.1,3963.47,792.82,4.8,Delivered
ORD100095,2024-06-06,CUST1174,Football,Sports,South,UPI,Standard,1,4423.74,0.15,3760.18,752.52,5.0,Delivered
ORD100480,2024-06-06,CUST1271,Power Bank,Electronics,East,Net Banking,Same Day,2,53983.5,0.05,102568.65,33592.1,3.6,Delivered
ORD100854,2024-06-06,CUST1290,Yoga Mat,Sports,South,Net Banking,Standard,1,4165.88,0.05,3957.59,1167.13,4.4,Delivered
ORD101229,2024-06-06,CUST1400,Coffee Maker,Home & Kitchen,West,Net Banking,Same Day,4,12092.54,0.2,38696.13,2123.5,4.4,Cancelled
ORD101992,2024-06-06,CUST1107,Power Bank,Electronics,North,COD,Express,2,17314.38,0.0,34628.76,11014.36,4.8,Delivered
ORD100659,2024-06-06,CUST1019,Wireless Headphones,Electronics,East,Debit Card,Standard,3,22750.83,0.15,58014.62,5198.22,4.6,Delivered
ORD103367,2024-06-06,CUST1149,Smart Watch,Electronics,East,Net Banking,Standard,2,1951.11,0.2,3121.77,834.77,3.7,Delivered
ORD102418,2024-06-06,CUST1409,Yoga Mat,Sports,East,Net Banking,Standard,1,985.23,0.15,837.44,269.09,4.2,Delivered
ORD101482,2024-06-07,CUST1113,Mixer Grinder,Home & Kitchen,Central,COD,Standard,2,908.72,0.2,1453.95,39.97,3.8,Delivered
ORD102185,2024-06-07,CUST1263,Smart Watch,Electronics,Central,COD,Express,1,4809.52,0.05,4569.05,1465.76,5.0,Delivered
ORD103388,2024-06-07,CUST1062,Casual Sneakers,Fashion,North,Debit Card,Standard,1,3537.19,0.0,3537.19,1151.98,3.2,Delivered
ORD102228,2024-06-07,CUST1249,Dumbbells,Sports,West,Credit Card,Standard,3,778.65,0.25,1751.96,195.76,4.8,Delivered
ORD102040,2024-06-07,CUST1171,Football,Sports,North,Credit Card,Same Day,1,896.9,0.15,762.37,77.69,4.3,Delivered
ORD100840,2024-06-07,CUST1032,Power Bank,Electronics,Central,UPI,Standard,2,20940.7,0.15,35599.19,670.33,3.6,Delivered
ORD102540,2024-06-07,CUST1240,Coffee Maker,Home & Kitchen,Central,Net Banking,Express,4,15886.9,0.25,47660.71,746.08,4.0,Delivered
ORD102397,2024-06-07,CUST1575,Hair Dryer,Beauty,Central,COD,Express,2,3832.72,0.0,7665.44,3340.72,3.9,Delivered
ORD103293,2024-06-07,CUST1045,Running Shoes,Fashion,South,Debit Card,Standard,1,6916.13,0.1,6224.52,1628.08,4.7,Delivered
ORD100494,2024-06-07,CUST1307,Power Bank,Electronics,Central,UPI,Express,1,8823.61,0.0,8823.61,3779.3,4.3,Delivered
ORD102196,2024-06-08,CUST1046,Laptop Stand,Electronics,East,Net Banking,Express,1,37180.45,0.0,37180.45,9031.55,4.2,Delivered
ORD101560,2024-06-08,CUST1323,Power Bank,Electronics,South,Net Banking,Standard,2,25158.65,0.05,47801.44,14033.41,3.6,Delivered
ORD102582,2024-06-08,CUST1142,Casual Sneakers,Fashion,South,COD,Same Day,1,6249.4,0.05,5936.93,2026.68,2.9,Delivered
ORD100341,2024-06-08,CUST1297,Running Shoes,Fashion,South,Credit Card,Same Day,1,3891.78,0.05,3697.19,706.01,3.7,Returned
ORD103041,2024-06-08,CUST1576,Wireless Headphones,Electronics,East,UPI,Standard,1,21167.55,0.05,20109.17,3655.12,4.2,Delivered
ORD101113,2024-06-08,CUST1314,Cookware Set,Home & Kitchen,West,UPI,Same Day,1,16048.18,0.1,14443.36,5506.43,4.1,Delivered
ORD103436,2024-06-09,CUST1290,Dumbbells,Sports,South,UPI,Same Day,1,2435.93,0.0,2435.93,856.06,3.4,Delivered
ORD101450,2024-06-09,CUST1199,Power Bank,Electronics,Central,UPI,Same Day,1,49148.38,0.05,46690.96,6011.26,3.4,Delivered
ORD100153,2024-06-09,CUST1310,Bluetooth Speaker,Electronics,East,Net Banking,Standard,1,46795.56,0.05,44455.78,18049.67,3.8,Delivered
ORD101645,2024-06-10,CUST1451,Perfume,Beauty,South,Debit Card,Express,5,6187.47,0.05,29390.49,3437.71,4.0,Delivered
ORD101819,2024-06-10,CUST1136,Cookware Set,Home & Kitchen,Central,Credit Card,Express,1,5924.38,0.0,5924.38,1272.83,5.0,Cancelled
ORD101861,2024-06-10,CUST1481,Smart Watch,Electronics,South,Credit Card,Standard,4,52988.6,0.1,190758.96,30564.05,4.5,Delivered
ORD101906,2024-06-10,CUST1439,Storage Organizer,Home & Kitchen,South,UPI,Express,2,14913.57,0.05,28335.77,4039.6,3.8,Delivered
ORD100270,2024-06-10,CUST1255,Dumbbells,Sports,Central,Debit Card,Standard,1,10942.53,0.25,8206.9,161.28,5.0,Delivered
ORD100795,2024-06-10,CUST1597,Air Fryer,Home & Kitchen,West,Net Banking,Express,1,16886.24,0.1,15197.61,5083.07,4.5,Delivered
ORD102254,2024-06-10,CUST1087,Smart Watch,Electronics,Central,COD,Express,1,23456.7,0.0,23456.7,10342.09,3.1,Delivered
ORD101337,2024-06-11,CUST1041,Bluetooth Speaker,Electronics,North,Net Banking,Express,1,29045.53,0.1,26140.98,6467.35,3.6,Delivered
ORD102272,2024-06-11,CUST1246,Bluetooth Speaker,Electronics,Central,Credit Card,Standard,3,28751.25,0.05,81941.07,27044.72,3.3,Delivered
ORD100637,2024-06-11,CUST1156,Dumbbells,Sports,Central,UPI,Standard,2,11886.81,0.15,20207.57,5468.46,4.1,Delivered
ORD103474,2024-06-11,CUST1184,Denim Jacket,Fashion,South,Net Banking,Same Day,2,8895.75,0.15,15122.77,5184.46,4.7,Delivered
ORD103177,2024-06-11,CUST1176,Football,Sports,West,Credit Card,Express,2,7907.57,0.25,11861.35,-1111.05,4.3,Delivered
ORD100418,2024-06-11,CUST1037,T-Shirt,Fashion,East,Debit Card,Standard,1,5505.28,0.05,5230.02,1249.6,3.5,Delivered
ORD101238,2024-06-11,CUST1210,Wireless Headphones,Electronics,West,COD,Standard,1,18509.6,0.15,15733.16,3435.24,4.5,Delivered
ORD101580,2024-06-11,CUST1190,Power Bank,Electronics,East,UPI,Standard,1,32482.52,0.0,32482.52,12731.91,3.1,Delivered
ORD100352,2024-06-12,CUST1063,Air Fryer,Home & Kitchen,Central,Credit Card,Same Day,2,4508.48,0.0,9016.96,2775.09,3.8,Cancelled
ORD101315,2024-06-12,CUST1179,Smart Watch,Electronics,East,COD,Express,1,50105.79,0.0,50105.79,21412.59,3.4,Delivered
ORD103204,2024-06-12,CUST1537,Coffee Maker,Home & Kitchen,West,COD,Standard,1,11986.39,0.05,11387.07,3581.31,3.7,Delivered
ORD100970,2024-06-12,CUST1242,Football,Sports,West,COD,Express,1,5582.11,0.2,4465.69,101.37,3.1,Delivered
ORD101402,2024-06-12,CUST1373,Bluetooth Speaker,Electronics,East,UPI,Standard,2,16804.49,0.15,28567.64,3656.7,4.4,Delivered
ORD101399,2024-06-12,CUST1352,Hair Dryer,Beauty,West,Credit Card,Standard,1,4212.3,0.1,3791.07,1193.9,3.4,Delivered
ORD100927,2024-06-13,CUST1290,Wireless Headphones,Electronics,East,Net Banking,Standard,1,51632.57,0.05,49050.94,10212.16,4.0,Delivered
ORD101822,2024-06-13,CUST1414,Football,Sports,West,Credit Card,Standard,1,7178.2,0.05,6819.29,1169.88,3.7,Delivered
ORD102832,2024-06-13,CUST1140,T-Shirt,Fashion,West,Debit Card,Standard,1,3952.14,0.1,3556.92,694.43,3.8,Delivered
ORD103429,2024-06-13,CUST1451,Football,Sports,West,Debit Card,Express,3,1863.0,0.1,5030.11,763.14,3.9,Delivered
ORD100441,2024-06-13,CUST1188,Smart Watch,Electronics,West,Credit Card,Express,2,8165.99,0.1,14698.78,3701.99,2.8,Delivered
ORD101600,2024-06-13,CUST1331,T-Shirt,Fashion,East,UPI,Standard,2,836.33,0.0,1672.65,541.58,4.6,Delivered
ORD102466,2024-06-13,CUST1431,Perfume,Beauty,North,Debit Card,Standard,1,4776.29,0.05,4537.48,1009.33,4.3,Delivered
ORD100262,2024-06-13,CUST1346,Power Bank,Electronics,East,COD,Standard,1,51398.52,0.0,51398.52,20654.59,3.5,Delivered
ORD100189,2024-06-13,CUST1101,Storage Organizer,Home & Kitchen,West,COD,Standard,2,5390.66,0.15,9164.12,750.94,4.9,Delivered
ORD100801,2024-06-14,CUST1394,Hair Dryer,Beauty,West,Credit Card,Express,2,1165.31,0.1,2097.56,669.8,3.8,Cancelled
ORD102996,2024-06-14,CUST1368,Air Fryer,Home & Kitchen,South,UPI,Express,1,16194.97,0.0,16194.97,6341.71,4.2,Delivered
ORD101366,2024-06-14,CUST1282,Mixer Grinder,Home & Kitchen,North,UPI,Standard,1,2944.23,0.1,2649.81,522.27,5.0,Delivered
ORD102051,2024-06-14,CUST1213,Power Bank,Electronics,East,Net Banking,Express,5,4469.73,0.1,20113.77,2431.52,3.7,Delivered
ORD101475,2024-06-14,CUST1482,Storage Organizer,Home & Kitchen,South,Net Banking,Same Day,1,3887.18,0.1,3498.46,807.88,3.7,Delivered
ORD103105,2024-06-14,CUST1154,Bluetooth Speaker,Electronics,South,Credit Card,Standard,1,33843.92,0.0,33843.92,11039.5,4.1,Delivered
ORD102775,2024-06-14,CUST1035,Face Serum,Beauty,North,Credit Card,Express,1,1145.19,0.0,1145.19,321.91,4.4,Delivered
ORD102020,2024-06-14,CUST1263,Mixer Grinder,Home & Kitchen,South,COD,Same Day,2,3915.38,0.15,6656.15,864.93,4.5,Delivered
ORD100306,2024-06-14,CUST1062,Running Shoes,Fashion,North,Debit Card,Standard,3,1893.36,0.1,5112.08,421.78,2.4,Delivered
ORD100951,2024-06-15,CUST1152,Cricket Bat,Sports,West,UPI,Standard,1,11206.74,0.0,11206.74,3660.64,5.0,Delivered
ORD100135,2024-06-15,CUST1284,Bluetooth Speaker,Electronics,West,COD,Standard,1,36984.54,0.0,36984.54,7746.57,2.9,Delivered
ORD101837,2024-06-15,CUST1345,T-Shirt,Fashion,West,COD,Standard,1,8479.93,0.1,7631.94,1609.61,4.6,Delivered
ORD101154,2024-06-15,CUST1074,Cookware Set,Home & Kitchen,West,COD,Standard,1,15936.98,0.15,13546.44,2370.02,4.7,Delivered
ORD102707,2024-06-15,CUST1457,Storage Organizer,Home & Kitchen,Central,COD,Standard,1,10462.03,0.05,9938.93,1979.05,3.4,Delivered
ORD102088,2024-06-15,CUST1485,Casual Sneakers,Fashion,East,Net Banking,Standard,2,3127.47,0.0,6254.95,2650.8,5.0,Delivered
ORD101104,2024-06-16,CUST1127,Casual Sneakers,Fashion,West,UPI,Express,1,4621.58,0.05,4390.5,636.81,3.7,Delivered
ORD103341,2024-06-16,CUST1517,Cricket Bat,Sports,Central,Debit Card,Standard,1,1524.96,0.15,1296.22,208.77,4.6,Delivered
ORD102594,2024-06-16,CUST1189,Resistance Bands,Sports,East,Credit Card,Standard,3,2514.87,0.1,6790.14,1289.01,3.7,Delivered
ORD100225,2024-06-16,CUST1595,Skincare Kit,Beauty,North,COD,Express,1,4946.37,0.0,4946.37,1555.6,3.7,Delivered
ORD101390,2024-06-16,CUST1503,Smart Watch,Electronics,West,Credit Card,Standard,1,4744.02,0.2,3795.22,385.25,4.8,Delivered
ORD102186,2024-06-16,CUST1456,Bluetooth Speaker,Electronics,West,Net Banking,Standard,1,26775.24,0.1,24097.71,9185.35,4.4,Delivered
ORD103372,2024-06-17,CUST1595,Cookware Set,Home & Kitchen,North,Credit Card,Standard,1,9174.99,0.05,8716.24,1955.55,5.0,Delivered
ORD101185,2024-06-17,CUST1437,Coffee Maker,Home & Kitchen,Central,Net Banking,Standard,1,4565.3,0.05,4337.04,1550.05,4.4,Delivered
ORD100238,2024-06-17,CUST1401,Face Serum,Beauty,East,Credit Card,Same Day,1,3422.15,0.1,3079.93,250.96,3.5,Delivered
ORD102126,2024-06-17,CUST1252,Face Serum,Beauty,South,Debit Card,Standard,1,5035.51,0.0,5035.51,1890.85,3.3,Delivered
ORD103061,2024-06-17,CUST1399,Air Fryer,Home & Kitchen,East,Credit Card,Same Day,2,15003.62,0.05,28506.88,10080.52,4.9,Delivered
ORD101778,2024-06-17,CUST1227,Smart Watch,Electronics,Central,Debit Card,Express,1,30342.27,0.15,25790.93,5267.52,3.5,Delivered
ORD102308,2024-06-17,CUST1290,Power Bank,Electronics,South,Net Banking,Standard,4,7873.22,0.05,29918.25,11365.51,3.6,Returned
ORD100525,2024-06-18,CUST1084,Football,Sports,South,UPI,Standard,2,11197.87,0.1,20156.16,2888.71,4.4,Delivered
ORD102807,2024-06-18,CUST1075,Hair Dryer,Beauty,North,UPI,Express,1,1937.77,0.0,1937.77,411.28,4.7,Delivered
ORD100399,2024-06-18,CUST1555,Laptop Stand,Electronics,West,COD,Standard,1,24320.15,0.15,20672.12,3966.59,3.6,Delivered
ORD102354,2024-06-18,CUST1248,Laptop Stand,Electronics,West,Credit Card,Same Day,3,11067.74,0.0,33203.21,10265.0,4.5,Delivered
ORD100332,2024-06-18,CUST1485,Coffee Maker,Home & Kitchen,South,Debit Card,Express,4,9589.51,0.15,32604.32,956.2,4.3,Delivered
ORD101059,2024-06-19,CUST1390,Face Serum,Beauty,Central,COD,Standard,2,5356.01,0.0,10712.01,4400.12,5.0,Delivered
ORD100087,2024-06-19,CUST1414,Running Shoes,Fashion,South,Net Banking,Standard,1,1001.76,0.0,1001.76,313.79,3.5,Delivered
ORD102780,2024-06-19,CUST1010,Makeup Set,Beauty,North,UPI,Same Day,2,710.99,0.0,1421.98,542.1,4.0,Delivered
ORD101461,2024-06-19,CUST1304,Power Bank,Electronics,West,Credit Card,Express,2,9652.45,0.2,15443.92,-719.48,3.8,Delivered
ORD100747,2024-06-20,CUST1116,Wireless Headphones,Electronics,West,UPI,Standard,2,31303.23,0.2,50085.16,7886.93,4.5,Delivered
ORD100748,2024-06-20,CUST1548,Wireless Headphones,Electronics,South,Net Banking,Express,2,51013.88,0.0,102027.76,21098.42,4.3,Delivered
ORD100446,2024-06-20,CUST1015,Power Bank,Electronics,West,COD,Express,1,19563.82,0.0,19563.82,8686.06,3.1,Delivered
ORD101033,2024-06-20,CUST1451,Backpack,Fashion,South,Debit Card,Standard,1,7867.84,0.15,6687.66,1322.05,3.6,Delivered
ORD103097,2024-06-20,CUST1288,Coffee Maker,Home & Kitchen,Central,Debit Card,Standard,1,8955.63,0.2,7164.51,40.23,4.9,Delivered
ORD103163,2024-06-20,CUST1165,Hair Dryer,Beauty,East,COD,Express,1,1926.32,0.05,1830.0,745.18,4.2,Delivered
ORD101820,2024-06-20,CUST1189,Wireless Headphones,Electronics,South,Credit Card,Express,1,14505.08,0.25,10878.81,2377.23,3.6,Delivered
ORD100798,2024-06-21,CUST1022,Backpack,Fashion,South,COD,Same Day,1,7384.64,0.0,7384.64,2354.33,2.8,Delivered
ORD100367,2024-06-21,CUST1487,Storage Organizer,Home & Kitchen,West,COD,Standard,1,3904.53,0.0,3904.53,758.46,4.2,Delivered
ORD100308,2024-06-21,CUST1312,Football,Sports,North,Net Banking,Express,4,2943.04,0.05,11183.55,4698.68,4.5,Delivered
ORD102866,2024-06-21,CUST1496,Storage Organizer,Home & Kitchen,North,Debit Card,Standard,2,2624.35,0.2,4198.97,825.35,4.1,Delivered
ORD102166,2024-06-21,CUST1122,Coffee Maker,Home & Kitchen,West,COD,Same Day,1,16890.49,0.0,16890.49,7484.48,3.9,Delivered
ORD102433,2024-06-21,CUST1193,Smart Watch,Electronics,East,UPI,Express,1,8407.53,0.0,8407.53,2637.07,4.3,Delivered
ORD100987,2024-06-21,CUST1153,Wireless Headphones,Electronics,Central,Credit Card,Express,1,12981.68,0.0,12981.68,5438.79,4.2,Delivered
ORD101013,2024-06-21,CUST1546,Laptop Stand,Electronics,South,COD,Standard,1,13550.2,0.05,12872.69,2228.39,3.8,Delivered
ORD101585,2024-06-22,CUST1204,Coffee Maker,Home & Kitchen,South,Credit Card,Express,1,6594.78,0.05,6265.04,1938.48,3.1,Returned
ORD100553,2024-06-22,CUST1487,Storage Organizer,Home & Kitchen,South,COD,Standard,1,838.61,0.0,838.61,206.33,4.7,Delivered
ORD101176,2024-06-22,CUST1334,Wireless Headphones,Electronics,West,Debit Card,Same Day,3,34910.6,0.25,78548.84,14954.83,3.3,Delivered
ORD100967,2024-06-22,CUST1570,T-Shirt,Fashion,Central,Credit Card,Express,1,1151.67,0.15,978.92,124.61,3.7,Cancelled
ORD101603,2024-06-22,CUST1300,Backpack,Fashion,Central,COD,Standard,2,6025.04,0.05,11447.57,2774.4,3.1,Delivered
ORD100337,2024-06-22,CUST1360,Wireless Headphones,Electronics,East,Credit Card,Standard,1,25783.17,0.2,20626.53,1186.05,5.0,Delivered
ORD101755,2024-06-23,CUST1206,Cricket Bat,Sports,South,UPI,Express,2,550.52,0.0,1101.03,306.9,3.7,Delivered
ORD101434,2024-06-23,CUST1228,Backpack,Fashion,West,COD,Standard,1,7053.33,0.2,5642.66,730.25,4.6,Delivered
ORD101526,2024-06-23,CUST1153,Mixer Grinder,Home & Kitchen,Central,Credit Card,Standard,2,2133.19,0.1,3839.75,451.98,4.5,Delivered
ORD102015,2024-06-23,CUST1420,Cricket Bat,Sports,Central,Credit Card,Express,1,3384.1,0.0,3384.1,928.98,3.1,Returned
ORD102271,2024-06-23,CUST1134,Dumbbells,Sports,West,Debit Card,Standard,3,1325.31,0.05,3777.12,609.5,3.1,Delivered
ORD100524,2024-06-23,CUST1273,Perfume,Beauty,North,UPI,Standard,2,5978.27,0.15,10163.06,2733.3,3.6,Delivered
ORD101575,2024-06-23,CUST1227,Power Bank,Electronics,East,COD,Express,2,1392.0,0.05,2644.79,315.29,3.8,Delivered
ORD101438,2024-06-23,CUST1178,Casual Sneakers,Fashion,Central,COD,Standard,1,2643.73,0.2,2114.99,-102.37,4.1,Delivered
ORD102551,2024-06-24,CUST1085,Running Shoes,Fashion,North,Credit Card,Express,3,5942.72,0.15,15153.93,2460.05,3.0,Delivered
ORD100166,2024-06-24,CUST1354,Power Bank,Electronics,West,Net Banking,Same Day,1,19517.9,0.05,18542.01,5222.76,3.7,Delivered
ORD100402,2024-06-24,CUST1306,Face Serum,Beauty,South,Net Banking,Standard,1,6788.09,0.0,6788.09,1540.91,4.7,Delivered
ORD102927,2024-06-24,CUST1355,Storage Organizer,Home & Kitchen,North,UPI,Standard,3,15475.14,0.05,44104.14,11064.58,3.9,Delivered
ORD100594,2024-06-24,CUST1576,Smart Watch,Electronics,West,Credit Card,Standard,1,23171.05,0.15,19695.39,4597.51,4.2,Delivered
ORD102270,2024-06-24,CUST1199,Makeup Set,Beauty,North,Net Banking,Standard,1,1453.69,0.1,1308.32,460.78,4.5,Delivered
ORD100320,2024-06-24,CUST1076,Makeup Set,Beauty,North,Net Banking,Express,2,4757.65,0.15,8088.01,988.77,3.6,Delivered
ORD102587,2024-06-24,CUST1269,Wireless Headphones,Electronics,East,Credit Card,Standard,2,10032.38,0.0,20064.75,6843.28,3.4,Delivered
ORD103446,2024-06-24,CUST1281,Perfume,Beauty,Central,Credit Card,Same Day,3,3765.97,0.15,9603.21,1336.01,3.2,Delivered
ORD101949,2024-06-24,CUST1101,Storage Organizer,Home & Kitchen,North,Credit Card,Express,3,17866.03,0.2,42878.47,-1973.1,4.6,Returned
ORD102483,2024-06-24,CUST1494,Coffee Maker,Home & Kitchen,West,Debit Card,Express,1,9550.92,0.05,9073.38,1963.46,4.7,Delivered
ORD102129,2024-06-24,CUST1017,Storage Organizer,Home & Kitchen,West,Credit Card,Standard,1,14170.9,0.2,11336.72,596.28,3.6,Delivered
ORD102291,2024-06-24,CUST1054,Backpack,Fashion,Central,Credit Card,Same Day,2,6042.99,0.15,10273.08,1841.07,3.9,Delivered
ORD101503,2024-06-25,CUST1410,Wireless Headphones,Electronics,East,Net Banking,Standard,2,16333.18,0.15,27766.41,5673.3,2.7,Delivered
ORD102151,2024-06-25,CUST1444,Cookware Set,Home & Kitchen,South,Credit Card,Standard,4,5423.14,0.05,20607.92,7328.3,3.2,Returned
ORD101403,2024-06-25,CUST1433,Football,Sports,Central,Credit Card,Standard,2,10283.85,0.1,18510.93,1630.68,3.8,Returned
ORD100606,2024-06-25,CUST1062,Skincare Kit,Beauty,West,Credit Card,Standard,2,1052.84,0.2,1684.54,210.09,4.0,Delivered
ORD102525,2024-06-26,CUST1458,Resistance Bands,Sports,East,Credit Card,Standard,1,4284.89,0.2,3427.91,437.3,4.4,Delivered
ORD101248,2024-06-26,CUST1519,Cricket Bat,Sports,South,Credit Card,Standard,4,1734.9,0.0,6939.61,1560.94,3.8,Delivered
ORD101387,2024-06-26,CUST1324,Casual Sneakers,Fashion,East,Debit Card,Standard,2,1776.37,0.1,3197.47,983.78,3.6,Delivered
ORD102082,2024-06-26,CUST1426,Cookware Set,Home & Kitchen,North,Net Banking,Standard,1,3971.18,0.0,3971.18,878.04,3.8,Returned
ORD102282,2024-06-26,CUST1531,Storage Organizer,Home & Kitchen,East,Debit Card,Express,2,5681.65,0.05,10795.14,1651.75,3.4,Delivered
ORD100065,2024-06-27,CUST1157,Skincare Kit,Beauty,West,UPI,Standard,2,2788.93,0.0,5577.85,1086.6,3.5,Delivered
ORD102536,2024-06-27,CUST1350,Resistance Bands,Sports,Central,Net Banking,Same Day,1,5143.39,0.15,4371.88,1161.98,3.6,Delivered
ORD102920,2024-06-27,CUST1377,Coffee Maker,Home & Kitchen,North,Credit Card,Standard,1,11139.69,0.0,11139.69,3742.71,2.9,Delivered
ORD102091,2024-06-27,CUST1348,Skincare Kit,Beauty,East,Net Banking,Standard,1,6994.72,0.0,6994.72,1752.54,3.8,Delivered
ORD102306,2024-06-27,CUST1257,Skincare Kit,Beauty,Central,UPI,Standard,1,1335.8,0.05,1269.01,179.82,3.2,Delivered
ORD101094,2024-06-28,CUST1371,Power Bank,Electronics,North,Net Banking,Standard,2,4575.47,0.0,9150.95,2111.21,4.4,Delivered
ORD102150,2024-06-28,CUST1558,Dumbbells,Sports,South,COD,Standard,1,5247.83,0.05,4985.44,1792.54,3.3,Delivered
ORD102346,2024-06-28,CUST1073,Dumbbells,Sports,South,Debit Card,Standard,1,10274.93,0.0,10274.93,2267.04,4.1,Delivered
ORD100631,2024-06-28,CUST1559,Casual Sneakers,Fashion,West,Credit Card,Express,1,467.03,0.2,373.62,34.16,4.0,Delivered
ORD103042,2024-06-28,CUST1188,Yoga Mat,Sports,West,UPI,Express,2,10676.83,0.1,19218.29,7447.45,3.7,Delivered
ORD100645,2024-06-28,CUST1168,Cookware Set,Home & Kitchen,South,Credit Card,Express,1,5384.01,0.05,5114.81,1711.22,3.3,Delivered
ORD101914,2024-06-28,CUST1187,Makeup Set,Beauty,East,Debit Card,Standard,2,2027.32,0.05,3851.92,757.62,4.2,Delivered
ORD102575,2024-06-29,CUST1003,Running Shoes,Fashion,East,UPI,Express,3,8889.44,0.0,26668.31,6354.7,5.0,Delivered
ORD101513,2024-06-29,CUST1565,Hair Dryer,Beauty,Central,UPI,Standard,2,4592.49,0.25,6888.73,-116.76,3.2,Delivered
ORD100076,2024-06-29,CUST1388,Perfume,Beauty,South,Credit Card,Express,1,5979.71,0.05,5680.72,1272.33,3.5,Delivered
ORD100253,2024-06-29,CUST1162,Makeup Set,Beauty,West,UPI,Same Day,1,1994.15,0.15,1695.03,470.94,3.3,Delivered
ORD102649,2024-06-29,CUST1522,Skincare Kit,Beauty,East,Net Banking,Express,1,6487.93,0.1,5839.14,1645.12,4.1,Delivered
ORD102068,2024-06-29,CUST1189,Laptop Stand,Electronics,West,Credit Card,Express,1,52669.59,0.05,50036.11,18758.36,4.7,Delivered
ORD101776,2024-06-30,CUST1150,Denim Jacket,Fashion,East,Net Banking,Standard,2,596.92,0.1,1074.45,128.0,4.4,Delivered
ORD101144,2024-06-30,CUST1016,Coffee Maker,Home & Kitchen,West,Credit Card,Standard,3,11144.08,0.05,31760.63,7276.95,4.1,Delivered
ORD100293,2024-06-30,CUST1394,Wireless Headphones,Electronics,North,Debit Card,Standard,1,8725.91,0.2,6980.72,799.17,4.3,Delivered
ORD101904,2024-07-01,CUST1015,Casual Sneakers,Fashion,Central,Net Banking,Standard,1,5087.19,0.2,4069.75,443.88,3.5,Delivered
ORD101029,2024-07-01,CUST1338,Casual Sneakers,Fashion,East,COD,Express,1,668.76,0.0,668.76,231.6,4.0,Delivered
ORD102159,2024-07-01,CUST1442,Perfume,Beauty,South,Debit Card,Express,1,1058.08,0.2,846.46,-3.38,3.6,Delivered
ORD100168,2024-07-01,CUST1256,Air Fryer,Home & Kitchen,East,Credit Card,Express,2,9489.97,0.1,17081.95,5371.14,3.9,Delivered
ORD100737,2024-07-01,CUST1065,Resistance Bands,Sports,East,Net Banking,Standard,1,7874.67,0.0,7874.67,2401.0,3.8,Delivered
ORD100486,2024-07-01,CUST1187,Smart Watch,Electronics,South,Debit Card,Standard,2,2654.22,0.1,4777.59,1360.66,3.9,Returned
ORD101493,2024-07-01,CUST1332,Mixer Grinder,Home & Kitchen,Central,UPI,Express,2,14679.58,0.2,23487.33,-1153.31,4.9,Delivered
ORD101068,2024-07-01,CUST1186,Backpack,Fashion,North,Credit Card,Express,1,7375.21,0.05,7006.45,897.16,5.0,Delivered
ORD101510,2024-07-01,CUST1508,Power Bank,Electronics,South,Net Banking,Standard,1,6207.6,0.15,5276.46,1559.25,3.6,Delivered
ORD102203,2024-07-02,CUST1259,Skincare Kit,Beauty,South,Credit Card,Express,1,726.57,0.05,690.24,258.32,4.0,Delivered
ORD100370,2024-07-02,CUST1028,Mixer Grinder,Home & Kitchen,South,Debit Card,Express,2,16470.23,0.0,32940.47,8009.08,4.1,Delivered
ORD102636,2024-07-02,CUST1086,Football,Sports,East,COD,Express,1,569.64,0.0,569.64,181.91,3.4,Delivered
ORD103433,2024-07-03,CUST1372,Running Shoes,Fashion,East,Debit Card,Express,1,8549.33,0.0,8549.33,3755.25,4.4,Delivered
ORD103394,2024-07-03,CUST1420,Smart Watch,Electronics,West,Net Banking,Express,1,27686.1,0.1,24917.49,4195.04,4.9,Delivered
ORD102366,2024-07-03,CUST1431,Face Serum,Beauty,West,COD,Standard,4,6084.66,0.15,20687.85,3265.3,3.3,Delivered
ORD102322,2024-07-03,CUST1524,Skincare Kit,Beauty,North,Credit Card,Standard,1,704.77,0.05,669.53,269.39,3.6,Delivered
ORD101770,2024-07-03,CUST1111,Yoga Mat,Sports,North,Net Banking,Express,1,1042.98,0.1,938.68,120.76,3.2,Delivered
ORD100626,2024-07-04,CUST1028,T-Shirt,Fashion,Central,Credit Card,Express,1,2991.15,0.0,2991.15,972.09,2.7,Delivered
ORD101899,2024-07-04,CUST1523,Power Bank,Electronics,North,Debit Card,Express,1,24070.43,0.05,22866.91,4239.99,3.1,Delivered
ORD103084,2024-07-04,CUST1438,T-Shirt,Fashion,West,Debit Card,Standard,1,6401.07,0.25,4800.8,528.85,4.5,Delivered
ORD100198,2024-07-04,CUST1174,Bluetooth Speaker,Electronics,West,UPI,Express,2,40033.37,0.0,80066.74,13730.24,3.7,Delivered
ORD103250,2024-07-04,CUST1436,Laptop Stand,Electronics,West,Credit Card,Express,1,29555.9,0.15,25122.51,7076.89,3.4,Delivered
ORD101141,2024-07-04,CUST1020,Power Bank,Electronics,South,COD,Same Day,3,5091.67,0.1,13747.52,1548.71,3.7,Delivered
ORD101781,2024-07-04,CUST1430,Cookware Set,Home & Kitchen,North,UPI,Express,1,8542.32,0.0,8542.32,2964.47,4.1,Delivered
ORD101175,2024-07-04,CUST1222,Power Bank,Electronics,Central,Debit Card,Standard,1,2467.43,0.1,2220.69,664.37,3.4,Delivered
ORD101973,2024-07-05,CUST1109,Laptop Stand,Electronics,North,COD,Same Day,1,5221.59,0.05,4960.51,865.61,3.6,Delivered
ORD103486,2024-07-05,CUST1318,Denim Jacket,Fashion,North,COD,Standard,3,6845.0,0.1,18481.5,5000.12,3.6,Delivered
ORD102460,2024-07-05,CUST1105,Power Bank,Electronics,Central,Debit Card,Standard,1,38549.65,0.1,34694.69,5044.11,3.0,Delivered
ORD101159,2024-07-05,CUST1299,Wireless Headphones,Electronics,South,Net Banking,Standard,2,29437.68,0.15,50044.06,1890.73,3.0,Delivered
ORD101977,2024-07-06,CUST1425,Storage Organizer,Home & Kitchen,Central,UPI,Standard,1,9267.78,0.15,7877.61,1021.87,4.0,Delivered
ORD102490,2024-07-06,CUST1030,Power Bank,Electronics,South,Credit Card,Express,3,30022.14,0.05,85563.11,23749.92,4.2,Delivered
ORD101371,2024-07-06,CUST1575,Laptop Stand,Electronics,East,UPI,Express,1,1489.33,0.0,1489.33,473.09,3.5,Delivered
ORD101710,2024-07-06,CUST1062,Air Fryer,Home & Kitchen,West,Net Banking,Same Day,2,13785.39,0.15,23435.15,3174.18,3.7,Cancelled
ORD102029,2024-07-06,CUST1044,Makeup Set,Beauty,North,UPI,Standard,1,4824.35,0.05,4583.13,715.63,4.0,Delivered
ORD100990,2024-07-06,CUST1113,Backpack,Fashion,East,Credit Card,Standard,1,2887.55,0.15,2454.42,465.23,3.5,Delivered
ORD103212,2024-07-06,CUST1339,Storage Organizer,Home & Kitchen,North,Credit Card,Express,1,8807.54,0.2,7046.03,105.82,4.2,Delivered
ORD101646,2024-07-06,CUST1286,Cricket Bat,Sports,West,Debit Card,Standard,2,8473.04,0.0,16946.08,4602.57,4.2,Delivered
ORD100196,2024-07-06,CUST1185,Air Fryer,Home & Kitchen,North,Credit Card,Express,1,6654.53,0.25,4990.9,839.79,4.4,Delivered
ORD102326,2024-07-06,CUST1092,Running Shoes,Fashion,East,COD,Express,5,8816.2,0.15,37468.83,4160.42,4.1,Delivered
ORD103090,2024-07-06,CUST1007,Coffee Maker,Home & Kitchen,West,Credit Card,Standard,1,8050.31,0.15,6842.76,1163.05,4.7,Delivered
ORD102073,2024-07-06,CUST1413,Dumbbells,Sports,West,Debit Card,Standard,1,7337.87,0.05,6970.98,2718.39,4.5,Delivered
ORD101329,2024-07-06,CUST1293,Cricket Bat,Sports,East,COD,Standard,1,5483.33,0.15,4660.83,1360.7,3.7,Delivered
ORD103173,2024-07-07,CUST1315,Storage Organizer,Home & Kitchen,North,Net Banking,Standard,1,689.75,0.15,586.29,155.08,3.1,Delivered
ORD101356,2024-07-07,CUST1508,Coffee Maker,Home & Kitchen,West,UPI,Standard,2,10240.22,0.1,18432.4,1833.73,4.3,Delivered
ORD102739,2024-07-07,CUST1164,Backpack,Fashion,West,UPI,Express,1,4923.45,0.05,4677.28,1476.92,3.6,Delivered
ORD102484,2024-07-07,CUST1085,Backpack,Fashion,West,COD,Express,1,5920.06,0.2,4736.05,974.97,3.9,Delivered
ORD101792,2024-07-07,CUST1204,Football,Sports,South,COD,Express,1,7323.93,0.0,7323.93,2251.45,4.9,Delivered
ORD101406,2024-07-08,CUST1172,Resistance Bands,Sports,North,COD,Same Day,2,1081.86,0.0,2163.73,452.23,3.7,Delivered
ORD102589,2024-07-08,CUST1450,Perfume,Beauty,North,Net Banking,Standard,1,2549.09,0.1,2294.18,244.99,3.2,Delivered
ORD101382,2024-07-08,CUST1300,Backpack,Fashion,North,Debit Card,Same Day,1,3731.28,0.0,3731.28,902.34,4.6,Delivered
ORD101235,2024-07-08,CUST1252,Skincare Kit,Beauty,North,UPI,Same Day,1,332.39,0.2,265.92,65.63,4.7,Delivered
ORD100267,2024-07-08,CUST1450,Storage Organizer,Home & Kitchen,West,Net Banking,Standard,1,10704.81,0.25,8028.61,1949.25,3.6,Cancelled
ORD101591,2024-07-08,CUST1226,Skincare Kit,Beauty,North,COD,Express,1,3973.91,0.2,3179.13,458.26,4.2,Delivered
ORD102424,2024-07-09,CUST1547,Backpack,Fashion,West,COD,Same Day,4,709.48,0.0,2837.92,1218.24,4.1,Delivered
ORD101311,2024-07-09,CUST1149,Denim Jacket,Fashion,South,Credit Card,Standard,4,6910.02,0.0,27640.09,12208.13,4.9,Returned
ORD101756,2024-07-09,CUST1036,Denim Jacket,Fashion,South,Credit Card,Same Day,1,3165.12,0.15,2690.35,714.15,4.3,Delivered
ORD102997,2024-07-09,CUST1528,Denim Jacket,Fashion,North,COD,Standard,2,6728.5,0.1,12111.3,2874.61,3.7,Delivered
ORD100138,2024-07-09,CUST1050,Perfume,Beauty,West,UPI,Express,1,6728.08,0.2,5382.46,905.68,3.9,Delivered
ORD102909,2024-07-09,CUST1557,Smart Watch,Electronics,Central,COD,Standard,3,22305.11,0.2,53532.27,9700.38,3.8,Cancelled
ORD103453,2024-07-09,CUST1497,Backpack,Fashion,North,Credit Card,Express,1,936.33,0.15,795.88,13.0,2.7,Delivered
ORD100978,2024-07-10,CUST1522,Makeup Set,Beauty,Central,UPI,Standard,1,5121.35,0.0,5121.35,1819.94,3.3,Delivered
ORD103020,2024-07-10,CUST1003,Football,Sports,North,Net Banking,Standard,4,11176.44,0.1,40235.17,8194.09,4.2,Delivered
ORD102584,2024-07-10,CUST1404,Laptop Stand,Electronics,West,COD,Same Day,1,54187.03,0.05,51477.68,5977.67,4.6,Delivered
ORD101362,2024-07-10,CUST1536,Storage Organizer,Home & Kitchen,East,COD,Express,1,16713.6,0.1,15042.24,3974.25,4.2,Delivered
ORD103405,2024-07-11,CUST1001,Makeup Set,Beauty,North,Net Banking,Express,1,665.32,0.0,665.32,275.23,3.5,Delivered
ORD100043,2024-07-12,CUST1465,Wireless Headphones,Electronics,South,Net Banking,Express,1,19940.68,0.05,18943.65,5121.68,3.4,Delivered
ORD102281,2024-07-12,CUST1088,Yoga Mat,Sports,Central,Net Banking,Standard,1,8556.68,0.05,8128.85,2073.04,3.4,Delivered
ORD101830,2024-07-13,CUST1338,Hair Dryer,Beauty,North,UPI,Standard,2,5178.24,0.25,7767.36,1882.14,3.5,Delivered
ORD103406,2024-07-13,CUST1019,Perfume,Beauty,West,Debit Card,Standard,1,5681.17,0.2,4544.93,620.91,3.2,Delivered
ORD102884,2024-07-13,CUST1148,Power Bank,Electronics,South,UPI,Express,3,27529.87,0.2,66071.69,4714.11,4.7,Delivered
ORD100520,2024-07-14,CUST1080,Laptop Stand,Electronics,North,Net Banking,Express,3,49068.97,0.2,117765.53,-5599.24,3.4,Delivered
ORD103053,2024-07-14,CUST1291,Power Bank,Electronics,South,COD,Standard,1,31455.98,0.15,26737.58,6964.22,3.6,Delivered
ORD102489,2024-07-14,CUST1338,Denim Jacket,Fashion,Central,Debit Card,Express,1,4144.2,0.1,3729.78,996.93,5.0,Delivered
ORD103130,2024-07-15,CUST1292,Denim Jacket,Fashion,Central,UPI,Standard,3,3319.92,0.05,9461.77,3649.19,4.2,Delivered
ORD103464,2024-07-15,CUST1049,Power Bank,Electronics,South,Net Banking,Express,1,40538.71,0.0,40538.71,11403.38,4.3,Delivered
ORD101926,2024-07-15,CUST1497,Cricket Bat,Sports,West,Net Banking,Standard,1,9700.82,0.1,8730.73,3274.15,3.5,Delivered
ORD102758,2024-07-15,CUST1440,T-Shirt,Fashion,North,Net Banking,Standard,1,2109.04,0.15,1792.68,277.49,4.9,Delivered
ORD101698,2024-07-15,CUST1342,Skincare Kit,Beauty,North,UPI,Same Day,1,5263.91,0.2,4211.13,528.0,3.5,Delivered
ORD101684,2024-07-15,CUST1469,Smart Watch,Electronics,South,Credit Card,Express,1,48503.54,0.05,46078.37,13444.63,4.7,Delivered
ORD102561,2024-07-15,CUST1474,Mixer Grinder,Home & Kitchen,North,Credit Card,Standard,3,1276.4,0.15,3254.81,357.64,3.9,Cancelled
ORD101924,2024-07-16,CUST1181,Resistance Bands,Sports,East,COD,Standard,1,6156.02,0.1,5540.42,712.22,4.0,Delivered
ORD102485,2024-07-16,CUST1186,Mixer Grinder,Home & Kitchen,South,COD,Standard,1,8165.89,0.0,8165.89,2939.68,3.8,Delivered
ORD103085,2024-07-16,CUST1348,Storage Organizer,Home & Kitchen,West,COD,Standard,2,3265.03,0.15,5550.55,1211.66,4.1,Delivered
ORD101571,2024-07-16,CUST1352,Air Fryer,Home & Kitchen,Central,UPI,Same Day,1,16997.58,0.1,15297.82,3581.86,3.5,Returned
ORD102849,2024-07-16,CUST1407,Denim Jacket,Fashion,North,Credit Card,Standard,1,993.18,0.2,794.54,60.68,5.0,Delivered
ORD100764,2024-07-16,CUST1360,Casual Sneakers,Fashion,West,COD,Standard,2,4260.69,0.05,8095.31,2841.17,4.9,Delivered
ORD100193,2024-07-16,CUST1196,Denim Jacket,Fashion,East,UPI,Standard,1,5214.61,0.0,5214.61,1860.54,4.5,Delivered
ORD100997,2024-07-16,CUST1233,Denim Jacket,Fashion,East,Debit Card,Standard,1,5914.93,0.25,4436.2,-291.46,3.9,Delivered
ORD102826,2024-07-16,CUST1033,Face Serum,Beauty,Central,Credit Card,Express,2,1050.97,0.0,2101.93,734.51,4.2,Delivered
ORD102052,2024-07-16,CUST1394,Coffee Maker,Home & Kitchen,Central,COD,Express,2,10621.79,0.25,15932.69,342.66,3.2,Delivered
ORD102440,2024-07-17,CUST1154,Casual Sneakers,Fashion,East,Credit Card,Same Day,1,8970.72,0.0,8970.72,2563.7,3.5,Delivered
ORD102144,2024-07-17,CUST1366,Casual Sneakers,Fashion,North,Net Banking,Express,3,709.2,0.2,1702.08,8.87,4.8,Returned
ORD100300,2024-07-17,CUST1554,Wireless Headphones,Electronics,East,Debit Card,Standard,1,32377.13,0.05,30758.28,7505.81,4.0,Delivered
ORD101772,2024-07-17,CUST1145,Face Serum,Beauty,West,UPI,Express,1,5249.6,0.05,4987.12,1665.83,5.0,Delivered
ORD102190,2024-07-17,CUST1223,Denim Jacket,Fashion,East,COD,Standard,1,5899.98,0.05,5604.98,1093.53,3.7,Delivered
ORD103236,2024-07-17,CUST1239,Power Bank,Electronics,Central,Net Banking,Standard,2,37892.41,0.1,68206.33,16098.9,4.3,Delivered
ORD101051,2024-07-18,CUST1022,Running Shoes,Fashion,West,Net Banking,Same Day,1,3288.85,0.0,3288.85,1205.31,3.9,Delivered
ORD103100,2024-07-18,CUST1082,Wireless Headphones,Electronics,Central,UPI,Standard,1,35481.75,0.0,35481.75,5770.0,4.1,Delivered
ORD103114,2024-07-18,CUST1124,Cricket Bat,Sports,North,Net Banking,Express,1,4361.52,0.2,3489.22,-60.04,4.3,Delivered
ORD101359,2024-07-18,CUST1455,Air Fryer,Home & Kitchen,North,Debit Card,Standard,2,14565.8,0.1,26218.43,2684.51,2.6,Delivered
ORD100745,2024-07-18,CUST1168,Air Fryer,Home & Kitchen,East,COD,Standard,4,14224.58,0.2,45518.65,13546.26,3.5,Delivered
ORD100052,2024-07-18,CUST1564,Air Fryer,Home & Kitchen,South,Net Banking,Same Day,3,6847.08,0.2,16432.98,4531.01,4.1,Delivered
ORD102892,2024-07-18,CUST1155,Cookware Set,Home & Kitchen,North,UPI,Standard,1,2969.32,0.0,2969.32,1071.56,3.9,Delivered
ORD102762,2024-07-18,CUST1141,Smart Watch,Electronics,West,COD,Express,2,15669.91,0.1,28205.83,8913.03,4.2,Delivered
ORD100200,2024-07-19,CUST1092,Football,Sports,South,UPI,Standard,1,9408.27,0.05,8937.85,2401.54,3.9,Delivered
ORD102200,2024-07-19,CUST1374,Face Serum,Beauty,North,Credit Card,Express,1,1590.08,0.0,1590.08,347.05,4.1,Delivered
ORD101137,2024-07-19,CUST1298,T-Shirt,Fashion,North,Debit Card,Express,1,7359.04,0.1,6623.14,679.78,5.0,Delivered
ORD100062,2024-07-19,CUST1253,Dumbbells,Sports,South,COD,Standard,1,10614.97,0.1,9553.47,3562.23,2.7,Delivered
ORD102055,2024-07-19,CUST1309,Cricket Bat,Sports,Central,Net Banking,Standard,2,3182.42,0.1,5728.36,1747.44,3.9,Delivered
ORD100392,2024-07-19,CUST1262,Backpack,Fashion,North,Debit Card,Standard,1,8682.31,0.15,7379.97,914.85,4.2,Delivered
ORD100629,2024-07-19,CUST1255,Dumbbells,Sports,Central,Credit Card,Standard,1,6676.92,0.15,5675.38,773.68,4.4,Returned
ORD102278,2024-07-20,CUST1425,Hair Dryer,Beauty,South,UPI,Standard,3,950.79,0.05,2709.75,722.46,5.0,Delivered
ORD102355,2024-07-20,CUST1353,Hair Dryer,Beauty,South,COD,Express,1,1639.73,0.0,1639.73,482.49,4.8,Delivered
ORD101270,2024-07-20,CUST1178,T-Shirt,Fashion,East,UPI,Express,1,4488.88,0.15,3815.54,233.8,3.8,Delivered
ORD100627,2024-07-20,CUST1055,Denim Jacket,Fashion,Central,Net Banking,Standard,3,2631.42,0.1,7104.84,658.16,4.3,Delivered
ORD103107,2024-07-20,CUST1600,Bluetooth Speaker,Electronics,Central,Debit Card,Standard,1,15237.42,0.05,14475.55,5877.39,3.3,Delivered
ORD100021,2024-07-21,CUST1200,Dumbbells,Sports,Central,Debit Card,Standard,5,6241.5,0.05,29647.14,7954.72,3.3,Delivered
ORD102766,2024-07-21,CUST1416,Power Bank,Electronics,South,Debit Card,Standard,1,5302.22,0.0,5302.22,971.9,5.0,Delivered
ORD101966,2024-07-21,CUST1021,Face Serum,Beauty,East,COD,Same Day,1,1928.11,0.15,1638.9,299.86,3.1,Delivered
ORD102406,2024-07-21,CUST1282,T-Shirt,Fashion,East,COD,Same Day,2,5721.63,0.15,9726.78,3245.21,4.1,Delivered
ORD101150,2024-07-21,CUST1239,Face Serum,Beauty,East,Debit Card,Standard,3,4774.53,0.15,12175.06,350.34,3.1,Delivered
ORD100067,2024-07-21,CUST1093,Denim Jacket,Fashion,Central,Net Banking,Standard,1,4693.73,0.1,4224.36,461.33,4.7,Delivered
ORD100331,2024-07-21,CUST1122,Running Shoes,Fashion,Central,Net Banking,Standard,1,1678.99,0.0,1678.99,670.91,4.2,Delivered
ORD103010,2024-07-21,CUST1166,Makeup Set,Beauty,West,Debit Card,Standard,4,1591.53,0.2,5092.88,-168.76,4.4,Delivered
ORD103005,2024-07-21,CUST1163,Power Bank,Electronics,North,Credit Card,Standard,1,41355.45,0.2,33084.36,1099.84,3.9,Delivered
ORD102695,2024-07-21,CUST1235,Cookware Set,Home & Kitchen,South,Debit Card,Standard,2,12850.45,0.2,20560.72,4999.9,2.6,Delivered
ORD102586,2024-07-21,CUST1267,T-Shirt,Fashion,South,COD,Express,1,8738.11,0.2,6990.49,845.54,5.0,Delivered
ORD100908,2024-07-22,CUST1157,Football,Sports,East,Credit Card,Same Day,2,1671.58,0.15,2841.68,766.53,3.9,Delivered
ORD103253,2024-07-22,CUST1007,Resistance Bands,Sports,South,UPI,Same Day,1,7639.44,0.0,7639.44,2025.2,4.3,Delivered
ORD101936,2024-07-22,CUST1243,Face Serum,Beauty,North,Credit Card,Standard,1,4604.67,0.0,4604.67,1369.57,4.4,Delivered
ORD101863,2024-07-22,CUST1513,Football,Sports,East,Credit Card,Standard,1,3165.17,0.05,3006.91,842.58,5.0,Delivered
ORD103492,2024-07-22,CUST1139,Dumbbells,Sports,Central,UPI,Express,1,2164.42,0.0,2164.42,367.47,3.4,Delivered
ORD101043,2024-07-22,CUST1368,Casual Sneakers,Fashion,East,COD,Standard,1,5049.65,0.0,5049.65,1700.74,4.1,Delivered
ORD101267,2024-07-22,CUST1006,Running Shoes,Fashion,North,COD,Standard,1,7999.84,0.05,7599.85,899.11,4.1,Delivered
ORD102414,2024-07-22,CUST1315,Mixer Grinder,Home & Kitchen,Central,Debit Card,Standard,2,4349.23,0.25,6523.84,-166.87,4.0,Delivered
ORD102679,2024-07-23,CUST1552,Mixer Grinder,Home & Kitchen,South,Credit Card,Standard,1,13525.62,0.05,12849.34,3595.44,3.9,Delivered
ORD100575,2024-07-23,CUST1014,Coffee Maker,Home & Kitchen,Central,Credit Card,Express,1,14658.19,0.1,13192.37,2254.88,3.7,Cancelled
ORD103024,2024-07-23,CUST1179,Coffee Maker,Home & Kitchen,North,Net Banking,Express,1,8878.71,0.25,6659.03,1131.82,4.1,Delivered
ORD100373,2024-07-23,CUST1286,Power Bank,Electronics,Central,COD,Express,1,33688.58,0.05,32004.15,7449.35,4.7,Delivered
ORD102653,2024-07-23,CUST1203,Air Fryer,Home & Kitchen,West,Debit Card,Standard,2,15297.62,0.05,29065.48,9535.45,4.9,Delivered
ORD100497,2024-07-23,CUST1508,Mixer Grinder,Home & Kitchen,East,Debit Card,Standard,1,10910.05,0.1,9819.04,1400.75,3.7,Delivered
ORD101856,2024-07-24,CUST1417,Running Shoes,Fashion,Central,UPI,Express,1,2376.21,0.15,2019.78,120.69,3.5,Delivered
ORD100912,2024-07-24,CUST1201,Skincare Kit,Beauty,South,Credit Card,Express,1,6896.91,0.2,5517.53,1163.85,3.0,Delivered
ORD100769,2024-07-24,CUST1303,Skincare Kit,Beauty,West,COD,Standard,2,4853.52,0.1,8736.34,2225.01,3.8,Delivered
ORD101771,2024-07-25,CUST1258,Cricket Bat,Sports,Central,UPI,Standard,1,1381.68,0.05,1312.59,517.27,2.8,Delivered
ORD102919,2024-07-25,CUST1058,Backpack,Fashion,Central,UPI,Express,1,8409.04,0.0,8409.04,1501.99,4.9,Delivered
ORD101747,2024-07-25,CUST1560,Laptop Stand,Electronics,Central,COD,Standard,2,29702.33,0.1,53464.19,18583.9,3.0,Delivered
ORD103227,2024-07-25,CUST1358,Air Fryer,Home & Kitchen,North,Credit Card,Express,1,6972.87,0.05,6624.22,2728.53,4.8,Delivered
ORD102723,2024-07-25,CUST1154,Laptop Stand,Electronics,South,COD,Express,1,47956.24,0.1,43160.61,6625.74,4.0,Delivered
ORD102591,2024-07-26,CUST1586,Power Bank,Electronics,North,Net Banking,Standard,2,41419.34,0.1,74554.82,20580.71,4.0,Delivered
ORD101944,2024-07-26,CUST1152,Football,Sports,West,COD,Same Day,2,2004.3,0.05,3808.17,819.32,5.0,Delivered
ORD101717,2024-07-26,CUST1400,Wireless Headphones,Electronics,North,UPI,Express,1,38692.28,0.15,32888.44,7039.59,3.4,Delivered
ORD100378,2024-07-26,CUST1107,Smart Watch,Electronics,East,UPI,Standard,1,9400.86,0.2,7520.69,1457.45,3.1,Delivered
ORD102568,2024-07-26,CUST1090,Coffee Maker,Home & Kitchen,North,Debit Card,Standard,1,8368.05,0.1,7531.24,1073.73,3.8,Delivered
ORD100633,2024-07-26,CUST1302,Running Shoes,Fashion,East,Net Banking,Same Day,2,3466.95,0.1,6240.51,1056.36,4.8,Delivered
ORD102543,2024-07-27,CUST1446,Yoga Mat,Sports,East,Debit Card,Express,3,1736.21,0.05,4948.2,1252.17,3.5,Delivered
ORD101284,2024-07-27,CUST1507,Yoga Mat,Sports,North,UPI,Express,1,3907.58,0.15,3321.44,514.13,3.0,Delivered
ORD100187,2024-07-27,CUST1565,Yoga Mat,Sports,South,Debit Card,Standard,3,3318.01,0.0,9954.03,3885.96,4.9,Delivered
ORD101592,2024-07-28,CUST1028,Cookware Set,Home & Kitchen,Central,COD,Express,1,1472.77,0.2,1178.22,69.05,4.0,Delivered
ORD102874,2024-07-28,CUST1088,Mixer Grinder,Home & Kitchen,North,COD,Standard,1,12315.18,0.25,9236.39,-41.33,4.3,Delivered
ORD103423,2024-07-28,CUST1474,Denim Jacket,Fashion,South,Credit Card,Standard,2,3655.04,0.2,5848.06,463.79,2.5,Delivered
ORD103062,2024-07-28,CUST1285,Bluetooth Speaker,Electronics,West,Debit Card,Standard,1,30227.02,0.1,27204.32,4344.11,4.4,Delivered
ORD100757,2024-07-28,CUST1054,Coffee Maker,Home & Kitchen,North,UPI,Standard,1,9766.44,0.0,9766.44,4149.95,4.9,Delivered
ORD102580,2024-07-28,CUST1539,Bluetooth Speaker,Electronics,West,Debit Card,Standard,1,39761.24,0.05,37773.18,8225.51,3.7,Delivered
ORD102404,2024-07-29,CUST1113,Storage Organizer,Home & Kitchen,West,Net Banking,Standard,1,9977.21,0.0,9977.21,2440.37,3.4,Delivered
ORD101467,2024-07-29,CUST1203,Coffee Maker,Home & Kitchen,East,COD,Standard,1,10075.89,0.05,9572.09,2076.67,4.3,Delivered
ORD101880,2024-07-29,CUST1100,Laptop Stand,Electronics,West,UPI,Same Day,1,3201.35,0.1,2881.21,507.32,4.9,Delivered
ORD101158,2024-07-29,CUST1253,Running Shoes,Fashion,South,Net Banking,Standard,1,3469.29,0.05,3295.83,478.17,4.6,Delivered
ORD101760,2024-07-29,CUST1597,Backpack,Fashion,East,UPI,Same Day,2,4805.39,0.1,8649.71,3169.38,2.8,Delivered
ORD102427,2024-07-29,CUST1356,Makeup Set,Beauty,East,UPI,Express,1,4033.22,0.0,4033.22,1211.6,3.0,Delivered
ORD101016,2024-07-29,CUST1211,Cookware Set,Home & Kitchen,West,Net Banking,Express,1,12979.26,0.2,10383.41,774.79,4.1,Delivered
ORD100613,2024-07-29,CUST1587,Casual Sneakers,Fashion,South,UPI,Standard,1,3403.03,0.15,2892.58,718.09,3.0,Delivered
ORD101384,2024-07-30,CUST1004,Yoga Mat,Sports,North,Net Banking,Express,4,4522.53,0.15,15376.59,3251.43,4.4,Delivered
ORD102847,2024-07-30,CUST1591,Hair Dryer,Beauty,South,Net Banking,Express,1,6880.59,0.1,6192.53,2046.31,3.9,Delivered
ORD103022,2024-07-30,CUST1096,Bluetooth Speaker,Electronics,South,UPI,Standard,1,25966.34,0.0,25966.34,5934.31,3.7,Returned
ORD100093,2024-07-30,CUST1342,Wireless Headphones,Electronics,West,Debit Card,Same Day,2,31168.69,0.2,49869.91,7961.71,3.9,Returned
ORD102778,2024-07-31,CUST1024,Makeup Set,Beauty,West,Credit Card,Express,1,1046.75,0.05,994.41,215.08,4.6,Delivered
ORD101628,2024-07-31,CUST1407,Dumbbells,Sports,South,COD,Express,1,3522.03,0.0,3522.03,1114.6,4.3,Delivered
ORD102834,2024-07-31,CUST1040,Perfume,Beauty,Central,Net Banking,Standard,1,1029.89,0.2,823.91,24.57,3.4,Delivered
ORD102599,2024-07-31,CUST1150,Wireless Headphones,Electronics,East,UPI,Standard,1,20254.47,0.05,19241.75,2645.56,4.0,Delivered
ORD103058,2024-07-31,CUST1573,Cricket Bat,Sports,West,COD,Express,1,8126.33,0.15,6907.38,1912.35,4.0,Delivered
ORD101065,2024-07-31,CUST1204,Denim Jacket,Fashion,North,COD,Standard,1,5567.88,0.1,5011.09,1147.18,3.7,Delivered
ORD100808,2024-08-01,CUST1482,Cricket Bat,Sports,Central,COD,Standard,1,5276.85,0.15,4485.32,1133.68,4.4,Delivered
ORD102682,2024-08-01,CUST1102,Skincare Kit,Beauty,Central,UPI,Express,1,6206.44,0.15,5275.48,200.45,3.1,Delivered
ORD102215,2024-08-01,CUST1260,Laptop Stand,Electronics,West,UPI,Express,3,15099.65,0.0,45298.95,11800.25,2.5,Returned
ORD102011,2024-08-02,CUST1479,T-Shirt,Fashion,West,UPI,Express,1,3306.56,0.1,2975.9,705.84,4.6,Delivered
ORD101172,2024-08-02,CUST1127,Power Bank,Electronics,East,Credit Card,Same Day,3,16254.5,0.0,48763.5,15187.33,4.0,Delivered
ORD102573,2024-08-02,CUST1371,Power Bank,Electronics,West,Net Banking,Same Day,2,18672.4,0.15,31743.07,7503.07,4.0,Delivered
ORD102621,2024-08-02,CUST1359,Storage Organizer,Home & Kitchen,West,COD,Same Day,1,6353.94,0.15,5400.85,1493.03,3.3,Delivered
ORD103328,2024-08-02,CUST1284,T-Shirt,Fashion,South,UPI,Express,1,3532.0,0.0,3532.0,830.77,3.7,Delivered
ORD102851,2024-08-02,CUST1025,Dumbbells,Sports,West,UPI,Standard,1,6145.7,0.0,6145.7,2134.85,4.0,Delivered
ORD103404,2024-08-02,CUST1384,Backpack,Fashion,North,UPI,Standard,1,2428.39,0.05,2306.97,359.47,3.3,Delivered
ORD103091,2024-08-02,CUST1580,Casual Sneakers,Fashion,North,Net Banking,Same Day,3,3539.82,0.1,9557.52,1547.53,4.0,Delivered
ORD102383,2024-08-02,CUST1134,Cricket Bat,Sports,Central,Net Banking,Express,1,6106.27,0.15,5190.33,458.64,4.5,Delivered
ORD101093,2024-08-02,CUST1438,Wireless Headphones,Electronics,Central,COD,Standard,1,13731.25,0.1,12358.13,4194.16,3.7,Delivered
ORD101351,2024-08-02,CUST1436,Face Serum,Beauty,Central,Debit Card,Standard,1,3401.52,0.05,3231.44,1194.63,3.4,Delivered
ORD101920,2024-08-03,CUST1481,Coffee Maker,Home & Kitchen,South,Credit Card,Express,4,15658.5,0.0,62633.99,27254.86,3.6,Delivered
ORD100551,2024-08-03,CUST1237,Casual Sneakers,Fashion,West,UPI,Express,2,2660.26,0.25,3990.39,849.97,2.5,Delivered
ORD101477,2024-08-03,CUST1067,Bluetooth Speaker,Electronics,East,Net Banking,Express,1,47851.65,0.1,43066.48,16104.0,4.9,Delivered
ORD102341,2024-08-03,CUST1600,Air Fryer,Home & Kitchen,North,Debit Card,Same Day,1,17939.24,0.05,17042.27,4106.96,3.5,Delivered
ORD102058,2024-08-03,CUST1317,Backpack,Fashion,North,Debit Card,Standard,1,7316.42,0.2,5853.14,1400.33,3.6,Delivered
ORD102290,2024-08-03,CUST1440,Face Serum,Beauty,South,UPI,Express,1,1203.54,0.1,1083.19,322.6,5.0,Delivered
ORD101753,2024-08-03,CUST1337,Hair Dryer,Beauty,Central,COD,Standard,1,2916.37,0.1,2624.73,311.85,4.6,Delivered
ORD101773,2024-08-03,CUST1279,Resistance Bands,Sports,West,Credit Card,Standard,1,3113.2,0.2,2490.56,217.5,4.4,Delivered
ORD101282,2024-08-03,CUST1206,Yoga Mat,Sports,South,Credit Card,Standard,1,2545.81,0.0,2545.81,888.58,4.4,Delivered
ORD101693,2024-08-04,CUST1054,Denim Jacket,Fashion,North,Net Banking,Standard,1,7576.64,0.0,7576.64,3402.06,4.4,Delivered
ORD103459,2024-08-04,CUST1339,Football,Sports,West,Net Banking,Standard,2,10618.28,0.0,21236.56,6297.05,4.5,Cancelled
ORD101665,2024-08-04,CUST1047,Face Serum,Beauty,West,Debit Card,Express,3,3600.38,0.2,8640.91,336.19,4.9,Delivered
ORD103040,2024-08-04,CUST1563,Dumbbells,Sports,North,COD,Express,1,1125.91,0.2,900.73,133.42,2.9,Delivered
ORD103379,2024-08-04,CUST1358,Power Bank,Electronics,North,Credit Card,Standard,1,12804.35,0.05,12164.13,2678.14,5.0,Delivered
ORD103249,2024-08-04,CUST1305,T-Shirt,Fashion,Central,COD,Standard,1,6931.67,0.25,5198.75,475.5,4.2,Delivered
ORD100439,2024-08-05,CUST1306,Laptop Stand,Electronics,Central,Debit Card,Express,1,42500.21,0.1,38250.19,9178.7,3.6,Delivered
ORD102002,2024-08-05,CUST1022,Bluetooth Speaker,Electronics,East,Net Banking,Express,1,32534.69,0.05,30907.96,3723.18,3.9,Delivered
ORD102545,2024-08-05,CUST1285,Air Fryer,Home & Kitchen,South,UPI,Express,2,11110.36,0.05,21109.68,4832.89,4.1,Delivered
ORD102373,2024-08-05,CUST1193,Laptop Stand,Electronics,Central,Credit Card,Express,1,14118.54,0.1,12706.68,1301.76,3.7,Delivered
ORD102799,2024-08-05,CUST1111,Yoga Mat,Sports,South,COD,Same Day,1,2152.25,0.15,1829.41,111.48,3.3,Delivered
ORD101319,2024-08-05,CUST1560,T-Shirt,Fashion,East,UPI,Same Day,2,7278.98,0.1,13102.16,4190.78,3.3,Delivered
ORD102133,2024-08-06,CUST1170,Power Bank,Electronics,East,Debit Card,Standard,2,10134.73,0.25,15202.09,-344.01,3.4,Delivered
ORD101167,2024-08-06,CUST1084,Mixer Grinder,Home & Kitchen,Central,Net Banking,Standard,4,15733.75,0.15,53494.77,2529.1,4.7,Delivered
ORD102139,2024-08-06,CUST1554,Backpack,Fashion,North,Debit Card,Standard,1,6336.71,0.05,6019.87,1288.93,2.9,Delivered
ORD103317,2024-08-06,CUST1304,Power Bank,Electronics,East,Credit Card,Standard,1,50887.68,0.0,50887.68,17974.07,4.8,Delivered
ORD102523,2024-08-07,CUST1534,Yoga Mat,Sports,East,Debit Card,Standard,1,702.85,0.2,562.28,-23.85,3.2,Delivered
ORD103311,2024-08-07,CUST1488,Mixer Grinder,Home & Kitchen,East,Credit Card,Same Day,5,16375.64,0.05,77784.31,13526.38,4.2,Delivered
ORD101301,2024-08-07,CUST1358,Power Bank,Electronics,South,Credit Card,Express,1,4400.41,0.1,3960.37,1512.13,4.6,Delivered
ORD101955,2024-08-07,CUST1082,Running Shoes,Fashion,South,COD,Standard,2,8085.94,0.0,16171.87,4817.56,4.1,Delivered
ORD100956,2024-08-07,CUST1355,Bluetooth Speaker,Electronics,South,Debit Card,Standard,2,41448.57,0.15,70462.56,4190.99,3.7,Delivered
ORD102224,2024-08-07,CUST1129,Perfume,Beauty,North,UPI,Standard,1,1889.74,0.05,1795.25,356.47,5.0,Returned
ORD103165,2024-08-07,CUST1016,Hair Dryer,Beauty,Central,UPI,Standard,1,5974.7,0.25,4481.03,-233.69,4.4,Delivered
ORD102059,2024-08-08,CUST1082,Wireless Headphones,Electronics,Central,Net Banking,Standard,3,2883.21,0.15,7352.19,1827.22,4.3,Returned
ORD102072,2024-08-08,CUST1144,T-Shirt,Fashion,West,Debit Card,Same Day,1,7770.15,0.0,7770.15,3167.54,4.4,Delivered
ORD103314,2024-08-08,CUST1222,T-Shirt,Fashion,West,Credit Card,Express,2,5458.33,0.05,10370.82,2776.76,3.3,Delivered
ORD103187,2024-08-08,CUST1063,Cricket Bat,Sports,South,UPI,Standard,2,4219.61,0.05,8017.26,2042.31,4.8,Delivered
ORD103273,2024-08-08,CUST1330,Football,Sports,South,Debit Card,Standard,1,10937.17,0.0,10937.17,3893.03,4.2,Delivered
ORD101846,2024-08-08,CUST1299,Hair Dryer,Beauty,West,COD,Express,2,5558.1,0.05,10560.4,3186.7,3.3,Delivered
ORD102162,2024-08-08,CUST1517,Denim Jacket,Fashion,West,COD,Standard,1,4536.04,0.05,4309.23,1800.86,2.9,Delivered
ORD100026,2024-08-08,CUST1080,Bluetooth Speaker,Electronics,East,Credit Card,Same Day,2,51909.32,0.05,98627.71,26893.47,3.3,Delivered
ORD103290,2024-08-08,CUST1518,Cookware Set,Home & Kitchen,South,Debit Card,Standard,1,12389.61,0.25,9292.21,715.41,4.5,Delivered
ORD102745,2024-08-09,CUST1199,Bluetooth Speaker,Electronics,West,Net Banking,Same Day,2,4054.44,0.15,6892.54,1570.16,3.3,Delivered
ORD100584,2024-08-09,CUST1302,Backpack,Fashion,East,COD,Standard,1,8648.31,0.1,7783.48,1188.76,3.6,Delivered
ORD100941,2024-08-09,CUST1214,Coffee Maker,Home & Kitchen,South,Debit Card,Same Day,1,4234.79,0.0,4234.79,1870.99,3.1,Delivered
ORD101865,2024-08-09,CUST1093,Dumbbells,Sports,East,Net Banking,Standard,1,10462.0,0.05,9938.9,1978.31,4.3,Delivered
ORD101130,2024-08-10,CUST1089,Cookware Set,Home & Kitchen,West,Credit Card,Standard,3,4485.77,0.0,13457.31,3904.93,4.8,Returned
ORD100163,2024-08-10,CUST1578,Denim Jacket,Fashion,West,Debit Card,Same Day,1,6751.08,0.0,6751.08,1199.41,4.7,Delivered
ORD103141,2024-08-10,CUST1008,Face Serum,Beauty,Central,Net Banking,Standard,5,6995.17,0.15,29729.49,9506.82,3.1,Delivered
ORD102914,2024-08-10,CUST1141,T-Shirt,Fashion,South,Credit Card,Standard,1,2539.32,0.25,1904.49,-224.66,3.2,Delivered
ORD102508,2024-08-10,CUST1042,Makeup Set,Beauty,West,Debit Card,Standard,1,5579.53,0.1,5021.58,763.06,3.6,Delivered
ORD100686,2024-08-10,CUST1160,Power Bank,Electronics,East,Net Banking,Standard,2,20688.19,0.0,41376.37,14070.75,3.4,Delivered
ORD103484,2024-08-10,CUST1575,Coffee Maker,Home & Kitchen,South,Credit Card,Express,1,7037.96,0.1,6334.17,600.02,4.6,Delivered
ORD102075,2024-08-11,CUST1324,Wireless Headphones,Electronics,North,Credit Card,Express,5,7199.36,0.15,30597.28,1403.83,3.4,Delivered
ORD100143,2024-08-11,CUST1296,Smart Watch,Electronics,North,Debit Card,Standard,1,48960.76,0.1,44064.68,16660.75,4.2,Delivered
ORD101874,2024-08-11,CUST1446,Running Shoes,Fashion,North,Debit Card,Express,1,4147.37,0.15,3525.26,147.23,3.8,Delivered
ORD101687,2024-08-11,CUST1075,Denim Jacket,Fashion,South,Credit Card,Standard,4,7147.17,0.0,28588.67,5874.04,4.1,Delivered
ORD101761,2024-08-11,CUST1050,Running Shoes,Fashion,North,Net Banking,Standard,3,5271.87,0.1,14234.05,4979.02,4.2,Delivered
ORD100162,2024-08-11,CUST1581,Yoga Mat,Sports,East,COD,Same Day,1,2062.99,0.1,1856.69,171.81,3.7,Delivered
ORD100961,2024-08-11,CUST1204,Air Fryer,Home & Kitchen,South,UPI,Standard,4,7251.04,0.15,24653.54,5106.61,3.2,Delivered
ORD102563,2024-08-11,CUST1039,Air Fryer,Home & Kitchen,West,Debit Card,Standard,1,863.97,0.2,691.18,81.48,3.0,Delivered
ORD101339,2024-08-11,CUST1559,Wireless Headphones,Electronics,West,Net Banking,Standard,1,29628.93,0.05,28147.48,10813.55,3.0,Delivered
ORD102191,2024-08-12,CUST1353,Wireless Headphones,Electronics,South,UPI,Express,1,51152.79,0.05,48595.15,18710.72,3.1,Delivered
ORD103259,2024-08-12,CUST1573,Bluetooth Speaker,Electronics,Central,COD,Standard,1,5953.69,0.15,5060.63,944.34,4.9,Delivered
ORD103478,2024-08-12,CUST1371,Perfume,Beauty,North,Credit Card,Same Day,3,3547.05,0.1,9577.04,948.85,4.6,Delivered
ORD101494,2024-08-12,CUST1386,T-Shirt,Fashion,West,COD,Express,5,3949.9,0.1,17774.54,3045.17,4.9,Delivered
ORD100064,2024-08-12,CUST1469,Yoga Mat,Sports,South,COD,Express,1,7551.29,0.1,6796.16,630.69,3.8,Delivered
ORD101834,2024-08-12,CUST1365,Cookware Set,Home & Kitchen,South,Net Banking,Express,4,14223.67,0.15,48360.48,3199.24,3.1,Delivered
ORD100372,2024-08-12,CUST1519,Wireless Headphones,Electronics,East,UPI,Express,3,19453.27,0.15,49605.85,10502.14,3.7,Returned
ORD100906,2024-08-13,CUST1156,Cricket Bat,Sports,West,Debit Card,Standard,1,4796.97,0.15,4077.43,1132.09,3.3,Delivered
ORD100495,2024-08-13,CUST1202,Smart Watch,Electronics,West,COD,Standard,1,5608.16,0.0,5608.16,2033.38,4.6,Delivered
ORD101718,2024-08-13,CUST1031,Coffee Maker,Home & Kitchen,East,Net Banking,Standard,1,17622.87,0.2,14098.29,2967.15,3.8,Delivered
ORD101251,2024-08-13,CUST1090,Casual Sneakers,Fashion,North,UPI,Standard,3,7680.34,0.0,23041.02,7152.64,4.0,Delivered
ORD100959,2024-08-13,CUST1393,Makeup Set,Beauty,Central,Debit Card,Same Day,2,3785.23,0.25,5677.84,352.33,3.0,Delivered
ORD102356,2024-08-13,CUST1285,Casual Sneakers,Fashion,Central,UPI,Standard,2,6569.15,0.0,13138.3,4863.55,3.9,Delivered
ORD103415,2024-08-13,CUST1542,Cricket Bat,Sports,Central,UPI,Express,1,4537.37,0.15,3856.77,1356.67,3.0,Delivered
ORD103271,2024-08-13,CUST1412,Running Shoes,Fashion,Central,Debit Card,Express,1,2654.76,0.0,2654.76,776.39,5.0,Delivered
ORD101887,2024-08-14,CUST1593,Wireless Headphones,Electronics,East,Credit Card,Same Day,1,25813.54,0.25,19360.16,2487.19,4.3,Delivered
ORD102472,2024-08-14,CUST1299,Denim Jacket,Fashion,North,Credit Card,Express,5,8185.52,0.25,30695.72,1696.95,4.9,Delivered
ORD103284,2024-08-14,CUST1145,Backpack,Fashion,North,COD,Express,1,5725.53,0.05,5439.25,784.13,4.5,Delivered
ORD101583,2024-08-14,CUST1263,Bluetooth Speaker,Electronics,North,UPI,Express,3,13549.13,0.0,40647.38,7957.59,4.3,Delivered
ORD102748,2024-08-14,CUST1038,Denim Jacket,Fashion,Central,Net Banking,Standard,1,940.22,0.0,940.22,153.53,5.0,Cancelled
ORD101484,2024-08-14,CUST1116,Cookware Set,Home & Kitchen,West,Debit Card,Express,2,14801.85,0.0,29603.7,5824.49,3.6,Delivered
ORD102016,2024-08-14,CUST1316,Power Bank,Electronics,West,COD,Express,1,1594.89,0.2,1275.91,284.93,4.0,Returned
ORD101308,2024-08-15,CUST1234,Air Fryer,Home & Kitchen,South,COD,Same Day,4,15219.53,0.1,54790.32,12647.39,2.8,Delivered
ORD102289,2024-08-15,CUST1593,Air Fryer,Home & Kitchen,North,Debit Card,Express,1,8885.19,0.05,8440.93,3512.72,3.6,Delivered
ORD103460,2024-08-15,CUST1171,Cookware Set,Home & Kitchen,Central,Credit Card,Same Day,2,9566.33,0.0,19132.66,6492.89,3.6,Delivered
ORD100571,2024-08-15,CUST1470,Casual Sneakers,Fashion,Central,COD,Standard,1,8639.24,0.05,8207.28,3415.04,3.9,Delivered
ORD101190,2024-08-15,CUST1001,Denim Jacket,Fashion,West,COD,Express,2,2807.27,0.05,5333.81,1783.13,3.2,Delivered
ORD101479,2024-08-15,CUST1366,Dumbbells,Sports,West,Credit Card,Same Day,1,8614.8,0.2,6891.84,250.92,2.5,Delivered
ORD101634,2024-08-15,CUST1436,Yoga Mat,Sports,North,Credit Card,Standard,1,3364.21,0.05,3196.0,894.26,3.6,Returned
ORD100247,2024-08-15,CUST1592,Football,Sports,North,Debit Card,Standard,1,8986.3,0.1,8087.67,2675.02,3.2,Delivered
ORD101042,2024-08-15,CUST1556,Dumbbells,Sports,Central,Debit Card,Express,1,9042.91,0.05,8590.76,2001.03,4.5,Delivered
ORD100623,2024-08-16,CUST1160,Air Fryer,Home & Kitchen,North,Debit Card,Express,4,4293.5,0.2,13739.21,4069.46,4.8,Delivered
ORD100971,2024-08-16,CUST1526,Air Fryer,Home & Kitchen,North,UPI,Express,1,13865.13,0.1,12478.61,1072.29,3.2,Returned
ORD101224,2024-08-16,CUST1175,Smart Watch,Electronics,South,Net Banking,Standard,1,6345.14,0.15,5393.37,876.24,4.4,Delivered
ORD102697,2024-08-16,CUST1155,Power Bank,Electronics,East,Credit Card,Standard,2,4899.73,0.1,8819.52,1133.2,4.3,Returned
ORD101078,2024-08-16,CUST1166,Denim Jacket,Fashion,Central,Debit Card,Standard,5,8228.25,0.25,30855.92,5344.35,3.4,Delivered
ORD100731,2024-08-16,CUST1557,Bluetooth Speaker,Electronics,East,UPI,Standard,3,19399.78,0.1,52379.39,12743.84,5.0,Delivered
ORD100928,2024-08-16,CUST1463,Bluetooth Speaker,Electronics,North,Net Banking,Standard,1,29143.76,0.0,29143.76,9067.71,3.8,Delivered
ORD100274,2024-08-16,CUST1259,Skincare Kit,Beauty,West,Credit Card,Express,1,5668.89,0.2,4535.11,296.77,4.8,Delivered
ORD100164,2024-08-16,CUST1308,Laptop Stand,Electronics,Central,Debit Card,Express,1,12633.31,0.15,10738.31,1726.38,3.3,Delivered
ORD100424,2024-08-16,CUST1383,Laptop Stand,Electronics,West,Debit Card,Standard,1,52963.53,0.2,42370.82,6171.82,3.7,Delivered
ORD101677,2024-08-17,CUST1271,Laptop Stand,Electronics,West,Debit Card,Standard,1,9007.46,0.05,8557.09,1908.46,4.3,Delivered
ORD100463,2024-08-17,CUST1227,Coffee Maker,Home & Kitchen,Central,Credit Card,Standard,4,16272.21,0.1,58579.95,10973.54,3.3,Delivered
ORD101373,2024-08-17,CUST1353,T-Shirt,Fashion,South,COD,Same Day,1,5045.78,0.2,4036.62,311.85,4.2,Delivered
ORD103208,2024-08-17,CUST1121,Casual Sneakers,Fashion,South,Credit Card,Standard,1,8504.9,0.0,8504.9,3571.73,3.9,Returned
ORD102494,2024-08-17,CUST1080,Casual Sneakers,Fashion,North,Credit Card,Same Day,1,7797.28,0.0,7797.28,2409.68,3.5,Delivered
ORD102069,2024-08-17,CUST1130,Cricket Bat,Sports,South,Credit Card,Standard,2,10453.0,0.0,20906.01,7265.16,3.8,Delivered
ORD101184,2024-08-17,CUST1311,Yoga Mat,Sports,South,COD,Express,3,10892.18,0.0,32676.55,8858.26,2.6,Cancelled
ORD102419,2024-08-17,CUST1549,Air Fryer,Home & Kitchen,Central,Net Banking,Standard,2,16924.45,0.25,25386.67,4421.24,3.9,Delivered
ORD102961,2024-08-18,CUST1264,Face Serum,Beauty,East,Debit Card,Standard,1,4109.44,0.0,4109.44,1648.67,4.3,Delivered
ORD102475,2024-08-19,CUST1330,Bluetooth Speaker,Electronics,Central,COD,Express,1,20597.82,0.15,17508.15,2672.94,3.5,Delivered
ORD100776,2024-08-19,CUST1041,Coffee Maker,Home & Kitchen,North,Credit Card,Standard,1,6142.93,0.2,4914.35,716.44,3.6,Delivered
ORD102249,2024-08-19,CUST1072,Football,Sports,Central,COD,Same Day,3,9178.5,0.0,27535.49,8079.26,3.8,Delivered
ORD103368,2024-08-19,CUST1449,Casual Sneakers,Fashion,East,Debit Card,Standard,4,2777.92,0.25,8333.76,794.61,4.2,Delivered
ORD103070,2024-08-19,CUST1504,T-Shirt,Fashion,East,COD,Express,2,4631.47,0.2,7410.36,-321.15,2.9,Delivered
ORD102340,2024-08-19,CUST1467,Air Fryer,Home & Kitchen,North,Debit Card,Same Day,2,5203.27,0.05,9886.21,1443.04,3.7,Delivered
ORD102223,2024-08-19,CUST1316,Resistance Bands,Sports,West,Debit Card,Standard,2,4929.15,0.0,9858.29,2721.45,5.0,Delivered
ORD102924,2024-08-19,CUST1583,Bluetooth Speaker,Electronics,North,Credit Card,Standard,1,44916.82,0.05,42670.98,8939.77,5.0,Returned
ORD100499,2024-08-20,CUST1313,Bluetooth Speaker,Electronics,North,Credit Card,Standard,1,18138.27,0.1,16324.44,3152.27,4.1,Delivered
ORD103007,2024-08-20,CUST1294,Smart Watch,Electronics,Central,COD,Standard,3,27504.91,0.15,70137.52,6763.16,3.9,Returned
ORD101058,2024-08-20,CUST1451,Wireless Headphones,Electronics,West,Credit Card,Standard,2,18212.1,0.0,36424.19,15946.84,4.6,Delivered
ORD101840,2024-08-20,CUST1182,Coffee Maker,Home & Kitchen,North,COD,Standard,1,11899.1,0.15,10114.24,3232.28,3.6,Delivered
ORD101332,2024-08-20,CUST1234,T-Shirt,Fashion,North,COD,Express,2,7321.04,0.05,13909.97,3746.1,3.9,Delivered
ORD102275,2024-08-20,CUST1565,Power Bank,Electronics,North,Net Banking,Express,1,9886.74,0.0,9886.74,2956.0,4.2,Cancelled
ORD102693,2024-08-20,CUST1051,Denim Jacket,Fashion,North,Net Banking,Standard,1,5412.88,0.0,5412.88,2198.91,5.0,Delivered
ORD101436,2024-08-21,CUST1577,Mixer Grinder,Home & Kitchen,East,Debit Card,Standard,1,2580.92,0.05,2451.88,691.04,3.6,Delivered
ORD100953,2024-08-22,CUST1424,Casual Sneakers,Fashion,North,Debit Card,Standard,1,7650.28,0.0,7650.28,2941.35,4.4,Delivered
ORD101686,2024-08-22,CUST1518,Power Bank,Electronics,West,UPI,Same Day,1,54604.81,0.1,49144.33,16796.03,4.5,Delivered
ORD100546,2024-08-22,CUST1272,Smart Watch,Electronics,East,COD,Same Day,4,6444.58,0.0,25778.31,5375.65,4.8,Delivered
ORD102759,2024-08-22,CUST1567,Wireless Headphones,Electronics,South,Net Banking,Standard,3,51396.89,0.25,115643.0,-8414.9,4.3,Delivered
ORD102989,2024-08-22,CUST1069,Resistance Bands,Sports,South,Credit Card,Standard,2,7121.1,0.2,11393.77,473.59,3.1,Delivered
ORD103217,2024-08-23,CUST1407,Perfume,Beauty,North,UPI,Standard,2,5458.04,0.15,9278.66,1076.19,4.1,Delivered
ORD100794,2024-08-23,CUST1557,Face Serum,Beauty,West,UPI,Same Day,1,6850.57,0.15,5822.99,1099.57,4.4,Delivered
ORD101152,2024-08-23,CUST1199,Wireless Headphones,Electronics,East,COD,Standard,1,45973.14,0.05,43674.48,16950.36,3.7,Delivered
ORD100993,2024-08-23,CUST1158,Bluetooth Speaker,Electronics,Central,UPI,Standard,1,50459.88,0.05,47936.89,10670.93,5.0,Delivered
ORD101740,2024-08-23,CUST1211,Wireless Headphones,Electronics,North,UPI,Express,1,39520.25,0.1,35568.22,6352.18,3.7,Delivered
ORD101495,2024-08-23,CUST1128,Laptop Stand,Electronics,East,Debit Card,Same Day,2,49004.53,0.0,98009.06,38119.63,3.8,Delivered
ORD102761,2024-08-23,CUST1257,Power Bank,Electronics,North,Debit Card,Standard,1,7352.82,0.05,6985.18,1296.68,3.6,Delivered
ORD101443,2024-08-24,CUST1519,Football,Sports,South,Net Banking,Standard,3,7095.64,0.0,21286.93,8574.71,3.9,Delivered
ORD100004,2024-08-24,CUST1011,Face Serum,Beauty,Central,COD,Standard,2,2586.63,0.05,4914.59,615.21,3.8,Delivered
ORD103219,2024-08-24,CUST1401,Storage Organizer,Home & Kitchen,West,Credit Card,Standard,2,703.74,0.1,1266.74,110.45,4.3,Delivered
ORD100237,2024-08-24,CUST1318,Hair Dryer,Beauty,West,COD,Standard,1,4876.14,0.0,4876.14,796.98,4.3,Delivered
ORD100472,2024-08-24,CUST1075,Casual Sneakers,Fashion,South,UPI,Standard,3,2662.19,0.2,6389.26,-304.38,3.8,Delivered
ORD103172,2024-08-24,CUST1201,Running Shoes,Fashion,Central,Credit Card,Standard,2,8947.44,0.1,16105.4,4910.04,4.0,Delivered
ORD102565,2024-08-24,CUST1153,Cricket Bat,Sports,East,Debit Card,Standard,1,7668.9,0.05,7285.46,2202.04,4.7,Delivered
ORD102998,2024-08-25,CUST1182,Air Fryer,Home & Kitchen,South,UPI,Express,1,4256.85,0.15,3618.32,545.59,3.8,Delivered
ORD100632,2024-08-25,CUST1439,Cookware Set,Home & Kitchen,Central,Net Banking,Standard,2,3682.21,0.05,6996.21,2328.23,3.3,Delivered
ORD100353,2024-08-25,CUST1212,Storage Organizer,Home & Kitchen,East,Debit Card,Standard,2,4455.5,0.05,8465.44,1619.55,4.7,Returned
ORD100154,2024-08-25,CUST1402,Storage Organizer,Home & Kitchen,West,UPI,Same Day,1,4033.25,0.2,3226.6,522.99,4.6,Delivered
ORD101923,2024-08-25,CUST1149,Bluetooth Speaker,Electronics,South,Debit Card,Express,2,52434.09,0.05,99624.77,13745.22,3.5,Delivered
ORD100434,2024-08-25,CUST1111,Casual Sneakers,Fashion,North,Net Banking,Standard,1,2360.45,0.2,1888.36,518.36,3.8,Delivered
ORD101099,2024-08-25,CUST1438,Cookware Set,Home & Kitchen,Central,UPI,Express,1,6889.56,0.2,5511.65,1106.5,4.3,Delivered
ORD100620,2024-08-25,CUST1436,Football,Sports,South,Net Banking,Same Day,2,8458.39,0.0,16916.78,3058.68,3.9,Delivered
ORD102006,2024-08-25,CUST1066,Laptop Stand,Electronics,North,Net Banking,Standard,3,37810.53,0.15,96416.86,28462.18,3.4,Delivered
ORD103324,2024-08-25,CUST1325,T-Shirt,Fashion,North,COD,Standard,1,4574.01,0.25,3430.51,573.13,3.3,Delivered
ORD102933,2024-08-25,CUST1213,Dumbbells,Sports,North,Net Banking,Express,2,10735.65,0.2,17177.04,1385.33,3.4,Cancelled
ORD102660,2024-08-25,CUST1144,Running Shoes,Fashion,South,Credit Card,Standard,4,3583.99,0.0,14335.96,3820.5,3.6,Delivered
ORD100406,2024-08-25,CUST1430,Perfume,Beauty,Central,UPI,Standard,1,4511.69,0.05,4286.1,770.68,3.2,Delivered
ORD102716,2024-08-25,CUST1264,Casual Sneakers,Fashion,South,UPI,Express,1,8892.43,0.15,7558.57,863.7,3.5,Delivered
ORD100139,2024-08-26,CUST1372,Backpack,Fashion,North,COD,Express,4,7893.63,0.05,29995.81,5263.47,4.0,Delivered
ORD102953,2024-08-26,CUST1407,Cookware Set,Home & Kitchen,East,Credit Card,Express,4,6826.73,0.0,27306.9,5393.58,3.7,Delivered
ORD100090,2024-08-26,CUST1067,Makeup Set,Beauty,East,COD,Standard,3,5095.74,0.1,13758.49,1861.73,5.0,Delivered
ORD103260,2024-08-26,CUST1020,Power Bank,Electronics,Central,Credit Card,Standard,2,6963.0,0.0,13925.99,4817.6,5.0,Delivered
ORD101038,2024-08-26,CUST1501,Wireless Headphones,Electronics,North,COD,Express,1,37021.73,0.1,33319.56,11638.09,4.4,Delivered
ORD102317,2024-08-26,CUST1554,Bluetooth Speaker,Electronics,South,Credit Card,Standard,2,21560.24,0.0,43120.47,15416.37,3.5,Delivered
ORD100081,2024-08-27,CUST1460,Perfume,Beauty,Central,COD,Express,2,6863.17,0.0,13726.34,3657.97,4.3,Delivered
ORD101991,2024-08-27,CUST1470,T-Shirt,Fashion,North,UPI,Standard,1,7307.76,0.1,6576.98,511.71,5.0,Cancelled
ORD101417,2024-08-27,CUST1164,Casual Sneakers,Fashion,Central,COD,Same Day,1,6253.06,0.05,5940.4,982.55,2.7,Delivered
ORD100755,2024-08-27,CUST1197,Smart Watch,Electronics,Central,Debit Card,Express,3,17571.87,0.0,52715.6,13768.39,3.4,Delivered
ORD102915,2024-08-27,CUST1038,Wireless Headphones,Electronics,South,Credit Card,Standard,5,38769.55,0.2,155078.19,1068.67,4.2,Delivered
ORD102840,2024-08-27,CUST1179,Cricket Bat,Sports,East,Net Banking,Standard,2,4904.97,0.15,8338.45,729.64,5.0,Delivered
ORD102134,2024-08-28,CUST1460,Bluetooth Speaker,Electronics,North,Net Banking,Standard,1,42369.45,0.0,42369.45,12528.32,3.9,Delivered
ORD100003,2024-08-28,CUST1121,Backpack,Fashion,East,Credit Card,Standard,2,5284.56,0.25,7926.84,922.26,2.8,Delivered
ORD102077,2024-08-28,CUST1561,Backpack,Fashion,West,Net Banking,Standard,4,5807.02,0.15,19743.88,1109.08,3.6,Delivered
ORD100120,2024-08-28,CUST1598,Casual Sneakers,Fashion,South,Debit Card,Same Day,1,1007.98,0.05,957.58,164.81,4.2,Delivered
ORD103103,2024-08-28,CUST1192,Smart Watch,Electronics,West,Credit Card,Express,1,49670.57,0.05,47187.04,17244.26,4.3,Delivered
ORD101219,2024-08-28,CUST1091,Power Bank,Electronics,West,UPI,Standard,1,9800.87,0.15,8330.74,387.92,4.4,Delivered
ORD102564,2024-08-28,CUST1224,Storage Organizer,Home & Kitchen,West,COD,Standard,3,8408.37,0.2,20180.09,2683.25,4.6,Cancelled
ORD103080,2024-08-28,CUST1278,Makeup Set,Beauty,East,UPI,Express,2,1191.98,0.25,1787.96,-32.48,5.0,Delivered
ORD100297,2024-08-28,CUST1039,Face Serum,Beauty,North,UPI,Standard,1,2753.41,0.1,2478.07,505.67,3.3,Delivered
ORD100799,2024-08-29,CUST1056,Running Shoes,Fashion,South,Credit Card,Standard,1,2082.25,0.1,1874.02,142.65,3.9,Delivered
ORD100284,2024-08-29,CUST1591,Casual Sneakers,Fashion,Central,COD,Standard,2,4634.17,0.1,8341.51,2436.13,3.3,Delivered
ORD103355,2024-08-29,CUST1528,Air Fryer,Home & Kitchen,West,COD,Standard,1,9306.04,0.1,8375.43,2233.16,4.7,Delivered
ORD103124,2024-08-29,CUST1319,Laptop Stand,Electronics,North,UPI,Express,3,30015.28,0.0,90045.84,24444.72,3.1,Delivered
ORD100029,2024-08-30,CUST1073,Denim Jacket,Fashion,Central,COD,Express,2,3545.89,0.2,5673.42,-15.27,5.0,Delivered
ORD101292,2024-08-30,CUST1583,Coffee Maker,Home & Kitchen,East,Debit Card,Standard,1,11491.04,0.1,10341.93,1041.09,3.8,Delivered
ORD102145,2024-08-30,CUST1033,Laptop Stand,Electronics,West,UPI,Standard,1,37322.63,0.15,31724.23,1553.78,3.7,Returned
ORD102520,2024-08-30,CUST1155,Dumbbells,Sports,Central,Net Banking,Standard,2,10623.25,0.05,20184.17,7562.76,3.3,Delivered
ORD102156,2024-08-30,CUST1499,Yoga Mat,Sports,East,Credit Card,Standard,1,8613.05,0.2,6890.44,1808.76,2.9,Delivered
ORD103488,2024-08-30,CUST1222,Bluetooth Speaker,Electronics,Central,UPI,Standard,4,28282.25,0.15,96159.64,11646.69,4.0,Returned
ORD100934,2024-08-30,CUST1351,Backpack,Fashion,West,Debit Card,Express,1,7784.22,0.15,6616.59,273.78,3.6,Delivered
ORD101728,2024-08-31,CUST1052,Power Bank,Electronics,North,Debit Card,Same Day,1,41442.66,0.0,41442.66,10753.0,3.8,Delivered
ORD100688,2024-08-31,CUST1026,Bluetooth Speaker,Electronics,South,Credit Card,Express,4,30158.52,0.2,96507.26,29136.94,3.5,Delivered
ORD100046,2024-08-31,CUST1246,Casual Sneakers,Fashion,South,Net Banking,Same Day,1,2063.49,0.0,2063.49,390.91,5.0,Delivered
ORD102801,2024-08-31,CUST1001,Casual Sneakers,Fashion,West,Credit Card,Express,1,6476.24,0.1,5828.62,813.64,3.3,Delivered
ORD101262,2024-08-31,CUST1059,Dumbbells,Sports,Central,UPI,Express,2,8997.17,0.05,17094.62,2604.38,4.2,Delivered
ORD102734,2024-09-01,CUST1458,Air Fryer,Home & Kitchen,North,Net Banking,Same Day,1,4806.37,0.05,4566.05,1742.59,3.8,Returned
ORD102859,2024-09-01,CUST1305,Running Shoes,Fashion,East,COD,Express,5,7426.61,0.0,37133.03,9056.43,4.8,Delivered
ORD100868,2024-09-01,CUST1556,Power Bank,Electronics,East,COD,Standard,1,3039.32,0.05,2887.35,1138.19,1.2,Delivered
ORD101642,2024-09-01,CUST1396,Cookware Set,Home & Kitchen,North,Debit Card,Same Day,1,5110.87,0.0,5110.87,1733.5,4.9,Returned
ORD100218,2024-09-01,CUST1410,Dumbbells,Sports,South,COD,Standard,2,3068.03,0.1,5522.46,1474.99,3.7,Delivered
ORD100266,2024-09-01,CUST1408,Denim Jacket,Fashion,South,UPI,Standard,2,3781.62,0.05,7185.08,2869.9,4.8,Delivered
ORD100185,2024-09-01,CUST1093,Bluetooth Speaker,Electronics,South,Net Banking,Standard,1,25364.2,0.1,22827.78,7135.86,4.4,Delivered
ORD100922,2024-09-01,CUST1459,Casual Sneakers,Fashion,West,COD,Express,3,6320.27,0.1,17064.74,4272.78,3.4,Delivered
ORD103079,2024-09-02,CUST1261,Cricket Bat,Sports,West,Debit Card,Standard,1,4823.6,0.15,4100.06,955.32,4.4,Delivered
ORD102039,2024-09-02,CUST1595,Wireless Headphones,Electronics,North,Debit Card,Standard,1,32115.87,0.0,32115.87,7223.55,3.9,Delivered
ORD102381,2024-09-02,CUST1592,Power Bank,Electronics,South,UPI,Standard,3,17529.63,0.05,49959.45,7906.84,3.4,Delivered
ORD103499,2024-09-02,CUST1513,Hair Dryer,Beauty,West,Debit Card,Standard,1,2049.7,0.05,1947.21,399.7,4.3,Delivered
ORD101372,2024-09-02,CUST1036,Running Shoes,Fashion,North,UPI,Express,1,6604.76,0.05,6274.52,1582.55,2.0,Delivered
ORD101472,2024-09-02,CUST1502,Coffee Maker,Home & Kitchen,South,COD,Express,1,1962.69,0.0,1962.69,812.58,3.7,Delivered
ORD100213,2024-09-02,CUST1135,Perfume,Beauty,West,UPI,Standard,1,3722.73,0.2,2978.18,609.62,5.0,Delivered
ORD101183,2024-09-02,CUST1042,Perfume,Beauty,North,UPI,Express,1,3719.37,0.05,3533.4,835.86,4.8,Delivered
ORD100882,2024-09-02,CUST1212,Laptop Stand,Electronics,South,UPI,Standard,2,18002.22,0.0,36004.45,12864.83,3.6,Delivered
ORD101091,2024-09-02,CUST1024,T-Shirt,Fashion,North,COD,Standard,4,3069.91,0.1,11051.67,3776.89,3.6,Returned
ORD101318,2024-09-02,CUST1321,Running Shoes,Fashion,South,UPI,Standard,1,5680.09,0.0,5680.09,1211.1,4.0,Delivered
ORD101056,2024-09-02,CUST1094,Perfume,Beauty,East,UPI,Same Day,4,4497.58,0.15,15291.78,741.16,3.8,Delivered
ORD102577,2024-09-03,CUST1111,Air Fryer,Home & Kitchen,West,Net Banking,Standard,1,11819.46,0.1,10637.52,3222.03,4.3,Delivered
ORD102434,2024-09-03,CUST1503,Mixer Grinder,Home & Kitchen,West,Debit Card,Standard,2,13106.14,0.0,26212.28,9976.93,4.6,Delivered
ORD100030,2024-09-03,CUST1229,Power Bank,Electronics,North,Debit Card,Standard,5,37602.59,0.1,169211.64,41862.33,5.0,Delivered
ORD101330,2024-09-03,CUST1210,Backpack,Fashion,North,COD,Standard,2,7945.68,0.25,11918.53,1489.12,4.8,Delivered
ORD101889,2024-09-03,CUST1525,Resistance Bands,Sports,North,UPI,Express,1,4076.78,0.25,3057.58,-205.05,3.5,Delivered
ORD103142,2024-09-03,CUST1584,Smart Watch,Electronics,South,Net Banking,Same Day,3,34700.35,0.1,93690.94,31298.07,3.8,Delivered
ORD100019,2024-09-03,CUST1554,Hair Dryer,Beauty,East,Net Banking,Standard,1,5836.81,0.2,4669.45,376.08,3.3,Delivered
ORD102216,2024-09-03,CUST1120,Skincare Kit,Beauty,Central,Net Banking,Standard,1,5847.02,0.15,4969.97,911.76,3.1,Delivered
ORD101918,2024-09-04,CUST1336,Bluetooth Speaker,Electronics,Central,Net Banking,Standard,1,19323.31,0.15,16424.81,2701.39,4.2,Delivered
ORD102242,2024-09-04,CUST1535,Perfume,Beauty,North,Debit Card,Same Day,2,1110.42,0.0,2220.85,749.43,3.6,Delivered
ORD103452,2024-09-04,CUST1484,Laptop Stand,Electronics,West,Debit Card,Standard,1,52614.56,0.2,42091.65,3906.66,4.1,Delivered
ORD102644,2024-09-04,CUST1042,T-Shirt,Fashion,Central,UPI,Standard,1,989.49,0.25,742.11,197.11,5.0,Delivered
ORD102046,2024-09-04,CUST1093,Cricket Bat,Sports,South,Net Banking,Standard,1,7353.09,0.05,6985.44,2668.75,4.5,Delivered
ORD100832,2024-09-04,CUST1517,Smart Watch,Electronics,North,COD,Standard,2,19968.17,0.25,29952.26,7338.08,3.5,Delivered
ORD101367,2024-09-04,CUST1194,Power Bank,Electronics,West,COD,Same Day,1,37956.08,0.2,30364.86,8447.11,3.4,Delivered
ORD100505,2024-09-05,CUST1572,Smart Watch,Electronics,West,Net Banking,Express,1,42224.95,0.1,38002.45,7928.44,3.6,Delivered
ORD101457,2024-09-05,CUST1225,Laptop Stand,Electronics,Central,Net Banking,Standard,1,1790.43,0.15,1521.86,43.3,4.4,Delivered
ORD100791,2024-09-05,CUST1558,Smart Watch,Electronics,East,COD,Standard,1,20090.64,0.25,15067.98,-691.17,4.3,Delivered
ORD103396,2024-09-05,CUST1158,Dumbbells,Sports,North,Debit Card,Standard,1,6117.74,0.1,5505.97,983.62,3.2,Delivered
ORD101565,2024-09-05,CUST1415,Casual Sneakers,Fashion,South,Debit Card,Same Day,1,6413.66,0.0,6413.66,1104.25,3.3,Delivered
ORD102390,2024-09-05,CUST1447,Cricket Bat,Sports,West,Debit Card,Express,1,6765.17,0.05,6426.91,2282.12,4.2,Delivered
ORD101802,2024-09-05,CUST1107,Perfume,Beauty,North,COD,Same Day,1,6080.88,0.0,6080.88,1817.56,3.1,Delivered
ORD102204,2024-09-05,CUST1188,Running Shoes,Fashion,North,COD,Express,3,3775.47,0.15,9627.45,2230.54,4.0,Delivered
ORD102336,2024-09-05,CUST1527,Cricket Bat,Sports,East,UPI,Express,3,11236.62,0.05,32024.36,5114.56,4.2,Delivered
ORD101852,2024-09-05,CUST1073,Running Shoes,Fashion,North,UPI,Same Day,1,6537.89,0.0,6537.89,2394.63,3.6,Delivered
ORD102845,2024-09-06,CUST1427,Denim Jacket,Fashion,East,Net Banking,Same Day,2,8069.12,0.15,13717.5,4544.25,3.7,Delivered
ORD100536,2024-09-06,CUST1412,Mixer Grinder,Home & Kitchen,East,Debit Card,Express,1,10007.56,0.1,9006.8,2974.09,5.0,Delivered
ORD100221,2024-09-06,CUST1350,Denim Jacket,Fashion,North,UPI,Standard,1,735.31,0.0,735.31,276.45,3.9,Returned
ORD102844,2024-09-06,CUST1105,Cookware Set,Home & Kitchen,North,COD,Express,1,15541.4,0.25,11656.05,-1227.91,4.4,Cancelled
ORD103442,2024-09-06,CUST1302,T-Shirt,Fashion,Central,UPI,Standard,1,8567.2,0.0,8567.2,3603.62,3.1,Delivered
ORD100870,2024-09-06,CUST1336,Coffee Maker,Home & Kitchen,North,COD,Standard,2,12240.72,0.15,20809.22,1427.29,4.3,Delivered
ORD101742,2024-09-06,CUST1546,Coffee Maker,Home & Kitchen,North,Net Banking,Express,4,12844.27,0.15,43670.52,6074.77,4.1,Delivered
ORD102179,2024-09-06,CUST1028,Storage Organizer,Home & Kitchen,North,UPI,Express,3,5509.84,0.2,13223.61,3165.45,4.0,Delivered
ORD102990,2024-09-06,CUST1530,Mixer Grinder,Home & Kitchen,South,UPI,Express,2,3580.83,0.15,6087.41,1347.72,4.5,Delivered
ORD101554,2024-09-07,CUST1030,Makeup Set,Beauty,West,Debit Card,Express,1,300.73,0.1,270.66,31.39,4.7,Cancelled
ORD100204,2024-09-07,CUST1567,Wireless Headphones,Electronics,West,UPI,Standard,4,45394.25,0.2,145261.59,28841.6,3.9,Delivered
ORD100915,2024-09-07,CUST1266,Hair Dryer,Beauty,Central,Debit Card,Express,1,3650.04,0.15,3102.53,938.79,3.8,Delivered
ORD102003,2024-09-07,CUST1435,T-Shirt,Fashion,North,Debit Card,Standard,1,8841.11,0.0,8841.11,3762.63,2.6,Delivered
ORD100797,2024-09-07,CUST1463,Denim Jacket,Fashion,Central,Credit Card,Express,2,3329.18,0.0,6658.37,2392.72,4.0,Returned
ORD102506,2024-09-08,CUST1169,Running Shoes,Fashion,East,COD,Standard,2,5882.98,0.05,11177.67,3956.16,4.7,Delivered
ORD103015,2024-09-08,CUST1186,Coffee Maker,Home & Kitchen,North,COD,Standard,5,5461.57,0.0,27307.83,12173.0,3.7,Delivered
ORD100646,2024-09-08,CUST1249,Wireless Headphones,Electronics,North,Debit Card,Standard,3,44598.81,0.0,133796.43,39874.18,3.3,Delivered
ORD100334,2024-09-08,CUST1085,Coffee Maker,Home & Kitchen,South,COD,Express,3,11510.96,0.0,34532.87,8119.65,4.0,Delivered
ORD100113,2024-09-08,CUST1045,Resistance Bands,Sports,East,UPI,Express,2,7460.42,0.05,14174.8,3643.05,4.1,Delivered
ORD100904,2024-09-08,CUST1157,Mixer Grinder,Home & Kitchen,Central,Net Banking,Same Day,1,4144.2,0.1,3729.78,635.06,3.4,Delivered
ORD102273,2024-09-09,CUST1015,Backpack,Fashion,West,Net Banking,Express,2,5801.41,0.05,11022.68,2841.01,3.3,Delivered
ORD103131,2024-09-09,CUST1039,Power Bank,Electronics,North,Debit Card,Standard,1,29980.28,0.05,28481.26,11504.02,3.7,Delivered
ORD102581,2024-09-09,CUST1228,Bluetooth Speaker,Electronics,North,Net Banking,Express,1,35372.05,0.05,33603.44,8930.36,5.0,Delivered
ORD102188,2024-09-09,CUST1456,Makeup Set,Beauty,West,Net Banking,Standard,2,1189.27,0.05,2259.61,485.76,4.1,Delivered
ORD100938,2024-09-09,CUST1207,Cookware Set,Home & Kitchen,North,Debit Card,Standard,1,4279.31,0.0,4279.31,1724.31,4.3,Delivered
ORD100175,2024-09-09,CUST1260,Resistance Bands,Sports,North,COD,Standard,4,4151.27,0.0,16605.06,7375.88,4.2,Delivered
ORD101212,2024-09-09,CUST1532,T-Shirt,Fashion,West,Credit Card,Express,1,750.37,0.05,712.86,232.3,3.8,Delivered
ORD102019,2024-09-09,CUST1316,Casual Sneakers,Fashion,West,UPI,Standard,1,4131.28,0.05,3924.72,1037.09,4.9,Delivered
ORD101519,2024-09-09,CUST1386,Air Fryer,Home & Kitchen,North,UPI,Standard,1,4396.91,0.0,4396.91,773.08,3.2,Delivered
ORD102729,2024-09-09,CUST1271,Coffee Maker,Home & Kitchen,Central,UPI,Express,1,7614.24,0.0,7614.24,2565.19,3.9,Returned
ORD100230,2024-09-10,CUST1434,Yoga Mat,Sports,South,Credit Card,Same Day,1,5116.31,0.2,4093.05,482.43,3.3,Delivered
ORD100611,2024-09-10,CUST1288,Makeup Set,Beauty,West,Debit Card,Same Day,1,6617.18,0.05,6286.32,1470.18,4.6,Delivered
ORD100484,2024-09-10,CUST1515,Coffee Maker,Home & Kitchen,South,Debit Card,Express,2,11832.42,0.25,17748.63,2771.99,4.4,Delivered
ORD102464,2024-09-10,CUST1447,Denim Jacket,Fashion,Central,UPI,Express,1,2331.54,0.1,2098.39,481.91,3.6,Delivered
ORD103291,2024-09-10,CUST1557,Storage Organizer,Home & Kitchen,West,Credit Card,Standard,1,10424.2,0.1,9381.78,990.63,4.3,Returned
ORD102408,2024-09-10,CUST1478,Cookware Set,Home & Kitchen,West,Credit Card,Standard,2,17303.34,0.2,27685.35,1617.97,4.1,Delivered
ORD102715,2024-09-10,CUST1388,Wireless Headphones,Electronics,East,Debit Card,Express,1,22818.51,0.05,21677.58,8662.89,4.6,Delivered
ORD100072,2024-09-10,CUST1414,Coffee Maker,Home & Kitchen,South,Credit Card,Standard,3,10795.5,0.25,24289.87,2083.31,3.7,Delivered
ORD100709,2024-09-11,CUST1364,Laptop Stand,Electronics,West,COD,Express,3,2862.85,0.1,7729.71,1436.74,3.4,Delivered
ORD102643,2024-09-11,CUST1579,Denim Jacket,Fashion,North,UPI,Express,1,7431.42,0.05,7059.85,1265.82,3.8,Delivered
ORD102076,2024-09-11,CUST1348,Football,Sports,West,Net Banking,Standard,3,9029.02,0.05,25732.72,10169.95,3.4,Returned
ORD101953,2024-09-11,CUST1471,Power Bank,Electronics,Central,Credit Card,Express,3,10799.3,0.0,32397.91,6961.55,4.2,Delivered
ORD102353,2024-09-11,CUST1411,Storage Organizer,Home & Kitchen,West,UPI,Same Day,1,15360.81,0.2,12288.65,2446.85,4.2,Delivered
ORD101247,2024-09-11,CUST1151,Backpack,Fashion,North,Credit Card,Standard,1,3381.5,0.2,2705.2,501.74,4.3,Delivered
ORD100473,2024-09-12,CUST1155,Laptop Stand,Electronics,East,UPI,Same Day,1,48404.75,0.05,45984.51,17352.49,4.7,Delivered
ORD101767,2024-09-12,CUST1379,Yoga Mat,Sports,Central,Debit Card,Standard,4,5539.66,0.1,19942.77,2895.9,4.6,Delivered
ORD103089,2024-09-12,CUST1293,Running Shoes,Fashion,East,Credit Card,Express,1,683.74,0.0,683.74,231.17,4.3,Delivered
ORD101498,2024-09-12,CUST1408,Cookware Set,Home & Kitchen,East,COD,Standard,2,11974.5,0.1,21554.1,7369.78,4.8,Delivered
ORD100053,2024-09-12,CUST1428,Running Shoes,Fashion,East,COD,Standard,2,3841.71,0.0,7683.43,1918.4,3.7,Delivered
ORD100276,2024-09-12,CUST1320,Perfume,Beauty,South,COD,Express,1,4184.68,0.0,4184.68,1054.72,4.4,Delivered
ORD101074,2024-09-12,CUST1427,Hair Dryer,Beauty,Central,Debit Card,Express,2,4152.35,0.05,7889.46,1313.2,4.9,Delivered
ORD101101,2024-09-13,CUST1570,Yoga Mat,Sports,North,Credit Card,Same Day,1,3508.43,0.0,3508.43,1432.32,3.9,Delivered
ORD103138,2024-09-13,CUST1475,Perfume,Beauty,South,COD,Express,1,1342.75,0.1,1208.48,387.46,2.6,Delivered
ORD103285,2024-09-13,CUST1585,T-Shirt,Fashion,North,COD,Standard,1,4785.19,0.15,4067.41,411.13,4.7,Delivered
ORD100069,2024-09-13,CUST1148,Cookware Set,Home & Kitchen,West,Credit Card,Same Day,2,12263.94,0.15,20848.69,376.0,3.6,Delivered
ORD101711,2024-09-13,CUST1087,Wireless Headphones,Electronics,North,Credit Card,Standard,4,14167.97,0.0,56671.87,9621.9,4.9,Returned
ORD101696,2024-09-13,CUST1563,Coffee Maker,Home & Kitchen,North,Debit Card,Express,1,2901.67,0.25,2176.26,503.91,4.4,Delivered
ORD101801,2024-09-13,CUST1596,Denim Jacket,Fashion,South,Net Banking,Express,2,8232.3,0.0,16464.6,6349.37,3.6,Delivered
ORD101967,2024-09-13,CUST1201,Bluetooth Speaker,Electronics,South,Net Banking,Express,1,53202.61,0.1,47882.34,8314.83,3.1,Delivered
ORD102975,2024-09-13,CUST1171,Bluetooth Speaker,Electronics,North,Credit Card,Standard,1,41233.09,0.15,35048.13,6340.3,5.0,Delivered
ORD100366,2024-09-13,CUST1314,Casual Sneakers,Fashion,North,COD,Express,1,2896.8,0.05,2751.96,566.58,3.8,Delivered
ORD102526,2024-09-13,CUST1270,Wireless Headphones,Electronics,East,COD,Express,3,19874.5,0.15,50679.98,5368.32,4.1,Delivered
ORD100108,2024-09-14,CUST1371,Power Bank,Electronics,South,Credit Card,Same Day,1,38893.3,0.05,36948.64,9235.03,5.0,Delivered
ORD100123,2024-09-14,CUST1265,Perfume,Beauty,Central,Debit Card,Standard,1,4839.63,0.1,4355.66,831.36,4.2,Delivered
ORD102548,2024-09-14,CUST1106,Mixer Grinder,Home & Kitchen,East,Debit Card,Express,2,2969.29,0.25,4453.93,-194.58,2.3,Delivered
ORD103122,2024-09-14,CUST1484,Power Bank,Electronics,North,Credit Card,Same Day,1,34139.49,0.15,29018.56,10198.37,4.4,Delivered
ORD102453,2024-09-14,CUST1393,Wireless Headphones,Electronics,West,Debit Card,Standard,2,54615.43,0.0,109230.87,33795.86,3.6,Delivered
ORD101430,2024-09-14,CUST1009,Perfume,Beauty,North,COD,Standard,1,6150.78,0.0,6150.78,2459.34,3.7,Delivered
ORD100289,2024-09-15,CUST1190,Backpack,Fashion,North,Net Banking,Express,1,1431.74,0.15,1216.98,26.01,4.0,Delivered
ORD101788,2024-09-15,CUST1159,Air Fryer,Home & Kitchen,South,COD,Express,2,5319.58,0.2,8511.34,1926.13,4.6,Delivered
ORD102025,2024-09-15,CUST1061,Dumbbells,Sports,East,Debit Card,Express,1,9387.49,0.05,8918.12,1034.23,3.2,Delivered
ORD102394,2024-09-15,CUST1324,Smart Watch,Electronics,West,COD,Standard,1,39455.7,0.2,31564.56,7266.03,4.6,Delivered
ORD102912,2024-09-15,CUST1052,Coffee Maker,Home & Kitchen,Central,Debit Card,Express,2,8529.15,0.25,12793.72,-180.12,3.9,Delivered
ORD103409,2024-09-16,CUST1595,Coffee Maker,Home & Kitchen,South,Debit Card,Express,3,12532.05,0.05,35716.33,11963.41,3.9,Delivered
ORD100943,2024-09-16,CUST1272,Cricket Bat,Sports,East,COD,Standard,1,6963.08,0.05,6614.93,1992.39,4.4,Delivered
ORD102462,2024-09-16,CUST1498,Denim Jacket,Fashion,South,COD,Same Day,1,8778.04,0.05,8339.14,3410.5,4.0,Delivered
ORD100973,2024-09-16,CUST1082,Power Bank,Electronics,North,Credit Card,Standard,1,28699.6,0.05,27264.62,10112.68,4.8,Delivered
ORD103450,2024-09-16,CUST1414,Backpack,Fashion,East,Debit Card,Same Day,4,8859.84,0.05,33667.39,7603.47,3.1,Delivered
ORD102458,2024-09-16,CUST1368,Backpack,Fashion,East,Credit Card,Standard,1,667.55,0.2,534.04,140.84,4.4,Delivered
ORD100075,2024-09-17,CUST1412,Coffee Maker,Home & Kitchen,East,Net Banking,Standard,1,9769.07,0.0,9769.07,3267.69,3.0,Delivered
ORD102455,2024-09-17,CUST1427,Backpack,Fashion,North,Net Banking,Standard,1,8592.66,0.1,7733.4,2348.42,4.5,Delivered
ORD100518,2024-09-17,CUST1113,Power Bank,Electronics,South,UPI,Express,1,36203.35,0.0,36203.35,6227.99,4.6,Delivered
ORD101419,2024-09-17,CUST1317,Coffee Maker,Home & Kitchen,North,Credit Card,Express,1,8094.59,0.0,8094.59,1730.64,4.2,Cancelled
ORD102979,2024-09-17,CUST1194,Air Fryer,Home & Kitchen,North,Net Banking,Express,3,12324.42,0.05,35124.59,10354.53,3.6,Delivered
ORD102238,2024-09-17,CUST1135,Football,Sports,West,Debit Card,Standard,3,4408.38,0.25,9918.85,494.53,3.6,Delivered
ORD101540,2024-09-17,CUST1211,Bluetooth Speaker,Electronics,North,UPI,Standard,1,31412.56,0.0,31412.56,7013.07,3.7,Delivered
ORD100708,2024-09-17,CUST1136,Cookware Set,Home & Kitchen,South,Debit Card,Same Day,1,1577.75,0.2,1262.2,298.68,4.9,Delivered
ORD103497,2024-09-17,CUST1236,Air Fryer,Home & Kitchen,West,Debit Card,Express,1,14165.73,0.05,13457.44,2389.91,2.9,Delivered
ORD103137,2024-09-18,CUST1052,Hair Dryer,Beauty,West,Credit Card,Standard,2,1005.18,0.0,2010.37,356.33,4.3,Delivered
ORD102959,2024-09-18,CUST1291,Perfume,Beauty,South,COD,Express,1,6074.51,0.1,5467.06,932.18,4.0,Delivered
ORD100972,2024-09-18,CUST1293,Denim Jacket,Fashion,East,UPI,Express,1,7707.65,0.0,7707.65,2029.24,2.9,Delivered
ORD103055,2024-09-18,CUST1321,Coffee Maker,Home & Kitchen,North,Debit Card,Express,1,11671.26,0.05,11087.7,2996.65,4.6,Delivered
ORD101201,2024-09-18,CUST1034,Air Fryer,Home & Kitchen,Central,COD,Express,4,12673.82,0.0,50695.28,8182.3,5.0,Delivered
ORD100621,2024-09-18,CUST1568,Skincare Kit,Beauty,West,UPI,Standard,1,2431.72,0.15,2066.96,533.95,3.2,Delivered
ORD101798,2024-09-18,CUST1102,Storage Organizer,Home & Kitchen,North,UPI,Standard,1,7490.26,0.0,7490.26,2493.15,4.8,Returned
ORD101794,2024-09-18,CUST1554,Makeup Set,Beauty,East,UPI,Express,1,1362.54,0.2,1090.03,151.47,4.2,Delivered
ORD102768,2024-09-18,CUST1165,Power Bank,Electronics,West,Net Banking,Standard,1,5310.93,0.2,4248.75,1165.97,2.6,Delivered
ORD100784,2024-09-18,CUST1074,Resistance Bands,Sports,South,Net Banking,Standard,3,9439.39,0.05,26902.26,8750.83,3.2,Delivered
ORD101507,2024-09-19,CUST1498,Backpack,Fashion,South,Credit Card,Standard,3,5438.8,0.0,16316.39,5897.01,3.5,Delivered
ORD100767,2024-09-19,CUST1558,Face Serum,Beauty,South,COD,Standard,1,3229.64,0.15,2745.19,820.51,4.3,Delivered
ORD101100,2024-09-19,CUST1593,Backpack,Fashion,North,Net Banking,Express,3,8331.09,0.2,19994.62,999.02,3.9,Delivered
ORD102177,2024-09-19,CUST1224,Denim Jacket,Fashion,East,Credit Card,Standard,1,5446.72,0.15,4629.71,853.78,4.3,Delivered
ORD103426,2024-09-19,CUST1232,Cookware Set,Home & Kitchen,North,COD,Express,1,8215.26,0.0,8215.26,1471.46,3.6,Delivered
ORD103261,2024-09-19,CUST1173,Casual Sneakers,Fashion,Central,Debit Card,Express,3,8117.03,0.05,23133.54,7107.05,3.5,Delivered
ORD101807,2024-09-20,CUST1447,Cookware Set,Home & Kitchen,West,Credit Card,Standard,3,3390.17,0.15,8644.92,1981.03,3.8,Delivered
ORD100275,2024-09-20,CUST1114,Running Shoes,Fashion,West,COD,Standard,3,2719.17,0.0,8157.5,2578.68,4.3,Delivered
ORD101931,2024-09-20,CUST1136,Air Fryer,Home & Kitchen,South,Net Banking,Express,2,16383.59,0.2,26213.75,8172.53,3.5,Delivered
ORD100643,2024-09-20,CUST1269,Cookware Set,Home & Kitchen,West,Credit Card,Standard,1,1955.91,0.1,1760.32,137.31,4.6,Delivered
ORD103071,2024-09-20,CUST1384,Running Shoes,Fashion,Central,COD,Express,1,1065.48,0.05,1012.21,220.41,3.7,Returned
ORD102685,2024-09-20,CUST1511,Perfume,Beauty,North,Net Banking,Standard,1,5860.21,0.2,4688.17,1042.2,3.9,Delivered
ORD101516,2024-09-20,CUST1034,Casual Sneakers,Fashion,Central,Credit Card,Express,2,5714.43,0.05,10857.41,3042.47,4.2,Delivered
ORD101145,2024-09-20,CUST1242,Dumbbells,Sports,East,COD,Same Day,1,5004.57,0.1,4504.11,819.82,3.9,Returned
ORD102843,2024-09-21,CUST1404,Mixer Grinder,Home & Kitchen,West,Net Banking,Express,3,4791.61,0.2,11499.85,2469.65,3.4,Delivered
ORD102415,2024-09-22,CUST1008,T-Shirt,Fashion,East,Credit Card,Standard,1,7450.74,0.05,7078.21,2136.05,3.8,Delivered
ORD102957,2024-09-22,CUST1389,Makeup Set,Beauty,North,UPI,Same Day,2,5412.61,0.2,8660.17,1018.55,3.4,Delivered
ORD101030,2024-09-23,CUST1019,Makeup Set,Beauty,East,UPI,Standard,2,6772.13,0.0,13544.26,4670.1,4.8,Delivered
ORD100281,2024-09-23,CUST1137,Hair Dryer,Beauty,North,Net Banking,Express,1,6280.91,0.0,6280.91,2766.75,5.0,Delivered
ORD101243,2024-09-24,CUST1197,Mixer Grinder,Home & Kitchen,South,Debit Card,Standard,1,17082.58,0.05,16228.45,6420.39,3.1,Delivered
ORD101491,2024-09-24,CUST1314,Dumbbells,Sports,Central,Debit Card,Express,1,6580.63,0.1,5922.57,2101.76,4.1,Delivered
ORD103014,2024-09-24,CUST1486,Bluetooth Speaker,Electronics,Central,UPI,Standard,2,47665.58,0.05,90564.6,22698.62,4.0,Delivered
ORD100650,2024-09-24,CUST1198,Power Bank,Electronics,West,Credit Card,Standard,2,39835.26,0.05,75686.99,11323.38,3.3,Delivered
ORD100728,2024-09-24,CUST1209,Denim Jacket,Fashion,West,Debit Card,Standard,2,527.12,0.2,843.39,30.86,4.0,Delivered
ORD102155,2024-09-24,CUST1132,Wireless Headphones,Electronics,Central,UPI,Same Day,3,37543.66,0.1,101367.87,20406.11,4.3,Delivered
ORD100443,2024-09-24,CUST1582,Backpack,Fashion,North,UPI,Standard,2,2227.06,0.0,4454.12,830.83,4.0,Delivered
ORD101115,2024-09-25,CUST1259,Cookware Set,Home & Kitchen,Central,UPI,Standard,1,6197.15,0.25,4647.86,-358.97,4.3,Delivered
ORD100283,2024-09-25,CUST1456,Laptop Stand,Electronics,North,COD,Standard,1,53623.97,0.05,50942.77,18388.4,4.3,Delivered
ORD101476,2024-09-25,CUST1345,Cookware Set,Home & Kitchen,West,Net Banking,Standard,2,3113.55,0.25,4670.32,669.83,2.3,Cancelled
ORD102297,2024-09-25,CUST1374,Resistance Bands,Sports,Central,UPI,Standard,1,2614.34,0.0,2614.34,984.5,3.7,Delivered
ORD101917,2024-09-25,CUST1103,Football,Sports,North,COD,Express,1,3921.35,0.0,3921.35,1518.83,3.7,Delivered
ORD102738,2024-09-26,CUST1599,Perfume,Beauty,West,COD,Standard,1,6082.56,0.1,5474.3,1974.37,3.5,Delivered
ORD101119,2024-09-26,CUST1539,Casual Sneakers,Fashion,West,Credit Card,Express,2,7382.14,0.0,14764.29,2791.03,3.8,Delivered
ORD100717,2024-09-26,CUST1205,Power Bank,Electronics,Central,Net Banking,Standard,1,10023.94,0.1,9021.55,1646.42,3.3,Delivered
ORD100234,2024-09-26,CUST1194,Bluetooth Speaker,Electronics,West,Credit Card,Express,1,51397.97,0.05,48828.08,8064.04,4.0,Delivered
ORD100562,2024-09-26,CUST1380,Smart Watch,Electronics,North,Net Banking,Standard,1,47774.98,0.0,47774.98,12583.75,3.3,Delivered
ORD103140,2024-09-26,CUST1197,Power Bank,Electronics,North,COD,Standard,2,46636.31,0.1,83945.35,32225.44,4.3,Delivered
ORD102976,2024-09-27,CUST1146,Skincare Kit,Beauty,West,Net Banking,Standard,3,6690.4,0.0,20071.21,7777.68,4.5,Delivered
ORD100251,2024-09-27,CUST1480,Backpack,Fashion,East,Net Banking,Standard,1,3338.39,0.0,3338.39,713.44,4.1,Delivered
ORD101017,2024-09-27,CUST1036,Storage Organizer,Home & Kitchen,West,UPI,Standard,1,17417.26,0.25,13062.95,-1138.31,4.1,Delivered
ORD100202,2024-09-27,CUST1150,Casual Sneakers,Fashion,North,Debit Card,Express,2,2125.22,0.0,4250.45,1099.6,3.5,Delivered
ORD101518,2024-09-27,CUST1469,T-Shirt,Fashion,East,Credit Card,Standard,1,1961.96,0.05,1863.86,708.9,3.9,Delivered
ORD102539,2024-09-27,CUST1141,Coffee Maker,Home & Kitchen,North,UPI,Express,2,6321.09,0.1,11377.96,887.84,4.7,Delivered
ORD101548,2024-09-27,CUST1176,Laptop Stand,Electronics,West,UPI,Standard,3,18878.91,0.1,50973.07,18022.4,3.5,Cancelled
ORD103139,2024-09-27,CUST1187,Storage Organizer,Home & Kitchen,North,Net Banking,Standard,3,9765.47,0.25,21972.3,977.74,3.1,Delivered
ORD101352,2024-09-28,CUST1064,Makeup Set,Beauty,West,Net Banking,Standard,1,4599.68,0.15,3909.73,522.31,5.0,Returned
ORD102010,2024-09-28,CUST1244,Smart Watch,Electronics,East,UPI,Standard,1,19123.0,0.15,16254.55,1585.35,4.0,Returned
ORD101355,2024-09-28,CUST1416,Yoga Mat,Sports,West,Net Banking,Express,1,6202.55,0.0,6202.55,2355.47,4.2,Returned
ORD102663,2024-09-28,CUST1069,Denim Jacket,Fashion,Central,UPI,Standard,1,6908.28,0.15,5872.04,833.87,4.3,Delivered
ORD100184,2024-09-28,CUST1586,Wireless Headphones,Electronics,North,Debit Card,Express,1,33743.99,0.05,32056.79,9507.49,2.9,Delivered
ORD103449,2024-09-28,CUST1332,Cricket Bat,Sports,South,Credit Card,Standard,4,1121.36,0.05,4261.18,903.93,4.1,Delivered
ORD102641,2024-09-28,CUST1010,Power Bank,Electronics,North,Net Banking,Standard,4,1552.27,0.0,6209.1,2707.14,4.4,Delivered
ORD101813,2024-09-28,CUST1237,T-Shirt,Fashion,Central,Net Banking,Standard,2,5804.88,0.0,11609.75,3050.52,3.4,Delivered
ORD101161,2024-09-29,CUST1349,Dumbbells,Sports,East,Net Banking,Standard,2,1639.32,0.15,2786.85,191.21,3.8,Delivered
ORD103115,2024-09-29,CUST1016,Power Bank,Electronics,East,COD,Same Day,2,13629.86,0.0,27259.71,9034.71,3.5,Returned
ORD102947,2024-09-29,CUST1418,Coffee Maker,Home & Kitchen,South,UPI,Standard,2,4184.97,0.0,8369.94,3073.36,3.6,Delivered
ORD102537,2024-09-29,CUST1196,Mixer Grinder,Home & Kitchen,South,Credit Card,Same Day,1,6791.62,0.05,6452.03,2535.45,3.6,Delivered
ORD100182,2024-09-29,CUST1130,Mixer Grinder,Home & Kitchen,West,Credit Card,Standard,2,7971.95,0.05,15146.7,5047.71,4.4,Delivered
ORD100054,2024-09-29,CUST1249,Coffee Maker,Home & Kitchen,North,COD,Express,1,2461.93,0.25,1846.45,-7.47,3.9,Delivered
ORD102253,2024-09-30,CUST1165,Perfume,Beauty,West,UPI,Same Day,2,6348.61,0.05,12062.35,2628.57,3.6,Returned
ORD100404,2024-09-30,CUST1524,Mixer Grinder,Home & Kitchen,East,UPI,Standard,1,14028.62,0.0,14028.62,3037.76,3.3,Delivered
ORD102596,2024-09-30,CUST1409,Wireless Headphones,Electronics,North,Net Banking,Standard,1,46769.38,0.1,42092.45,9639.12,4.4,Delivered
ORD100452,2024-09-30,CUST1437,Dumbbells,Sports,South,Credit Card,Express,2,1522.2,0.05,2892.17,1066.21,4.6,Cancelled
ORD100405,2024-09-30,CUST1458,T-Shirt,Fashion,North,Credit Card,Standard,1,448.8,0.2,359.04,76.53,4.1,Delivered
ORD100020,2024-09-30,CUST1496,Denim Jacket,Fashion,Central,Credit Card,Same Day,2,4381.86,0.0,8763.71,1875.4,3.1,Delivered
ORD101052,2024-10-01,CUST1060,Wireless Headphones,Electronics,Central,Debit Card,Same Day,1,9898.58,0.1,8908.72,3398.53,4.0,Delivered
ORD100179,2024-10-01,CUST1441,Laptop Stand,Electronics,South,Debit Card,Standard,3,28572.91,0.2,68574.99,-103.31,3.1,Delivered
ORD101378,2024-10-02,CUST1403,Cookware Set,Home & Kitchen,South,Debit Card,Same Day,1,8995.66,0.1,8096.09,738.93,3.5,Delivered
ORD103373,2024-10-02,CUST1198,Cookware Set,Home & Kitchen,South,Credit Card,Express,1,4513.95,0.1,4062.55,1294.09,3.6,Delivered
ORD103128,2024-10-02,CUST1262,Wireless Headphones,Electronics,North,Credit Card,Standard,1,41347.46,0.1,37212.71,12206.83,3.0,Delivered
ORD101007,2024-10-02,CUST1353,Wireless Headphones,Electronics,West,COD,Express,4,18217.31,0.2,58295.39,-2688.06,4.5,Delivered
ORD101090,2024-10-02,CUST1417,Laptop Stand,Electronics,South,Debit Card,Standard,2,18797.44,0.2,30075.91,-662.22,4.9,Delivered
ORD100666,2024-10-02,CUST1278,Wireless Headphones,Electronics,West,Credit Card,Standard,2,53287.34,0.15,90588.48,17920.43,3.5,Delivered
ORD100555,2024-10-02,CUST1227,Makeup Set,Beauty,Central,Debit Card,Standard,2,1544.03,0.25,2316.05,346.79,3.7,Cancelled
ORD101736,2024-10-02,CUST1335,Smart Watch,Electronics,East,Debit Card,Standard,1,37734.67,0.0,37734.67,6740.9,4.1,Delivered
ORD101766,2024-10-02,CUST1327,Mixer Grinder,Home & Kitchen,West,UPI,Standard,3,17173.22,0.2,41215.73,6685.06,5.0,Returned
ORD102349,2024-10-02,CUST1036,Perfume,Beauty,North,Credit Card,Express,1,5111.96,0.05,4856.36,1539.65,4.9,Delivered
ORD100875,2024-10-02,CUST1351,Laptop Stand,Electronics,North,Net Banking,Standard,3,30282.46,0.1,81762.64,17868.95,3.7,Delivered
ORD101151,2024-10-03,CUST1592,Skincare Kit,Beauty,East,UPI,Standard,3,5543.43,0.15,14135.74,1480.53,4.6,Delivered
ORD100114,2024-10-03,CUST1451,Running Shoes,Fashion,West,Debit Card,Same Day,2,3404.18,0.25,5106.27,826.48,4.3,Delivered
ORD103011,2024-10-03,CUST1483,Bluetooth Speaker,Electronics,East,UPI,Same Day,1,1788.86,0.1,1609.97,418.44,3.9,Delivered
ORD100158,2024-10-03,CUST1201,Resistance Bands,Sports,North,Net Banking,Express,5,3576.67,0.05,16989.17,4946.67,3.8,Delivered
ORD103375,2024-10-03,CUST1194,T-Shirt,Fashion,West,Credit Card,Standard,1,3845.64,0.1,3461.08,380.22,3.6,Delivered
ORD102684,2024-10-03,CUST1107,Wireless Headphones,Electronics,North,COD,Same Day,2,7472.55,0.0,14945.09,5240.1,4.2,Delivered
ORD103376,2024-10-03,CUST1265,Bluetooth Speaker,Electronics,East,Credit Card,Standard,1,49450.06,0.05,46977.56,6229.85,5.0,Delivered
ORD100419,2024-10-03,CUST1369,Air Fryer,Home & Kitchen,North,Net Banking,Same Day,4,6618.43,0.0,26473.72,8284.59,2.9,Delivered
ORD100628,2024-10-03,CUST1329,Perfume,Beauty,North,Net Banking,Express,1,6863.15,0.1,6176.83,1899.4,3.1,Delivered
ORD102900,2024-10-04,CUST1323,Wireless Headphones,Electronics,South,Net Banking,Standard,1,14454.7,0.1,13009.23,3274.74,3.7,Delivered
ORD101489,2024-10-04,CUST1531,Wireless Headphones,Electronics,West,COD,Express,2,8489.55,0.05,16130.14,6319.83,4.2,Delivered
ORD102951,2024-10-04,CUST1485,Coffee Maker,Home & Kitchen,Central,UPI,Standard,1,8793.25,0.15,7474.26,467.41,2.9,Delivered
ORD102250,2024-10-04,CUST1529,Bluetooth Speaker,Electronics,South,Credit Card,Standard,1,2906.89,0.15,2470.86,92.27,3.4,Delivered
ORD101240,2024-10-04,CUST1159,Smart Watch,Electronics,North,Net Banking,Standard,1,42246.28,0.0,42246.28,17915.59,2.8,Delivered
ORD101617,2024-10-04,CUST1279,Hair Dryer,Beauty,West,Credit Card,Express,1,2289.69,0.05,2175.2,793.91,4.2,Delivered
ORD102714,2024-10-04,CUST1427,Bluetooth Speaker,Electronics,North,Debit Card,Standard,1,41747.73,0.2,33398.18,9529.48,2.8,Delivered
ORD101216,2024-10-04,CUST1534,Coffee Maker,Home & Kitchen,Central,Net Banking,Standard,2,9269.22,0.05,17611.51,2790.43,3.4,Delivered
ORD100939,2024-10-05,CUST1189,Cookware Set,Home & Kitchen,West,Debit Card,Express,2,3390.33,0.1,6102.59,1063.23,4.5,Delivered
ORD100896,2024-10-05,CUST1177,Power Bank,Electronics,East,Debit Card,Same Day,1,26917.37,0.05,25571.5,7125.67,3.0,Delivered
ORD102312,2024-10-05,CUST1180,Denim Jacket,Fashion,South,COD,Same Day,1,5824.96,0.0,5824.96,1771.27,4.6,Delivered
ORD100444,2024-10-05,CUST1079,Wireless Headphones,Electronics,North,Net Banking,Standard,2,40169.84,0.05,76322.7,28252.82,3.0,Delivered
ORD101050,2024-10-05,CUST1027,Smart Watch,Electronics,South,Net Banking,Express,3,37522.09,0.0,112566.26,43061.58,4.3,Delivered
ORD102065,2024-10-05,CUST1383,Wireless Headphones,Electronics,West,Credit Card,Standard,2,33029.81,0.0,66059.63,29695.09,4.6,Delivered
ORD100999,2024-10-07,CUST1208,Makeup Set,Beauty,Central,COD,Standard,1,4019.85,0.15,3416.87,260.69,4.6,Delivered
ORD100016,2024-10-07,CUST1102,Denim Jacket,Fashion,South,UPI,Standard,1,5293.09,0.25,3969.82,163.94,3.6,Delivered
ORD102810,2024-10-07,CUST1290,Wireless Headphones,Electronics,South,Debit Card,Standard,1,2938.06,0.1,2644.26,353.75,4.3,Delivered
ORD103310,2024-10-07,CUST1490,Wireless Headphones,Electronics,North,Net Banking,Standard,2,37635.88,0.1,67744.59,12498.9,2.8,Delivered
ORD101441,2024-10-07,CUST1268,Smart Watch,Electronics,South,UPI,Express,3,7655.85,0.1,20670.81,6155.43,3.8,Delivered
ORD102958,2024-10-07,CUST1208,Denim Jacket,Fashion,East,Net Banking,Standard,2,7094.56,0.1,12770.21,2458.89,3.6,Delivered
ORD102742,2024-10-07,CUST1552,Bluetooth Speaker,Electronics,East,UPI,Standard,1,6655.35,0.1,5989.81,836.58,2.6,Delivered
ORD101295,2024-10-08,CUST1114,Bluetooth Speaker,Electronics,South,Credit Card,Express,1,54833.55,0.15,46608.52,15945.25,2.7,Cancelled
ORD100607,2024-10-08,CUST1506,Perfume,Beauty,North,Credit Card,Standard,4,3300.41,0.25,9901.24,-129.27,3.5,Delivered
ORD100343,2024-10-08,CUST1181,Backpack,Fashion,North,Net Banking,Standard,1,4976.44,0.1,4478.8,666.39,3.8,Delivered
ORD101206,2024-10-08,CUST1283,Wireless Headphones,Electronics,South,COD,Standard,1,30613.32,0.0,30613.32,5468.2,2.8,Returned
ORD101679,2024-10-08,CUST1242,T-Shirt,Fashion,West,UPI,Express,2,2320.29,0.15,3944.5,657.25,4.3,Delivered
ORD101582,2024-10-08,CUST1001,Cookware Set,Home & Kitchen,East,UPI,Standard,4,13294.98,0.1,47861.95,4026.11,4.7,Delivered
ORD101719,2024-10-09,CUST1211,Power Bank,Electronics,North,Credit Card,Express,1,18893.22,0.2,15114.58,1008.08,5.0,Delivered
ORD100548,2024-10-09,CUST1202,Mixer Grinder,Home & Kitchen,North,Net Banking,Express,1,11435.47,0.2,9148.38,646.97,3.6,Delivered
ORD101459,2024-10-09,CUST1567,Hair Dryer,Beauty,East,Net Banking,Standard,5,2595.18,0.0,12975.9,5234.13,2.9,Delivered
ORD102263,2024-10-09,CUST1057,Yoga Mat,Sports,Central,Debit Card,Express,1,10369.98,0.1,9332.98,2936.29,3.8,Delivered
ORD103420,2024-10-09,CUST1155,Makeup Set,Beauty,North,Net Banking,Express,3,4295.47,0.05,12242.08,4208.16,4.7,Delivered
ORD102875,2024-10-09,CUST1519,Power Bank,Electronics,South,COD,Express,3,16976.74,0.0,50930.21,13226.75,3.8,Delivered
ORD101164,2024-10-09,CUST1188,Denim Jacket,Fashion,South,Net Banking,Standard,1,3509.72,0.25,2632.29,623.44,3.8,Delivered
ORD100802,2024-10-09,CUST1081,Cricket Bat,Sports,South,Debit Card,Standard,2,2864.46,0.15,4869.59,1505.1,3.7,Delivered
ORD103243,2024-10-10,CUST1022,Bluetooth Speaker,Electronics,South,Net Banking,Standard,1,9150.71,0.15,7778.1,1813.39,4.7,Delivered
ORD100716,2024-10-10,CUST1294,T-Shirt,Fashion,East,COD,Express,1,6164.49,0.1,5548.04,1754.8,4.9,Delivered
ORD100365,2024-10-10,CUST1466,Air Fryer,Home & Kitchen,North,COD,Express,3,10977.7,0.1,29639.79,6062.5,4.1,Delivered
ORD101915,2024-10-10,CUST1138,Cookware Set,Home & Kitchen,South,Credit Card,Standard,1,12391.24,0.2,9912.99,1702.21,4.3,Delivered
ORD102949,2024-10-11,CUST1084,Perfume,Beauty,East,Credit Card,Express,2,2728.56,0.15,4638.56,804.14,5.0,Returned
ORD100448,2024-10-11,CUST1582,Cricket Bat,Sports,East,Debit Card,Express,2,3260.15,0.25,4890.23,259.64,3.3,Delivered
ORD102132,2024-10-11,CUST1313,Air Fryer,Home & Kitchen,South,Net Banking,Express,2,8738.88,0.2,13982.21,2925.74,4.3,Delivered
ORD101014,2024-10-11,CUST1548,Smart Watch,Electronics,North,Debit Card,Standard,1,22609.01,0.0,22609.01,6389.63,3.7,Delivered
ORD101848,2024-10-11,CUST1186,Casual Sneakers,Fashion,West,COD,Same Day,3,7392.83,0.0,22178.48,9824.59,3.5,Delivered
ORD100700,2024-10-11,CUST1408,Power Bank,Electronics,North,UPI,Standard,1,45535.24,0.0,45535.24,17882.0,4.7,Delivered
ORD100295,2024-10-11,CUST1166,Running Shoes,Fashion,Central,COD,Express,2,4805.97,0.1,8650.74,985.56,3.6,Delivered
ORD101685,2024-10-11,CUST1392,Dumbbells,Sports,North,UPI,Standard,3,8326.09,0.0,24978.26,10174.37,4.1,Delivered
ORD101009,2024-10-11,CUST1580,Air Fryer,Home & Kitchen,East,Net Banking,Same Day,3,17300.67,0.05,49306.9,13046.92,4.0,Delivered
ORD102713,2024-10-11,CUST1199,Casual Sneakers,Fashion,West,UPI,Same Day,4,8287.34,0.15,28176.96,5140.1,3.5,Delivered
ORD101799,2024-10-12,CUST1508,Power Bank,Electronics,South,COD,Standard,1,48663.25,0.0,48663.25,13662.41,3.8,Delivered
ORD100892,2024-10-12,CUST1008,Denim Jacket,Fashion,North,Net Banking,Standard,1,2250.65,0.0,2250.65,985.64,3.7,Delivered
ORD102476,2024-10-12,CUST1559,Skincare Kit,Beauty,East,COD,Standard,1,5049.84,0.2,4039.87,724.53,4.1,Delivered
ORD102731,2024-10-12,CUST1380,Casual Sneakers,Fashion,South,Debit Card,Express,1,7543.09,0.05,7165.93,2021.3,2.8,Delivered
ORD102776,2024-10-12,CUST1043,Power Bank,Electronics,North,UPI,Standard,1,18759.19,0.0,18759.19,7477.19,3.3,Delivered
ORD102431,2024-10-12,CUST1326,Laptop Stand,Electronics,North,COD,Express,1,29202.67,0.15,24822.27,3724.14,3.2,Delivered
ORD100711,2024-10-12,CUST1427,Coffee Maker,Home & Kitchen,West,UPI,Express,3,13910.07,0.25,31297.66,6551.43,3.9,Delivered
ORD103336,2024-10-13,CUST1430,Bluetooth Speaker,Electronics,West,Net Banking,Standard,1,43976.16,0.25,32982.12,6010.32,2.8,Delivered
ORD101858,2024-10-13,CUST1040,Storage Organizer,Home & Kitchen,South,Net Banking,Standard,2,14196.48,0.15,24134.01,2552.26,4.9,Delivered
ORD100678,2024-10-13,CUST1277,Running Shoes,Fashion,Central,COD,Standard,1,7580.82,0.05,7201.78,1719.55,4.5,Delivered
ORD103391,2024-10-13,CUST1203,Cookware Set,Home & Kitchen,Central,Credit Card,Standard,1,4771.56,0.05,4532.98,911.89,3.7,Delivered
ORD101310,2024-10-13,CUST1123,Running Shoes,Fashion,Central,Credit Card,Standard,2,6905.71,0.0,13811.42,2990.13,5.0,Delivered
ORD100577,2024-10-13,CUST1361,T-Shirt,Fashion,North,Credit Card,Standard,2,4581.72,0.0,9163.43,2556.05,4.0,Delivered
ORD100996,2024-10-14,CUST1198,T-Shirt,Fashion,North,Credit Card,Same Day,1,1188.78,0.0,1188.78,496.78,4.1,Cancelled
ORD103264,2024-10-14,CUST1290,Storage Organizer,Home & Kitchen,South,Debit Card,Standard,4,2602.06,0.15,8847.02,1648.5,3.4,Delivered
ORD101194,2024-10-14,CUST1425,Coffee Maker,Home & Kitchen,Central,Net Banking,Standard,1,9025.83,0.05,8574.54,1351.47,3.1,Delivered
ORD102028,2024-10-14,CUST1017,Football,Sports,North,COD,Express,2,7656.32,0.15,13015.74,3084.93,3.3,Delivered
ORD101073,2024-10-14,CUST1533,Cookware Set,Home & Kitchen,East,Debit Card,Same Day,2,12393.47,0.2,19829.55,5767.61,3.8,Delivered
ORD102488,2024-10-14,CUST1521,Resistance Bands,Sports,Central,COD,Standard,2,7107.98,0.2,11372.76,1657.17,3.2,Delivered
ORD102517,2024-10-14,CUST1048,Perfume,Beauty,South,UPI,Standard,1,2973.09,0.15,2527.12,268.75,3.8,Delivered
ORD100010,2024-10-14,CUST1583,Football,Sports,North,Debit Card,Standard,2,9908.6,0.15,16844.61,5053.3,3.8,Delivered
ORD103468,2024-10-14,CUST1329,Backpack,Fashion,East,UPI,Standard,1,2930.5,0.05,2783.97,520.82,4.2,Delivered
ORD102608,2024-10-14,CUST1365,Mixer Grinder,Home & Kitchen,Central,Debit Card,Standard,2,12509.82,0.2,20015.71,4164.48,2.9,Delivered
ORD101664,2024-10-14,CUST1213,Denim Jacket,Fashion,North,Net Banking,Same Day,1,6403.78,0.15,5443.21,574.37,3.8,Delivered
ORD103359,2024-10-15,CUST1493,Smart Watch,Electronics,West,UPI,Express,1,4643.02,0.0,4643.02,1888.56,3.7,Delivered
ORD101500,2024-10-16,CUST1119,Smart Watch,Electronics,North,Debit Card,Express,1,1815.2,0.0,1815.2,404.61,3.3,Delivered
ORD103043,2024-10-16,CUST1357,T-Shirt,Fashion,West,Debit Card,Standard,1,7201.16,0.1,6481.04,842.16,3.9,Delivered
ORD101391,2024-10-16,CUST1343,Mixer Grinder,Home & Kitchen,East,Net Banking,Express,3,11174.31,0.05,31846.78,3770.14,3.3,Delivered
ORD100994,2024-10-16,CUST1185,Storage Organizer,Home & Kitchen,North,Credit Card,Standard,4,6247.04,0.0,24988.14,10362.74,3.5,Delivered
ORD101919,2024-10-16,CUST1386,Cookware Set,Home & Kitchen,West,Credit Card,Express,1,15491.7,0.0,15491.7,5078.85,4.0,Delivered
ORD101956,2024-10-16,CUST1096,Bluetooth Speaker,Electronics,West,Net Banking,Express,2,21654.52,0.2,34647.24,6158.67,4.7,Delivered
ORD101990,2024-10-17,CUST1285,Storage Organizer,Home & Kitchen,Central,COD,Standard,1,8380.98,0.0,8380.98,2951.97,5.0,Delivered
ORD101901,2024-10-17,CUST1414,Smart Watch,Electronics,Central,COD,Standard,1,51228.42,0.2,40982.74,1915.97,4.3,Delivered
ORD100487,2024-10-17,CUST1043,Cookware Set,Home & Kitchen,North,COD,Same Day,2,5342.88,0.15,9082.9,892.84,4.3,Delivered
ORD101146,2024-10-17,CUST1448,Resistance Bands,Sports,South,Debit Card,Standard,3,4335.53,0.1,11705.93,2999.93,4.3,Delivered
ORD102538,2024-10-17,CUST1262,Bluetooth Speaker,Electronics,West,Net Banking,Standard,3,9032.26,0.0,27096.77,8220.82,3.7,Delivered
ORD102410,2024-10-17,CUST1118,Resistance Bands,Sports,South,Net Banking,Express,3,1050.51,0.1,2836.39,481.56,3.8,Returned
ORD100506,2024-10-17,CUST1151,Casual Sneakers,Fashion,Central,Debit Card,Standard,1,8239.63,0.0,8239.63,3132.33,4.3,Returned
ORD102047,2024-10-17,CUST1030,Running Shoes,Fashion,South,Credit Card,Standard,1,4828.07,0.15,4103.86,94.22,3.6,Delivered
ORD103495,2024-10-17,CUST1455,Perfume,Beauty,Central,Net Banking,Standard,2,4745.59,0.1,8542.07,1645.38,4.5,Delivered
ORD101163,2024-10-17,CUST1227,Laptop Stand,Electronics,South,Net Banking,Standard,2,37003.17,0.2,59205.07,7518.6,3.8,Delivered
ORD101298,2024-10-17,CUST1235,Hair Dryer,Beauty,North,Debit Card,Standard,1,6566.67,0.05,6238.34,903.78,4.3,Delivered
ORD103477,2024-10-17,CUST1126,Bluetooth Speaker,Electronics,East,COD,Express,2,33919.82,0.15,57663.69,5837.56,4.5,Delivered
ORD102948,2024-10-17,CUST1113,Running Shoes,Fashion,West,Credit Card,Standard,1,7678.78,0.0,7678.78,1440.0,3.6,Delivered
ORD101957,2024-10-17,CUST1237,Casual Sneakers,Fashion,West,Net Banking,Same Day,1,8388.04,0.1,7549.23,1227.31,5.0,Delivered
ORD103016,2024-10-18,CUST1165,Makeup Set,Beauty,West,Credit Card,Standard,3,1315.56,0.05,3749.34,1398.53,3.5,Delivered
ORD101334,2024-10-18,CUST1587,Coffee Maker,Home & Kitchen,North,Credit Card,Standard,1,3936.09,0.1,3542.48,751.18,3.7,Delivered
ORD102606,2024-10-18,CUST1016,Yoga Mat,Sports,East,COD,Express,1,5968.22,0.1,5371.39,1163.02,4.9,Delivered
ORD102592,2024-10-18,CUST1106,Casual Sneakers,Fashion,Central,UPI,Standard,1,4584.28,0.25,3438.21,455.15,4.5,Delivered
ORD100655,2024-10-18,CUST1112,Smart Watch,Electronics,West,Debit Card,Same Day,1,17481.0,0.0,17481.0,7786.06,2.8,Delivered
ORD101552,2024-10-18,CUST1578,Casual Sneakers,Fashion,West,Net Banking,Standard,1,5650.04,0.15,4802.54,1487.49,3.9,Delivered
ORD100746,2024-10-18,CUST1164,Resistance Bands,Sports,East,Debit Card,Same Day,1,8598.41,0.15,7308.65,222.96,3.9,Delivered
ORD101668,2024-10-18,CUST1212,Bluetooth Speaker,Electronics,East,Credit Card,Standard,1,46729.37,0.2,37383.49,2538.51,4.8,Delivered
ORD100350,2024-10-18,CUST1441,Coffee Maker,Home & Kitchen,North,Credit Card,Express,1,8739.42,0.2,6991.53,1004.25,3.5,Delivered
ORD101900,2024-10-19,CUST1511,Backpack,Fashion,North,UPI,Standard,1,6035.46,0.15,5130.14,712.18,4.3,Delivered
ORD100647,2024-10-19,CUST1514,Denim Jacket,Fashion,South,Debit Card,Express,1,7690.39,0.05,7305.88,2115.94,3.7,Delivered
ORD102793,2024-10-19,CUST1442,Resistance Bands,Sports,North,UPI,Standard,1,1427.7,0.05,1356.32,566.9,4.7,Delivered
ORD101340,2024-10-19,CUST1458,Cricket Bat,Sports,North,Net Banking,Standard,1,8388.1,0.1,7549.29,2129.43,4.5,Delivered
ORD102309,2024-10-19,CUST1228,Hair Dryer,Beauty,West,UPI,Standard,1,3512.08,0.1,3160.87,1104.89,3.8,Delivered
ORD101724,2024-10-19,CUST1317,Denim Jacket,Fashion,East,Net Banking,Standard,4,3026.26,0.15,10289.28,2232.1,4.9,Delivered
ORD102765,2024-10-19,CUST1059,Makeup Set,Beauty,East,Debit Card,Same Day,3,6635.15,0.05,18910.19,6723.2,3.8,Delivered
ORD101921,2024-10-20,CUST1584,Running Shoes,Fashion,West,Debit Card,Standard,1,7386.43,0.25,5539.82,-79.33,4.1,Delivered
ORD100560,2024-10-20,CUST1087,Yoga Mat,Sports,Central,COD,Express,1,9064.7,0.2,7251.76,985.65,4.0,Delivered
ORD102665,2024-10-20,CUST1396,T-Shirt,Fashion,West,Debit Card,Standard,1,6967.25,0.0,6967.25,1657.34,3.3,Delivered
ORD101635,2024-10-20,CUST1060,T-Shirt,Fashion,East,Credit Card,Express,1,7214.8,0.05,6854.06,1978.38,3.7,Delivered
ORD102895,2024-10-20,CUST1057,Hair Dryer,Beauty,Central,Debit Card,Standard,1,6977.83,0.0,6977.83,2813.11,3.9,Delivered
ORD100605,2024-10-20,CUST1272,Power Bank,Electronics,Central,Debit Card,Express,3,36258.57,0.15,92459.35,13357.65,3.9,Delivered
ORD102138,2024-10-21,CUST1066,Bluetooth Speaker,Electronics,South,Net Banking,Standard,1,21169.62,0.1,19052.66,4492.79,3.0,Delivered
ORD103298,2024-10-21,CUST1287,T-Shirt,Fashion,East,UPI,Express,1,4729.58,0.1,4256.62,1323.31,4.8,Delivered
ORD102350,2024-10-21,CUST1102,Resistance Bands,Sports,West,Debit Card,Express,2,7812.03,0.05,14842.86,5478.94,3.9,Delivered
ORD100930,2024-10-21,CUST1553,Mixer Grinder,Home & Kitchen,South,Net Banking,Standard,1,11609.14,0.05,11028.69,4457.72,4.6,Delivered
ORD102335,2024-10-21,CUST1513,Wireless Headphones,Electronics,Central,COD,Standard,1,42048.39,0.0,42048.39,7006.4,4.1,Delivered
ORD103344,2024-10-21,CUST1165,Casual Sneakers,Fashion,South,Credit Card,Express,1,3889.75,0.05,3695.26,1481.78,3.3,Delivered
ORD103466,2024-10-21,CUST1543,Denim Jacket,Fashion,South,Net Banking,Standard,1,5566.1,0.0,5566.1,1869.02,4.0,Delivered
ORD101139,2024-10-22,CUST1552,Smart Watch,Electronics,South,UPI,Same Day,1,54643.89,0.1,49179.5,12088.06,4.2,Delivered
ORD100538,2024-10-22,CUST1184,Coffee Maker,Home & Kitchen,North,Credit Card,Express,1,15713.86,0.0,15713.86,5435.37,3.1,Delivered
ORD102923,2024-10-22,CUST1421,Perfume,Beauty,North,Credit Card,Express,1,1899.37,0.15,1614.47,209.71,4.8,Delivered
ORD102820,2024-10-22,CUST1466,Laptop Stand,Electronics,West,UPI,Standard,2,15781.52,0.2,25250.43,-680.22,4.6,Delivered
ORD101379,2024-10-22,CUST1454,Coffee Maker,Home & Kitchen,East,UPI,Standard,2,9246.91,0.15,15719.74,3660.82,3.3,Delivered
ORD101258,2024-10-22,CUST1272,Wireless Headphones,Electronics,West,COD,Standard,1,15183.0,0.0,15183.0,2723.31,4.0,Delivered
ORD103110,2024-10-22,CUST1202,Makeup Set,Beauty,South,Net Banking,Express,1,4479.97,0.05,4255.97,732.32,4.2,Delivered
ORD100876,2024-10-22,CUST1190,Perfume,Beauty,West,COD,Express,2,4830.47,0.05,9177.89,2198.65,2.6,Delivered
ORD102117,2024-10-23,CUST1111,Perfume,Beauty,East,Net Banking,Same Day,1,3044.86,0.25,2283.64,473.45,3.5,Delivered
ORD100304,2024-10-23,CUST1014,Laptop Stand,Electronics,East,UPI,Same Day,2,10403.33,0.0,20806.67,5909.32,3.5,Delivered
ORD101847,2024-10-23,CUST1284,Hair Dryer,Beauty,East,Credit Card,Standard,2,662.5,0.0,1324.99,473.72,3.2,Delivered
ORD103340,2024-10-23,CUST1170,Face Serum,Beauty,West,Credit Card,Standard,4,3298.79,0.15,11215.9,1412.85,3.9,Delivered
ORD100926,2024-10-23,CUST1155,Bluetooth Speaker,Electronics,North,UPI,Standard,1,51614.92,0.1,46453.43,10673.74,4.1,Delivered
ORD100288,2024-10-23,CUST1586,Air Fryer,Home & Kitchen,East,Debit Card,Same Day,1,15089.46,0.05,14334.98,3192.54,3.6,Delivered
ORD102136,2024-10-24,CUST1153,Storage Organizer,Home & Kitchen,East,Credit Card,Standard,2,12877.75,0.15,21892.18,3117.92,4.9,Delivered
ORD102153,2024-10-24,CUST1280,Mixer Grinder,Home & Kitchen,Central,UPI,Express,3,16399.05,0.0,49197.15,11501.68,3.8,Delivered
ORD100916,2024-10-24,CUST1283,Backpack,Fashion,Central,Credit Card,Standard,1,2691.11,0.1,2422.0,912.08,4.8,Delivered
ORD100788,2024-10-24,CUST1459,Resistance Bands,Sports,East,UPI,Standard,3,808.42,0.0,2425.27,827.31,4.0,Delivered
ORD102835,2024-10-24,CUST1114,Coffee Maker,Home & Kitchen,North,Net Banking,Express,1,11504.01,0.05,10928.81,2260.13,4.8,Delivered
ORD102833,2024-10-25,CUST1058,Air Fryer,Home & Kitchen,West,Net Banking,Express,1,4903.54,0.25,3677.66,-3.39,4.8,Delivered
ORD100294,2024-10-25,CUST1536,T-Shirt,Fashion,West,Debit Card,Standard,2,6293.28,0.25,9439.93,755.23,3.9,Delivered
ORD102118,2024-10-25,CUST1543,Denim Jacket,Fashion,West,COD,Same Day,1,2498.55,0.15,2123.77,705.5,4.4,Delivered
ORD102342,2024-10-25,CUST1333,Cookware Set,Home & Kitchen,Central,Credit Card,Express,2,17601.97,0.15,29923.35,6757.9,3.7,Delivered
ORD102774,2024-10-25,CUST1338,Wireless Headphones,Electronics,West,COD,Express,1,43087.26,0.15,36624.17,9331.22,3.4,Delivered
ORD100028,2024-10-25,CUST1113,Skincare Kit,Beauty,West,Debit Card,Standard,2,3121.29,0.05,5930.45,1588.83,4.7,Delivered
ORD100056,2024-10-25,CUST1423,Running Shoes,Fashion,Central,Credit Card,Standard,3,7981.78,0.0,23945.33,9253.13,4.9,Delivered
ORD100806,2024-10-25,CUST1444,Backpack,Fashion,West,UPI,Standard,1,5636.73,0.15,4791.22,1590.04,4.4,Delivered
ORD101576,2024-10-26,CUST1198,Backpack,Fashion,North,COD,Standard,1,4160.87,0.05,3952.83,505.55,4.8,Delivered
ORD100982,2024-10-26,CUST1502,Perfume,Beauty,Central,Net Banking,Express,4,3315.42,0.0,13261.69,4034.03,4.9,Delivered
ORD103476,2024-10-26,CUST1475,Makeup Set,Beauty,East,COD,Standard,2,941.59,0.1,1694.87,486.9,4.7,Delivered
ORD100878,2024-10-26,CUST1100,Cricket Bat,Sports,Central,Credit Card,Express,2,11173.96,0.1,20113.14,2390.56,3.1,Returned
ORD100330,2024-10-26,CUST1539,Denim Jacket,Fashion,North,COD,Standard,2,6286.64,0.05,11944.62,4171.84,2.7,Delivered
ORD100228,2024-10-26,CUST1205,Makeup Set,Beauty,North,Debit Card,Same Day,1,6937.55,0.1,6243.79,1593.98,4.0,Cancelled
ORD103065,2024-10-27,CUST1166,Casual Sneakers,Fashion,Central,Net Banking,Standard,2,1586.6,0.1,2855.89,847.98,2.9,Delivered
ORD100991,2024-10-27,CUST1119,Dumbbells,Sports,Central,COD,Standard,1,10797.23,0.15,9177.65,2304.59,3.2,Delivered
ORD101322,2024-10-27,CUST1546,Running Shoes,Fashion,North,Credit Card,Same Day,2,7627.55,0.1,13729.58,4396.5,2.7,Cancelled
ORD101496,2024-10-28,CUST1449,Wireless Headphones,Electronics,North,Debit Card,Same Day,1,26737.45,0.15,22726.83,6952.29,3.9,Delivered
ORD102403,2024-10-28,CUST1467,Makeup Set,Beauty,East,Net Banking,Express,4,1699.46,0.0,6797.86,1651.54,3.7,Delivered
ORD101663,2024-10-29,CUST1502,Storage Organizer,Home & Kitchen,Central,COD,Standard,1,2363.49,0.2,1890.79,416.34,4.4,Delivered
ORD101996,2024-10-29,CUST1463,Football,Sports,Central,UPI,Express,1,1188.74,0.2,950.99,108.32,3.5,Delivered
ORD102334,2024-10-29,CUST1154,Casual Sneakers,Fashion,West,Net Banking,Express,1,7323.93,0.05,6957.74,1922.64,3.7,Delivered
ORD101221,2024-10-29,CUST1499,Denim Jacket,Fashion,West,UPI,Express,2,7223.15,0.2,11557.04,-567.08,3.9,Delivered
ORD101624,2024-10-29,CUST1070,T-Shirt,Fashion,South,COD,Standard,1,1494.37,0.15,1270.22,297.67,3.7,Delivered
ORD102251,2024-10-29,CUST1131,Air Fryer,Home & Kitchen,South,UPI,Same Day,4,13427.91,0.15,45654.89,9282.8,4.9,Delivered
ORD100761,2024-10-29,CUST1122,Yoga Mat,Sports,Central,Credit Card,Express,4,9249.33,0.0,36997.31,10331.31,3.9,Delivered
ORD103145,2024-10-29,CUST1425,Power Bank,Electronics,Central,UPI,Same Day,2,4629.44,0.15,7870.04,1711.55,4.7,Delivered
ORD101839,2024-10-29,CUST1281,Cookware Set,Home & Kitchen,West,COD,Standard,1,13444.07,0.1,12099.66,4096.73,2.3,Delivered
ORD100131,2024-10-29,CUST1328,Football,Sports,West,Debit Card,Standard,1,9996.31,0.2,7997.05,2078.46,4.9,Delivered
ORD100654,2024-10-29,CUST1137,Casual Sneakers,Fashion,North,UPI,Standard,1,4657.6,0.15,3958.96,367.12,4.0,Delivered
ORD100033,2024-10-30,CUST1594,Wireless Headphones,Electronics,North,Credit Card,Standard,2,14168.23,0.2,22669.17,-553.18,3.6,Delivered
ORD100455,2024-10-30,CUST1566,Casual Sneakers,Fashion,East,Net Banking,Express,3,2372.71,0.1,6406.32,1952.23,4.2,Delivered
ORD100754,2024-10-30,CUST1206,Face Serum,Beauty,East,Net Banking,Standard,2,6121.6,0.05,11631.04,2024.01,3.2,Delivered
ORD102585,2024-10-30,CUST1459,Face Serum,Beauty,Central,Net Banking,Standard,2,4041.11,0.1,7274.0,2414.7,3.3,Delivered
ORD100329,2024-10-30,CUST1091,Casual Sneakers,Fashion,East,UPI,Standard,1,3844.88,0.2,3075.9,390.07,3.8,Delivered
ORD100112,2024-10-30,CUST1366,Backpack,Fashion,West,UPI,Standard,1,2567.27,0.0,2567.27,1133.76,4.6,Delivered
ORD101364,2024-10-30,CUST1528,T-Shirt,Fashion,East,Debit Card,Same Day,2,7103.74,0.05,13497.11,2782.81,3.6,Delivered
ORD100307,2024-10-30,CUST1094,Casual Sneakers,Fashion,West,Credit Card,Standard,1,7536.29,0.0,7536.29,1996.08,2.8,Delivered
ORD101937,2024-10-30,CUST1008,Laptop Stand,Electronics,North,COD,Standard,1,34264.79,0.1,30838.31,6130.79,4.0,Delivered
ORD101257,2024-10-30,CUST1081,Yoga Mat,Sports,South,Credit Card,Express,1,3914.1,0.2,3131.28,75.94,3.3,Delivered
ORD102030,2024-10-31,CUST1355,Air Fryer,Home & Kitchen,South,Net Banking,Standard,4,5156.83,0.15,17533.24,744.28,3.0,Delivered
ORD101083,2024-10-31,CUST1425,Dumbbells,Sports,East,UPI,Standard,1,11951.35,0.0,11951.35,2294.59,4.6,Delivered
ORD103175,2024-10-31,CUST1530,Laptop Stand,Electronics,West,Credit Card,Standard,1,37176.08,0.05,35317.27,10713.77,3.8,Delivered
ORD101564,2024-10-31,CUST1309,Resistance Bands,Sports,South,Debit Card,Standard,2,4825.82,0.05,9169.07,3603.33,3.8,Returned
ORD100157,2024-10-31,CUST1554,Mixer Grinder,Home & Kitchen,Central,UPI,Standard,4,7248.39,0.15,24644.52,836.49,3.5,Delivered
ORD101128,2024-10-31,CUST1458,Bluetooth Speaker,Electronics,West,UPI,Express,2,11068.3,0.0,22136.6,4348.5,4.1,Delivered
ORD101002,2024-11-01,CUST1599,Backpack,Fashion,South,Debit Card,Standard,1,6529.44,0.05,6202.97,1964.55,3.8,Cancelled
ORD100133,2024-11-01,CUST1457,Cookware Set,Home & Kitchen,East,Credit Card,Standard,2,16256.13,0.2,26009.8,4979.16,5.0,Delivered
ORD101974,2024-11-01,CUST1035,Denim Jacket,Fashion,South,COD,Standard,3,2376.4,0.1,6416.28,2308.7,3.5,Delivered
ORD102425,2024-11-02,CUST1061,Smart Watch,Electronics,West,Credit Card,Standard,1,34617.48,0.1,31155.73,9852.23,5.0,Delivered
ORD101386,2024-11-02,CUST1415,Smart Watch,Electronics,Central,UPI,Standard,1,32365.59,0.05,30747.31,8838.1,4.7,Delivered
ORD102603,2024-11-03,CUST1059,Hair Dryer,Beauty,South,Debit Card,Standard,1,6551.55,0.2,5241.24,1303.1,3.8,Delivered
ORD102061,2024-11-03,CUST1071,Mixer Grinder,Home & Kitchen,Central,Debit Card,Standard,2,14200.34,0.05,26980.66,4097.37,3.9,Delivered
ORD101411,2024-11-03,CUST1323,Mixer Grinder,Home & Kitchen,East,Credit Card,Express,3,6517.73,0.1,17597.88,2339.47,4.2,Delivered
ORD102882,2024-11-03,CUST1365,Denim Jacket,Fashion,West,Net Banking,Express,1,1560.57,0.1,1404.52,491.43,3.4,Delivered
ORD103214,2024-11-03,CUST1561,Backpack,Fashion,West,Credit Card,Express,2,7077.07,0.05,13446.44,3118.86,2.9,Delivered
ORD101433,2024-11-03,CUST1497,Mixer Grinder,Home & Kitchen,West,COD,Express,2,13665.62,0.05,25964.67,8430.92,3.2,Delivered
ORD102633,2024-11-03,CUST1246,Coffee Maker,Home & Kitchen,South,Net Banking,Standard,1,4987.07,0.1,4488.37,1215.06,3.5,Delivered
ORD103032,2024-11-04,CUST1300,Face Serum,Beauty,West,UPI,Same Day,2,2906.26,0.15,4940.64,230.81,3.3,Delivered
ORD102435,2024-11-04,CUST1171,Denim Jacket,Fashion,East,Net Banking,Same Day,1,8844.89,0.15,7518.15,1554.4,3.0,Delivered
ORD102687,2024-11-04,CUST1579,Air Fryer,Home & Kitchen,Central,Debit Card,Standard,1,8871.95,0.1,7984.75,1171.4,3.4,Delivered
ORD103447,2024-11-04,CUST1246,Perfume,Beauty,North,Net Banking,Standard,3,5374.09,0.05,15316.15,5511.61,4.3,Delivered
ORD103258,2024-11-04,CUST1179,Air Fryer,Home & Kitchen,South,Net Banking,Standard,1,4810.95,0.1,4329.86,1167.6,3.2,Delivered
ORD100078,2024-11-04,CUST1529,Hair Dryer,Beauty,North,Debit Card,Standard,2,4432.21,0.05,8421.2,1399.46,5.0,Delivered
ORD101188,2024-11-05,CUST1005,Dumbbells,Sports,West,Debit Card,Standard,1,6278.85,0.05,5964.91,1995.0,4.0,Delivered
ORD100979,2024-11-05,CUST1323,Resistance Bands,Sports,East,COD,Express,1,1813.45,0.1,1632.11,511.87,3.4,Returned
ORD100705,2024-11-05,CUST1485,Hair Dryer,Beauty,East,Net Banking,Standard,1,2680.43,0.0,2680.43,601.98,3.6,Delivered
ORD100130,2024-11-05,CUST1279,Bluetooth Speaker,Electronics,East,UPI,Express,3,31147.21,0.15,79425.38,12662.2,5.0,Delivered
ORD102401,2024-11-05,CUST1093,Power Bank,Electronics,West,UPI,Standard,3,22451.61,0.1,60619.33,7925.2,2.7,Delivered
ORD101028,2024-11-05,CUST1267,Bluetooth Speaker,Electronics,Central,Net Banking,Standard,2,35286.01,0.0,70572.03,23959.79,3.8,Delivered
ORD102655,2024-11-05,CUST1367,Laptop Stand,Electronics,West,Credit Card,Express,1,45819.57,0.2,36655.65,314.25,4.3,Delivered
ORD100125,2024-11-05,CUST1446,Denim Jacket,Fashion,Central,COD,Standard,3,6504.51,0.0,19513.54,4156.94,4.7,Delivered
ORD100436,2024-11-06,CUST1315,Coffee Maker,Home & Kitchen,North,Credit Card,Express,1,2505.68,0.15,2129.83,34.23,2.8,Delivered
ORD102646,2024-11-06,CUST1324,Skincare Kit,Beauty,East,UPI,Standard,1,4551.44,0.25,3413.58,-357.32,3.3,Delivered
ORD102797,2024-11-06,CUST1516,Denim Jacket,Fashion,South,UPI,Standard,2,8376.74,0.0,16753.49,2909.27,4.1,Delivered
ORD102856,2024-11-06,CUST1419,Storage Organizer,Home & Kitchen,West,Debit Card,Standard,1,3713.74,0.15,3156.68,543.82,4.1,Delivered
ORD101671,2024-11-06,CUST1268,Running Shoes,Fashion,South,Credit Card,Standard,1,6598.41,0.1,5938.57,1058.22,3.3,Delivered
ORD102579,2024-11-06,CUST1382,Football,Sports,North,Credit Card,Same Day,1,1264.43,0.05,1201.21,338.01,4.7,Delivered
ORD103143,2024-11-06,CUST1261,Mixer Grinder,Home & Kitchen,North,Credit Card,Express,1,9838.06,0.2,7870.45,2139.08,3.0,Delivered
ORD102302,2024-11-07,CUST1263,Skincare Kit,Beauty,South,Net Banking,Standard,1,4444.09,0.0,4444.09,1282.16,3.4,Delivered
ORD101543,2024-11-07,CUST1338,Air Fryer,Home & Kitchen,Central,UPI,Express,1,8339.52,0.2,6671.61,177.66,3.5,Cancelled
ORD101727,2024-11-07,CUST1464,Laptop Stand,Electronics,South,UPI,Same Day,4,20250.1,0.0,81000.4,24906.51,3.5,Delivered
ORD100115,2024-11-07,CUST1269,Running Shoes,Fashion,Central,Credit Card,Same Day,1,6131.49,0.1,5518.34,1946.23,3.2,Returned
ORD102891,2024-11-07,CUST1233,Casual Sneakers,Fashion,East,Net Banking,Same Day,1,7472.58,0.05,7098.95,2168.44,3.7,Delivered
ORD102198,2024-11-08,CUST1432,Dumbbells,Sports,South,Net Banking,Express,3,1334.34,0.05,3802.86,1068.2,5.0,Delivered
ORD100287,2024-11-08,CUST1013,Laptop Stand,Electronics,North,COD,Standard,1,11068.59,0.0,11068.59,3293.46,4.2,Returned
ORD103235,2024-11-08,CUST1389,Yoga Mat,Sports,South,Net Banking,Express,1,8042.33,0.15,6835.98,1333.92,4.5,Delivered
ORD103234,2024-11-08,CUST1198,Wireless Headphones,Electronics,West,UPI,Standard,1,15602.37,0.2,12481.9,1642.35,3.0,Delivered
ORD100569,2024-11-08,CUST1061,Smart Watch,Electronics,Central,COD,Standard,3,15352.02,0.0,46056.05,9436.93,3.7,Delivered
ORD101454,2024-11-08,CUST1226,Laptop Stand,Electronics,North,COD,Standard,1,37605.99,0.05,35725.69,10152.14,4.2,Returned
ORD101758,2024-11-08,CUST1402,Coffee Maker,Home & Kitchen,South,Credit Card,Same Day,1,16761.16,0.25,12570.87,-790.36,3.4,Delivered
ORD100707,2024-11-09,CUST1563,Smart Watch,Electronics,East,Net Banking,Standard,3,50693.6,0.15,129268.69,27398.15,4.1,Cancelled
ORD100921,2024-11-09,CUST1600,Laptop Stand,Electronics,South,UPI,Standard,1,2809.85,0.15,2388.38,537.45,3.6,Delivered
ORD100977,2024-11-09,CUST1222,Wireless Headphones,Electronics,Central,UPI,Standard,1,31754.16,0.0,31754.16,14070.61,3.1,Delivered
ORD101630,2024-11-09,CUST1194,Cookware Set,Home & Kitchen,East,COD,Express,1,7696.02,0.0,7696.02,2918.01,3.5,Delivered
ORD101343,2024-11-10,CUST1119,Mixer Grinder,Home & Kitchen,South,Net Banking,Standard,3,2648.89,0.05,7549.34,2548.46,5.0,Delivered
ORD101896,2024-11-10,CUST1567,Mixer Grinder,Home & Kitchen,South,Debit Card,Standard,1,7846.76,0.15,6669.75,1303.0,2.9,Delivered
ORD102246,2024-11-10,CUST1260,Bluetooth Speaker,Electronics,East,COD,Same Day,2,35717.17,0.05,67862.62,18469.47,3.4,Delivered
ORD101764,2024-11-10,CUST1500,Coffee Maker,Home & Kitchen,South,Debit Card,Express,1,2240.93,0.05,2128.89,486.2,4.4,Delivered
ORD100128,2024-11-10,CUST1508,Casual Sneakers,Fashion,Central,Net Banking,Express,1,8639.91,0.1,7775.91,2349.73,3.4,Delivered
ORD102736,2024-11-10,CUST1487,Mixer Grinder,Home & Kitchen,North,COD,Same Day,4,8454.66,0.05,32127.69,9380.73,3.4,Delivered
ORD100534,2024-11-11,CUST1256,Power Bank,Electronics,South,Debit Card,Express,1,24074.72,0.0,24074.72,4876.93,5.0,Delivered
ORD102560,2024-11-11,CUST1282,Casual Sneakers,Fashion,West,Net Banking,Same Day,1,7469.13,0.15,6348.76,1732.94,3.9,Delivered
ORD102529,2024-11-11,CUST1168,Power Bank,Electronics,South,COD,Standard,1,16269.86,0.1,14642.87,4741.37,4.0,Returned
ORD103226,2024-11-12,CUST1519,Power Bank,Electronics,West,UPI,Standard,1,23584.14,0.25,17688.1,2953.02,3.9,Delivered
ORD100227,2024-11-12,CUST1317,Power Bank,Electronics,South,Credit Card,Express,1,52938.57,0.2,42350.86,9983.15,3.6,Delivered
ORD102625,2024-11-12,CUST1147,Storage Organizer,Home & Kitchen,West,COD,Express,3,17085.65,0.05,48694.09,12400.36,5.0,Delivered
ORD100929,2024-11-12,CUST1554,Laptop Stand,Electronics,West,Debit Card,Same Day,2,28615.65,0.05,54369.73,21665.1,5.0,Delivered
ORD100596,2024-11-12,CUST1322,Running Shoes,Fashion,South,UPI,Standard,2,2374.16,0.1,4273.49,1088.84,3.4,Delivered
ORD101626,2024-11-12,CUST1149,Storage Organizer,Home & Kitchen,South,Debit Card,Standard,1,2917.83,0.1,2626.05,356.51,2.9,Delivered
ORD103136,2024-11-13,CUST1059,Power Bank,Electronics,West,Credit Card,Standard,1,10617.99,0.0,10617.99,4726.58,3.0,Delivered
ORD100265,2024-11-13,CUST1245,Hair Dryer,Beauty,North,COD,Express,1,2509.3,0.0,2509.3,733.46,4.0,Delivered
ORD102678,2024-11-13,CUST1480,Cookware Set,Home & Kitchen,South,Net Banking,Standard,1,5776.57,0.15,4910.09,673.29,3.9,Delivered
ORD100676,2024-11-13,CUST1183,Running Shoes,Fashion,South,COD,Express,3,732.66,0.1,1978.19,152.33,4.2,Delivered
ORD102728,2024-11-13,CUST1003,Storage Organizer,Home & Kitchen,West,Net Banking,Same Day,1,5689.67,0.0,5689.67,1930.69,4.2,Delivered
ORD101759,2024-11-13,CUST1145,Wireless Headphones,Electronics,North,UPI,Express,1,13438.21,0.1,12094.39,879.48,3.8,Delivered
ORD100423,2024-11-13,CUST1251,Cricket Bat,Sports,East,Debit Card,Express,2,6206.82,0.0,12413.64,3601.95,3.5,Delivered
ORD102718,2024-11-13,CUST1015,Bluetooth Speaker,Electronics,Central,Net Banking,Express,1,45608.73,0.15,38767.42,12234.21,3.6,Delivered
ORD102752,2024-11-14,CUST1166,Mixer Grinder,Home & Kitchen,South,COD,Standard,3,6024.34,0.1,16265.71,3727.67,2.5,Delivered
ORD103074,2024-11-14,CUST1083,Mixer Grinder,Home & Kitchen,North,UPI,Same Day,1,6775.65,0.1,6098.09,1543.38,4.6,Delivered
ORD102122,2024-11-14,CUST1121,Running Shoes,Fashion,Central,COD,Same Day,1,7468.82,0.2,5975.06,-274.67,4.6,Delivered
ORD101160,2024-11-14,CUST1500,Running Shoes,Fashion,South,Credit Card,Express,1,5361.83,0.0,5361.83,1746.45,3.4,Delivered
ORD103377,2024-11-14,CUST1005,Air Fryer,Home & Kitchen,South,Credit Card,Express,2,16738.59,0.2,26781.74,2132.18,3.4,Delivered
ORD102547,2024-11-15,CUST1343,Laptop Stand,Electronics,West,Net Banking,Standard,2,8924.76,0.15,15172.08,2033.99,4.0,Delivered
ORD102036,2024-11-15,CUST1034,Storage Organizer,Home & Kitchen,Central,Debit Card,Express,4,14190.91,0.2,45410.9,13934.84,4.0,Delivered
ORD101857,2024-11-15,CUST1448,Storage Organizer,Home & Kitchen,Central,Credit Card,Standard,3,1236.09,0.05,3522.86,984.57,4.4,Delivered
ORD100241,2024-11-15,CUST1182,Smart Watch,Electronics,South,Debit Card,Standard,2,40125.42,0.0,80250.85,33335.47,4.5,Delivered
ORD101627,2024-11-15,CUST1310,Bluetooth Speaker,Electronics,Central,Credit Card,Standard,1,16301.49,0.05,15486.42,6050.85,4.6,Returned
ORD101790,2024-11-15,CUST1498,Coffee Maker,Home & Kitchen,Central,Debit Card,Express,1,1154.87,0.05,1097.13,332.69,4.5,Delivered
ORD101117,2024-11-16,CUST1359,Casual Sneakers,Fashion,South,COD,Standard,4,5443.47,0.25,16330.4,3620.72,5.0,Delivered
ORD101414,2024-11-16,CUST1467,Mixer Grinder,Home & Kitchen,North,COD,Express,1,13810.35,0.05,13119.83,2978.17,4.8,Delivered
ORD102189,2024-11-16,CUST1126,Resistance Bands,Sports,West,Debit Card,Express,4,5610.28,0.15,19074.96,464.81,3.1,Delivered
ORD102463,2024-11-16,CUST1167,Coffee Maker,Home & Kitchen,North,UPI,Standard,2,17226.45,0.1,31007.61,7961.77,3.6,Returned
ORD101155,2024-11-17,CUST1119,Football,Sports,Central,Debit Card,Standard,1,7509.83,0.15,6383.36,1270.49,4.7,Delivered
ORD101832,2024-11-17,CUST1235,Bluetooth Speaker,Electronics,North,Net Banking,Standard,1,40263.8,0.1,36237.42,11417.83,4.4,Delivered
ORD102344,2024-11-17,CUST1525,Coffee Maker,Home & Kitchen,West,Credit Card,Standard,1,17214.0,0.05,16353.3,2826.58,4.6,Delivered
ORD100259,2024-11-17,CUST1337,Laptop Stand,Electronics,North,Net Banking,Express,1,2886.35,0.15,2453.4,669.06,4.7,Delivered
ORD100984,2024-11-17,CUST1282,Cricket Bat,Sports,West,Debit Card,Express,1,9657.77,0.0,9657.77,2640.26,2.5,Delivered
ORD102234,2024-11-17,CUST1391,Smart Watch,Electronics,North,UPI,Standard,2,35104.95,0.15,59678.42,1653.76,4.0,Delivered
ORD100965,2024-11-17,CUST1057,Wireless Headphones,Electronics,West,Credit Card,Standard,1,27285.86,0.05,25921.57,3822.02,4.3,Delivered
ORD100785,2024-11-17,CUST1461,Wireless Headphones,Electronics,Central,COD,Express,3,26039.67,0.1,70307.11,22112.75,5.0,Delivered
ORD102559,2024-11-18,CUST1227,Resistance Bands,Sports,West,COD,Standard,1,11818.94,0.15,10046.1,3030.3,4.8,Delivered
ORD101545,2024-11-18,CUST1221,Resistance Bands,Sports,East,COD,Express,2,10172.47,0.1,18310.45,3125.58,3.5,Delivered
ORD100697,2024-11-18,CUST1075,Cricket Bat,Sports,Central,Net Banking,Standard,1,1259.15,0.15,1070.28,73.37,3.7,Delivered
ORD102064,2024-11-18,CUST1056,Football,Sports,North,UPI,Same Day,1,1733.92,0.15,1473.83,173.98,3.8,Delivered
ORD101422,2024-11-18,CUST1333,Cookware Set,Home & Kitchen,West,COD,Standard,1,16359.54,0.15,13905.61,2570.61,4.1,Delivered
ORD101317,2024-11-18,CUST1198,Backpack,Fashion,Central,Credit Card,Standard,2,1230.63,0.15,2092.07,397.18,4.9,Delivered
ORD102946,2024-11-18,CUST1174,T-Shirt,Fashion,West,Credit Card,Same Day,1,1803.48,0.1,1623.13,313.66,4.1,Delivered
ORD100980,2024-11-18,CUST1281,Air Fryer,Home & Kitchen,South,Debit Card,Standard,1,11646.12,0.05,11063.81,3232.99,4.0,Delivered
ORD100914,2024-11-19,CUST1295,Coffee Maker,Home & Kitchen,Central,Net Banking,Standard,1,774.22,0.2,619.38,174.43,4.0,Delivered
ORD101395,2024-11-19,CUST1243,Running Shoes,Fashion,East,Credit Card,Express,1,3967.27,0.25,2975.45,-144.39,3.5,Delivered
ORD100269,2024-11-19,CUST1201,Backpack,Fashion,South,Net Banking,Standard,1,5132.69,0.0,5132.69,931.97,3.8,Cancelled
ORD100547,2024-11-19,CUST1149,Mixer Grinder,Home & Kitchen,North,Debit Card,Standard,2,9862.66,0.05,18739.05,4701.3,4.2,Delivered
ORD100687,2024-11-20,CUST1129,Wireless Headphones,Electronics,West,COD,Standard,2,31081.91,0.1,55947.45,6044.17,3.7,Returned
ORD101607,2024-11-20,CUST1571,Storage Organizer,Home & Kitchen,West,COD,Standard,3,9795.78,0.0,29387.35,13219.27,3.7,Delivered
ORD102965,2024-11-20,CUST1311,Resistance Bands,Sports,North,Debit Card,Standard,2,8614.17,0.1,15505.5,2563.63,4.0,Delivered
ORD101643,2024-11-21,CUST1335,Football,Sports,South,UPI,Standard,4,9542.99,0.05,36263.36,8786.95,4.6,Returned
ORD100519,2024-11-21,CUST1413,Perfume,Beauty,North,COD,Standard,3,3931.45,0.15,10025.2,2890.31,4.8,Returned
ORD102675,2024-11-21,CUST1273,Dumbbells,Sports,North,COD,Express,2,10997.5,0.05,20895.26,4628.24,5.0,Delivered
ORD101653,2024-11-21,CUST1419,Wireless Headphones,Electronics,North,Net Banking,Standard,1,35521.45,0.15,30193.23,8283.39,3.4,Delivered
ORD101349,2024-11-21,CUST1541,Perfume,Beauty,North,Debit Card,Express,2,971.77,0.2,1554.83,381.31,4.1,Delivered
ORD100664,2024-11-22,CUST1429,Denim Jacket,Fashion,North,Credit Card,Standard,1,2838.74,0.2,2270.99,110.66,3.8,Delivered
ORD103414,2024-11-22,CUST1120,Skincare Kit,Beauty,South,Credit Card,Standard,2,2933.33,0.1,5279.99,1116.18,4.8,Delivered
ORD100467,2024-11-22,CUST1146,Wireless Headphones,Electronics,North,COD,Express,3,30824.59,0.2,73979.01,2260.96,3.6,Delivered
ORD100454,2024-11-22,CUST1356,Wireless Headphones,Electronics,Central,Credit Card,Standard,4,54489.21,0.1,196161.14,68053.56,3.7,Delivered
ORD101504,2024-11-22,CUST1464,Power Bank,Electronics,West,UPI,Standard,1,31251.78,0.1,28126.61,9372.68,3.5,Delivered
ORD102613,2024-11-22,CUST1371,Resistance Bands,Sports,South,Net Banking,Standard,3,5175.79,0.15,13198.27,2721.48,3.3,Delivered
ORD100530,2024-11-23,CUST1326,Backpack,Fashion,North,Credit Card,Standard,5,2743.41,0.15,11659.48,631.87,5.0,Delivered
ORD102972,2024-11-23,CUST1270,Football,Sports,Central,UPI,Express,2,4055.22,0.15,6893.88,381.69,3.4,Delivered
ORD102444,2024-11-23,CUST1153,Smart Watch,Electronics,West,Debit Card,Express,1,3812.46,0.15,3240.59,135.98,3.0,Delivered
ORD103018,2024-11-23,CUST1117,Smart Watch,Electronics,South,Credit Card,Standard,1,53105.0,0.2,42484.0,3661.79,5.0,Delivered
ORD101187,2024-11-23,CUST1173,Air Fryer,Home & Kitchen,South,UPI,Standard,1,13098.04,0.2,10478.43,3250.99,4.2,Delivered
ORD100719,2024-11-23,CUST1098,Casual Sneakers,Fashion,East,Debit Card,Standard,1,2431.13,0.0,2431.13,802.57,4.8,Returned
ORD103006,2024-11-23,CUST1570,Football,Sports,South,UPI,Express,1,2342.39,0.15,1991.03,142.4,4.5,Delivered
ORD100393,2024-11-23,CUST1121,Running Shoes,Fashion,West,Debit Card,Standard,1,2243.22,0.2,1794.57,255.12,4.4,Delivered
ORD101579,2024-11-24,CUST1306,Face Serum,Beauty,North,UPI,Standard,3,2803.13,0.0,8409.39,2526.4,5.0,Delivered
ORD103302,2024-11-24,CUST1317,Denim Jacket,Fashion,West,Debit Card,Express,1,8392.54,0.05,7972.91,2747.41,4.4,Delivered
ORD102023,2024-11-24,CUST1552,Backpack,Fashion,East,COD,Same Day,2,4563.83,0.15,7758.51,149.73,3.7,Delivered
ORD101047,2024-11-24,CUST1506,Mixer Grinder,Home & Kitchen,Central,Net Banking,Standard,1,14679.48,0.15,12477.56,1376.72,4.1,Delivered
ORD103422,2024-11-24,CUST1283,Coffee Maker,Home & Kitchen,East,Debit Card,Express,1,10565.08,0.15,8980.32,846.55,4.4,Returned
ORD101763,2024-11-25,CUST1298,Yoga Mat,Sports,West,Credit Card,Same Day,1,4278.51,0.05,4064.59,1604.31,4.6,Delivered
ORD103346,2024-11-25,CUST1066,Laptop Stand,Electronics,East,UPI,Standard,2,37070.35,0.1,66726.64,12440.33,4.9,Delivered
ORD100966,2024-11-25,CUST1480,Bluetooth Speaker,Electronics,East,Net Banking,Same Day,2,15610.79,0.25,23416.19,4118.86,4.1,Delivered
ORD102413,2024-11-25,CUST1095,Air Fryer,Home & Kitchen,Central,Debit Card,Standard,1,14830.12,0.0,14830.12,5689.7,3.9,Delivered
ORD100493,2024-11-25,CUST1172,Storage Organizer,Home & Kitchen,North,Debit Card,Express,3,5463.61,0.0,16390.84,3599.86,4.2,Returned
ORD100136,2024-11-25,CUST1325,Perfume,Beauty,North,COD,Standard,1,1612.46,0.05,1531.83,516.01,3.3,Delivered
ORD101872,2024-11-26,CUST1217,Power Bank,Electronics,North,Debit Card,Standard,3,41873.61,0.15,106777.71,19251.74,3.6,Delivered
ORD102212,2024-11-26,CUST1279,Yoga Mat,Sports,North,UPI,Express,1,7515.07,0.1,6763.56,1281.77,3.6,Delivered
ORD100624,2024-11-26,CUST1474,Football,Sports,South,Net Banking,Standard,4,6284.23,0.2,20109.54,2365.78,3.7,Delivered
ORD101524,2024-11-26,CUST1524,Casual Sneakers,Fashion,North,Debit Card,Same Day,2,7573.49,0.0,15146.99,4413.74,4.0,Delivered
ORD101567,2024-11-26,CUST1010,Storage Organizer,Home & Kitchen,East,Credit Card,Express,1,13840.05,0.15,11764.04,275.5,4.8,Delivered
ORD103448,2024-11-27,CUST1226,Perfume,Beauty,North,Net Banking,Express,3,1003.59,0.1,2709.7,662.14,4.9,Delivered
ORD100489,2024-11-27,CUST1286,Cricket Bat,Sports,North,Net Banking,Express,4,10425.82,0.0,41703.29,8851.19,3.5,Delivered
ORD103169,2024-11-27,CUST1221,Face Serum,Beauty,North,COD,Standard,1,2850.01,0.0,2850.01,842.2,4.0,Delivered
ORD103435,2024-11-27,CUST1181,Hair Dryer,Beauty,Central,UPI,Standard,3,4670.56,0.05,13311.08,3083.18,3.8,Cancelled
ORD102182,2024-11-27,CUST1229,Wireless Headphones,Electronics,South,UPI,Express,1,31836.08,0.15,27060.67,4079.3,4.2,Delivered
ORD100849,2024-11-27,CUST1212,Makeup Set,Beauty,West,UPI,Standard,1,2470.18,0.2,1976.14,294.61,4.8,Delivered
ORD102691,2024-11-28,CUST1029,Laptop Stand,Electronics,North,Debit Card,Same Day,2,37989.58,0.15,64582.28,4761.67,3.3,Delivered
ORD103224,2024-11-28,CUST1166,Cookware Set,Home & Kitchen,West,Net Banking,Standard,2,9942.0,0.15,16901.4,4518.08,3.9,Delivered
ORD101757,2024-11-28,CUST1174,Air Fryer,Home & Kitchen,North,Debit Card,Same Day,3,9532.84,0.0,28598.51,11794.37,3.8,Delivered
ORD101951,2024-11-28,CUST1445,T-Shirt,Fashion,East,Credit Card,Same Day,3,867.77,0.2,2082.65,602.73,3.8,Returned
ORD101180,2024-11-28,CUST1195,Dumbbells,Sports,South,Net Banking,Same Day,4,11275.38,0.05,42846.44,17540.76,4.6,Returned
ORD100192,2024-11-28,CUST1118,Laptop Stand,Electronics,East,COD,Standard,1,53838.06,0.0,53838.06,13390.98,3.8,Delivered
ORD102123,2024-11-29,CUST1524,Casual Sneakers,Fashion,South,Debit Card,Standard,2,1270.61,0.2,2032.98,23.14,5.0,Delivered
ORD102143,2024-11-29,CUST1408,Storage Organizer,Home & Kitchen,West,COD,Same Day,1,3204.34,0.05,3044.12,387.95,3.8,Delivered
ORD102493,2024-11-29,CUST1394,Resistance Bands,Sports,East,UPI,Standard,5,2850.73,0.2,11402.94,-532.13,3.9,Delivered
ORD103424,2024-11-29,CUST1210,Storage Organizer,Home & Kitchen,West,Credit Card,Standard,1,11525.04,0.1,10372.53,1519.36,3.8,Delivered
ORD102970,2024-11-30,CUST1010,Mixer Grinder,Home & Kitchen,West,Debit Card,Standard,4,13379.28,0.0,53517.13,12172.44,3.8,Delivered
ORD101304,2024-11-30,CUST1416,Makeup Set,Beauty,West,UPI,Same Day,2,3122.25,0.1,5620.06,2159.94,3.4,Delivered
ORD100955,2024-11-30,CUST1041,Storage Organizer,Home & Kitchen,West,UPI,Standard,1,16778.24,0.15,14261.51,4956.4,3.6,Delivered
ORD102863,2024-11-30,CUST1155,Smart Watch,Electronics,Central,Debit Card,Same Day,2,11155.19,0.2,17848.31,747.87,5.0,Cancelled
ORD101661,2024-11-30,CUST1016,Football,Sports,South,Net Banking,Standard,1,9501.0,0.1,8550.9,1835.85,4.8,Delivered
ORD100895,2024-11-30,CUST1308,Coffee Maker,Home & Kitchen,West,COD,Standard,2,15138.25,0.1,27248.85,6490.67,4.0,Delivered
ORD100766,2024-12-01,CUST1211,Mixer Grinder,Home & Kitchen,West,Net Banking,Express,1,7098.12,0.25,5323.59,1267.35,3.5,Delivered
ORD101828,2024-12-01,CUST1110,Air Fryer,Home & Kitchen,North,Credit Card,Standard,1,4292.46,0.15,3648.59,389.77,4.1,Delivered
ORD100268,2024-12-01,CUST1485,T-Shirt,Fashion,Central,Credit Card,Standard,4,2760.7,0.1,9938.54,3127.69,3.5,Delivered
ORD101134,2024-12-01,CUST1061,Backpack,Fashion,South,COD,Express,1,7977.22,0.15,6780.64,898.78,3.7,Cancelled
ORD102026,2024-12-01,CUST1353,Cookware Set,Home & Kitchen,West,Credit Card,Express,1,3811.3,0.0,3811.3,919.31,4.6,Delivered
ORD103123,2024-12-01,CUST1563,Air Fryer,Home & Kitchen,North,Net Banking,Standard,4,12465.87,0.05,47370.31,16077.95,4.9,Delivered
ORD103330,2024-12-01,CUST1371,Running Shoes,Fashion,South,Debit Card,Standard,1,3579.78,0.2,2863.82,465.71,4.4,Delivered
ORD100671,2024-12-02,CUST1159,Skincare Kit,Beauty,North,Credit Card,Same Day,1,5334.88,0.05,5068.13,1499.99,4.6,Delivered
ORD103176,2024-12-02,CUST1485,Cookware Set,Home & Kitchen,North,Credit Card,Same Day,1,16497.56,0.2,13198.05,1361.77,3.9,Delivered
ORD100322,2024-12-02,CUST1329,Backpack,Fashion,South,UPI,Express,2,3889.47,0.15,6612.09,2264.59,4.0,Delivered
ORD103416,2024-12-02,CUST1019,Storage Organizer,Home & Kitchen,East,Debit Card,Express,4,15213.74,0.2,48683.95,-2311.92,3.1,Delivered
ORD100952,2024-12-02,CUST1287,Running Shoes,Fashion,Central,Net Banking,Standard,4,5860.03,0.05,22268.11,6371.92,4.1,Delivered
ORD102903,2024-12-03,CUST1554,Running Shoes,Fashion,East,Debit Card,Standard,3,2449.66,0.15,6246.64,518.52,3.8,Delivered
ORD102926,2024-12-03,CUST1586,Power Bank,Electronics,West,Net Banking,Standard,2,44205.9,0.0,88411.8,18794.2,4.4,Delivered
ORD102628,2024-12-03,CUST1192,Denim Jacket,Fashion,Central,Credit Card,Standard,1,750.24,0.2,600.19,102.94,4.0,Delivered
ORD101884,2024-12-03,CUST1037,Laptop Stand,Electronics,East,Debit Card,Express,1,3353.36,0.1,3018.03,842.92,4.1,Delivered
ORD100701,2024-12-03,CUST1449,Perfume,Beauty,East,Debit Card,Standard,2,2353.63,0.2,3765.81,134.47,4.9,Delivered
ORD100600,2024-12-03,CUST1056,Coffee Maker,Home & Kitchen,Central,Credit Card,Express,1,7208.67,0.1,6487.81,2468.96,3.8,Delivered
ORD102392,2024-12-03,CUST1076,Backpack,Fashion,East,COD,Express,2,7539.22,0.05,14324.51,5474.54,4.4,Delivered
ORD100899,2024-12-03,CUST1398,Hair Dryer,Beauty,South,UPI,Standard,3,3254.04,0.1,8785.91,1521.47,4.7,Delivered
ORD100986,2024-12-03,CUST1327,Face Serum,Beauty,Central,Debit Card,Standard,1,6150.69,0.15,5228.08,617.55,4.8,Delivered
ORD101845,2024-12-03,CUST1240,Wireless Headphones,Electronics,East,Net Banking,Standard,2,24597.64,0.2,39356.22,1814.89,3.7,Delivered
ORD101553,2024-12-04,CUST1549,Wireless Headphones,Electronics,West,Credit Card,Express,2,38274.12,0.0,76548.24,21115.12,3.9,Returned
ORD102225,2024-12-04,CUST1191,Yoga Mat,Sports,Central,UPI,Express,1,7082.22,0.05,6728.11,1556.55,3.8,Delivered
ORD102416,2024-12-04,CUST1196,Hair Dryer,Beauty,South,UPI,Standard,1,542.35,0.0,542.35,158.36,4.4,Delivered
ORD102507,2024-12-04,CUST1448,Resistance Bands,Sports,North,Debit Card,Same Day,1,7243.65,0.1,6519.28,2125.9,2.8,Delivered
ORD101660,2024-12-04,CUST1229,Dumbbells,Sports,South,COD,Express,2,6616.99,0.05,12572.29,5209.27,3.2,Delivered
ORD102725,2024-12-04,CUST1427,Wireless Headphones,Electronics,West,COD,Express,1,45779.67,0.0,45779.67,14208.8,5.0,Delivered
ORD103343,2024-12-04,CUST1206,Mixer Grinder,Home & Kitchen,Central,COD,Standard,4,12008.28,0.25,36024.84,6235.15,3.8,Delivered
ORD102824,2024-12-04,CUST1567,Running Shoes,Fashion,South,UPI,Express,3,8217.59,0.25,18489.58,4259.41,5.0,Delivered
ORD102916,2024-12-05,CUST1127,Coffee Maker,Home & Kitchen,East,Credit Card,Standard,1,14965.43,0.1,13468.88,3784.15,3.3,Delivered
ORD101396,2024-12-05,CUST1511,Wireless Headphones,Electronics,East,Debit Card,Express,2,40895.78,0.05,77701.99,10167.18,3.9,Delivered
ORD101539,2024-12-05,CUST1130,Perfume,Beauty,South,Credit Card,Express,5,5464.07,0.25,20490.27,2929.91,4.1,Delivered
ORD103366,2024-12-05,CUST1269,Backpack,Fashion,West,Credit Card,Same Day,1,2138.98,0.05,2032.03,670.14,4.5,Delivered
ORD101199,2024-12-05,CUST1015,Hair Dryer,Beauty,North,Debit Card,Standard,3,3103.08,0.15,7912.85,652.82,3.5,Delivered
ORD101210,2024-12-06,CUST1172,Skincare Kit,Beauty,East,UPI,Standard,1,3607.55,0.25,2705.66,621.21,4.7,Delivered
ORD100824,2024-12-06,CUST1583,Bluetooth Speaker,Electronics,Central,UPI,Standard,1,20254.99,0.2,16203.99,-381.1,3.8,Delivered
ORD101289,2024-12-06,CUST1358,Running Shoes,Fashion,South,Credit Card,Same Day,3,7758.73,0.1,20948.58,4757.31,5.0,Delivered
ORD100674,2024-12-06,CUST1241,Perfume,Beauty,East,Credit Card,Same Day,1,2840.82,0.0,2840.82,844.06,3.8,Delivered
ORD101637,2024-12-06,CUST1393,Power Bank,Electronics,South,Net Banking,Same Day,1,46192.0,0.0,46192.0,14275.66,3.1,Delivered
ORD100342,2024-12-06,CUST1336,T-Shirt,Fashion,Central,Net Banking,Express,3,7155.14,0.1,19318.87,4704.93,4.5,Delivered
ORD101981,2024-12-06,CUST1056,Laptop Stand,Electronics,East,Credit Card,Standard,2,5587.02,0.1,10056.64,2787.58,4.4,Delivered
ORD102906,2024-12-07,CUST1445,Cricket Bat,Sports,East,Debit Card,Standard,2,7211.74,0.05,13702.31,5109.17,4.0,Delivered
ORD103120,2024-12-07,CUST1070,Face Serum,Beauty,North,Credit Card,Same Day,1,2636.71,0.05,2504.87,977.77,3.2,Delivered
ORD102358,2024-12-08,CUST1206,T-Shirt,Fashion,West,COD,Express,1,8159.79,0.25,6119.84,1121.72,4.1,Delivered
ORD100995,2024-12-08,CUST1377,Air Fryer,Home & Kitchen,South,Net Banking,Same Day,1,12676.42,0.0,12676.42,3779.51,2.9,Cancelled
ORD101754,2024-12-08,CUST1208,Perfume,Beauty,North,Credit Card,Standard,1,1649.83,0.15,1402.36,344.86,3.6,Delivered
ORD102828,2024-12-08,CUST1047,Mixer Grinder,Home & Kitchen,East,UPI,Express,1,14479.76,0.1,13031.78,5020.67,3.2,Delivered
ORD102897,2024-12-08,CUST1093,Smart Watch,Electronics,West,Debit Card,Same Day,3,53524.12,0.05,152543.74,51350.59,4.1,Delivered
ORD102127,2024-12-08,CUST1024,Skincare Kit,Beauty,West,Credit Card,Express,1,6561.13,0.05,6233.07,984.17,3.8,Delivered
ORD102178,2024-12-08,CUST1367,Skincare Kit,Beauty,West,COD,Standard,4,4467.05,0.0,17868.2,7339.56,4.2,Delivered
ORD102720,2024-12-08,CUST1169,Storage Organizer,Home & Kitchen,West,Debit Card,Express,1,1192.62,0.0,1192.62,417.17,4.2,Delivered
ORD103025,2024-12-08,CUST1044,Yoga Mat,Sports,North,COD,Same Day,1,9598.55,0.15,8158.76,103.33,3.7,Delivered
ORD100244,2024-12-09,CUST1145,Power Bank,Electronics,East,Debit Card,Express,1,25623.83,0.0,25623.83,8660.72,4.2,Delivered
ORD100598,2024-12-09,CUST1477,Backpack,Fashion,South,UPI,Standard,2,7123.71,0.05,13535.06,3735.55,4.0,Delivered
ORD103116,2024-12-09,CUST1283,Cookware Set,Home & Kitchen,Central,COD,Express,1,9214.49,0.15,7832.31,1359.68,4.2,Delivered
ORD101752,2024-12-09,CUST1429,Mixer Grinder,Home & Kitchen,West,Credit Card,Express,1,10424.13,0.0,10424.13,2944.88,3.3,Delivered
ORD100239,2024-12-09,CUST1500,Storage Organizer,Home & Kitchen,Central,Net Banking,Standard,4,9970.05,0.05,37886.2,8946.54,3.1,Delivered
ORD101170,2024-12-10,CUST1058,Power Bank,Electronics,Central,COD,Standard,4,52006.43,0.0,208025.72,59440.17,3.8,Delivered
ORD100191,2024-12-10,CUST1376,Denim Jacket,Fashion,South,Debit Card,Express,2,567.36,0.0,1134.72,307.5,4.3,Delivered
ORD103170,2024-12-10,CUST1113,Coffee Maker,Home & Kitchen,East,Credit Card,Express,1,12719.51,0.05,12083.54,2816.37,3.4,Cancelled
ORD103008,2024-12-10,CUST1405,Running Shoes,Fashion,North,Debit Card,Standard,1,7630.56,0.05,7249.03,1055.31,3.3,Delivered
ORD103184,2024-12-10,CUST1225,Power Bank,Electronics,North,Net Banking,Standard,1,4945.18,0.05,4697.92,933.56,3.0,Delivered
ORD100879,2024-12-10,CUST1558,Wireless Headphones,Electronics,Central,COD,Standard,2,49723.95,0.0,99447.9,26178.43,4.4,Delivered
ORD100084,2024-12-10,CUST1452,Football,Sports,West,COD,Standard,2,2443.6,0.1,4398.47,384.74,4.3,Delivered
ORD101171,2024-12-11,CUST1414,Coffee Maker,Home & Kitchen,West,COD,Express,2,12136.3,0.25,18204.45,4258.28,4.0,Delivered
ORD100039,2024-12-11,CUST1497,Mixer Grinder,Home & Kitchen,Central,COD,Standard,1,13874.19,0.15,11793.06,1294.44,5.0,Delivered
ORD102995,2024-12-11,CUST1482,Wireless Headphones,Electronics,East,Debit Card,Same Day,1,46120.91,0.05,43814.87,12147.59,4.7,Delivered
ORD102009,2024-12-11,CUST1530,Backpack,Fashion,North,COD,Express,3,6015.78,0.15,15340.24,985.38,3.5,Cancelled
ORD102157,2024-12-11,CUST1488,Perfume,Beauty,North,Net Banking,Express,1,1321.29,0.25,990.97,238.76,4.4,Delivered
ORD103316,2024-12-11,CUST1526,Backpack,Fashion,South,Debit Card,Express,2,7277.12,0.1,13098.82,1612.85,3.7,Delivered
ORD101110,2024-12-11,CUST1056,Resistance Bands,Sports,South,COD,Standard,1,7218.86,0.15,6136.03,132.22,4.2,Delivered
ORD102567,2024-12-12,CUST1139,Bluetooth Speaker,Electronics,West,Net Banking,Same Day,1,37629.61,0.15,31985.17,1113.4,4.3,Delivered
ORD102757,2024-12-12,CUST1414,Smart Watch,Electronics,East,Credit Card,Same Day,1,25136.8,0.05,23879.96,7490.5,3.3,Delivered
ORD100474,2024-12-12,CUST1058,Smart Watch,Electronics,South,COD,Standard,2,50712.29,0.05,96353.35,31056.11,5.0,Delivered
ORD101195,2024-12-12,CUST1502,Casual Sneakers,Fashion,East,Net Banking,Standard,3,7336.79,0.0,22010.38,4316.05,4.0,Delivered
ORD102230,2024-12-12,CUST1501,Storage Organizer,Home & Kitchen,North,Debit Card,Express,1,11290.45,0.05,10725.93,1533.34,3.6,Delivered
ORD102184,2024-12-12,CUST1327,Mixer Grinder,Home & Kitchen,West,UPI,Standard,2,7733.26,0.05,14693.19,5011.78,3.1,Delivered
ORD100657,2024-12-12,CUST1181,Wireless Headphones,Electronics,West,Net Banking,Express,1,40067.46,0.0,40067.46,11878.65,5.0,Returned
ORD100457,2024-12-12,CUST1441,Yoga Mat,Sports,West,Net Banking,Standard,5,11293.48,0.05,53644.03,17878.63,4.3,Delivered
ORD101416,2024-12-13,CUST1063,Hair Dryer,Beauty,Central,Net Banking,Express,3,2742.55,0.1,7404.87,999.49,4.8,Delivered
ORD100742,2024-12-13,CUST1495,Backpack,Fashion,West,COD,Standard,1,4432.26,0.0,4432.26,1874.55,4.4,Delivered
ORD103491,2024-12-13,CUST1490,Coffee Maker,Home & Kitchen,East,Debit Card,Standard,1,15932.53,0.15,13542.65,818.07,3.6,Delivered
ORD100340,2024-12-13,CUST1523,Denim Jacket,Fashion,East,Net Banking,Express,3,1042.59,0.1,2815.0,479.14,4.4,Delivered
ORD100129,2024-12-13,CUST1498,Wireless Headphones,Electronics,South,Net Banking,Standard,1,43791.03,0.0,43791.03,10695.05,3.3,Delivered
ORD100957,2024-12-13,CUST1024,Denim Jacket,Fashion,South,Debit Card,Same Day,2,3039.76,0.0,6079.51,1860.98,4.7,Delivered
ORD101369,2024-12-13,CUST1419,Running Shoes,Fashion,North,Credit Card,Express,3,1374.51,0.1,3711.19,1337.42,4.3,Delivered
ORD101584,2024-12-13,CUST1312,Resistance Bands,Sports,Central,COD,Express,1,10167.73,0.2,8134.18,-13.31,4.6,Delivered
ORD101466,2024-12-13,CUST1136,Storage Organizer,Home & Kitchen,South,COD,Express,3,13779.33,0.2,33070.39,2740.89,5.0,Delivered
ORD103300,2024-12-14,CUST1511,Coffee Maker,Home & Kitchen,South,Debit Card,Express,2,1633.2,0.05,3103.08,1222.2,4.3,Delivered
ORD100781,2024-12-14,CUST1538,Cookware Set,Home & Kitchen,South,UPI,Standard,1,6300.55,0.2,5040.44,1167.96,3.9,Delivered
ORD100098,2024-12-14,CUST1171,Dumbbells,Sports,South,Debit Card,Same Day,3,2130.69,0.1,5752.86,720.61,5.0,Delivered
ORD100919,2024-12-14,CUST1063,Running Shoes,Fashion,East,COD,Standard,4,1280.95,0.1,4611.42,970.47,4.1,Delivered
ORD101984,2024-12-14,CUST1321,Dumbbells,Sports,East,Net Banking,Standard,3,4156.61,0.0,12469.82,3291.84,4.2,Delivered
ORD102991,2024-12-14,CUST1334,Denim Jacket,Fashion,South,COD,Express,2,5402.0,0.0,10804.01,4194.58,4.4,Delivered
ORD102969,2024-12-14,CUST1099,Cricket Bat,Sports,East,Credit Card,Standard,1,1103.88,0.1,993.49,267.5,3.4,Delivered
ORD101234,2024-12-14,CUST1497,Football,Sports,Central,COD,Standard,2,11121.51,0.0,22243.03,9249.6,5.0,Delivered
ORD100672,2024-12-14,CUST1304,Dumbbells,Sports,Central,COD,Standard,1,11188.77,0.1,10069.89,2400.99,3.9,Delivered
ORD101127,2024-12-14,CUST1109,Storage Organizer,Home & Kitchen,West,UPI,Express,1,4412.85,0.15,3750.92,186.18,3.0,Delivered
ORD100615,2024-12-15,CUST1285,Mixer Grinder,Home & Kitchen,West,UPI,Same Day,1,1490.19,0.05,1415.68,222.78,3.4,Delivered
ORD101336,2024-12-15,CUST1083,Laptop Stand,Electronics,Central,Credit Card,Standard,1,4907.97,0.1,4417.17,1569.85,5.0,Delivered
ORD102436,2024-12-15,CUST1096,Bluetooth Speaker,Electronics,South,Credit Card,Standard,1,24659.77,0.1,22193.79,1660.1,2.8,Delivered
ORD101993,2024-12-15,CUST1124,Air Fryer,Home & Kitchen,South,Credit Card,Standard,1,5890.06,0.15,5006.55,1117.37,4.5,Delivered
ORD103407,2024-12-15,CUST1022,Face Serum,Beauty,West,COD,Express,1,6096.38,0.05,5791.56,2252.47,4.5,Delivered
ORD102688,2024-12-15,CUST1078,Running Shoes,Fashion,North,Debit Card,Express,4,6269.69,0.05,23824.8,7032.35,4.4,Delivered
ORD103323,2024-12-15,CUST1081,Power Bank,Electronics,East,Net Banking,Express,1,33559.35,0.25,25169.51,-2807.52,4.3,Delivered
ORD101067,2024-12-16,CUST1423,Bluetooth Speaker,Electronics,South,Debit Card,Standard,3,15628.39,0.05,44540.9,7798.98,3.9,Delivered
ORD100599,2024-12-17,CUST1202,Football,Sports,East,COD,Express,3,5319.06,0.2,12765.73,2102.1,4.1,Delivered
ORD100568,2024-12-17,CUST1443,Yoga Mat,Sports,Central,COD,Standard,2,11151.08,0.25,16726.62,4087.67,2.4,Returned
ORD103265,2024-12-17,CUST1554,Casual Sneakers,Fashion,East,UPI,Standard,1,8861.84,0.1,7975.66,1168.42,2.6,Delivered
ORD103146,2024-12-17,CUST1086,Laptop Stand,Electronics,North,COD,Express,1,44745.57,0.1,40271.01,5263.3,3.6,Delivered
ORD103117,2024-12-17,CUST1360,Resistance Bands,Sports,East,UPI,Express,2,11266.78,0.0,22533.56,9959.92,4.0,Delivered
ORD101714,2024-12-18,CUST1483,Cookware Set,Home & Kitchen,North,Debit Card,Express,2,9651.17,0.1,17372.1,3202.87,4.5,Delivered
ORD100025,2024-12-18,CUST1128,Coffee Maker,Home & Kitchen,East,Credit Card,Standard,1,7558.18,0.1,6802.36,1269.4,3.4,Delivered
ORD102183,2024-12-18,CUST1260,T-Shirt,Fashion,Central,UPI,Same Day,3,2223.57,0.05,6337.18,803.1,2.9,Delivered
ORD101716,2024-12-19,CUST1472,Coffee Maker,Home & Kitchen,North,UPI,Standard,2,16572.05,0.05,31486.9,12030.74,4.8,Delivered
ORD102071,2024-12-19,CUST1416,Bluetooth Speaker,Electronics,South,UPI,Express,4,42420.95,0.0,169683.79,75219.39,3.8,Returned
ORD102447,2024-12-19,CUST1559,Running Shoes,Fashion,East,UPI,Express,1,894.47,0.1,805.02,74.41,3.8,Delivered
ORD100983,2024-12-20,CUST1037,Power Bank,Electronics,Central,Net Banking,Express,2,37900.32,0.0,75800.63,22717.12,3.7,Delivered
ORD102985,2024-12-20,CUST1552,Yoga Mat,Sports,Central,COD,Same Day,1,11372.51,0.2,9098.01,2569.98,2.9,Delivered
ORD102014,2024-12-20,CUST1306,Wireless Headphones,Electronics,Central,Debit Card,Express,1,14023.01,0.2,11218.4,1142.61,4.2,Delivered
ORD102360,2024-12-20,CUST1309,Backpack,Fashion,South,COD,Standard,1,882.2,0.2,705.76,149.41,3.5,Delivered
ORD100243,2024-12-21,CUST1264,Casual Sneakers,Fashion,Central,Debit Card,Express,1,8013.58,0.1,7212.22,1407.34,4.8,Delivered
ORD101129,2024-12-21,CUST1212,Air Fryer,Home & Kitchen,East,UPI,Same Day,2,14589.37,0.1,26260.87,8726.05,3.4,Delivered
ORD101220,2024-12-21,CUST1344,Cookware Set,Home & Kitchen,South,Credit Card,Express,1,16924.36,0.05,16078.14,6292.22,4.6,Delivered
ORD100823,2024-12-21,CUST1160,Smart Watch,Electronics,South,Debit Card,Standard,1,24604.33,0.0,24604.33,4349.45,3.7,Delivered
ORD101254,2024-12-21,CUST1128,Cricket Bat,Sports,West,Credit Card,Standard,2,1629.95,0.15,2770.91,746.86,3.8,Delivered
ORD101886,2024-12-21,CUST1142,Wireless Headphones,Electronics,North,Net Banking,Express,1,36699.69,0.15,31194.74,10161.65,3.5,Delivered
ORD100933,2024-12-21,CUST1069,Mixer Grinder,Home & Kitchen,North,Debit Card,Standard,1,10810.85,0.15,9189.22,1182.9,4.9,Delivered
ORD101204,2024-12-22,CUST1441,Laptop Stand,Electronics,South,COD,Standard,1,6781.49,0.0,6781.49,1490.74,4.2,Delivered
ORD100651,2024-12-22,CUST1319,T-Shirt,Fashion,South,Net Banking,Express,1,1624.68,0.0,1624.68,409.97,4.0,Delivered
ORD102904,2024-12-22,CUST1488,Smart Watch,Electronics,East,UPI,Express,4,17370.97,0.0,69483.88,20478.98,3.0,Cancelled
ORD100985,2024-12-22,CUST1222,Storage Organizer,Home & Kitchen,North,Debit Card,Standard,1,6613.89,0.0,6613.89,1987.17,3.2,Delivered
ORD102323,2024-12-22,CUST1090,Smart Watch,Electronics,West,Debit Card,Standard,2,45775.08,0.15,77817.63,25439.51,3.8,Delivered
ORD103272,2024-12-22,CUST1580,Air Fryer,Home & Kitchen,West,Net Banking,Standard,1,14521.87,0.0,14521.87,2546.95,3.7,Delivered
ORD100501,2024-12-22,CUST1506,Mixer Grinder,Home & Kitchen,West,UPI,Standard,1,14485.21,0.25,10863.91,-283.9,3.2,Delivered
ORD102753,2024-12-22,CUST1326,Coffee Maker,Home & Kitchen,North,Net Banking,Express,1,3451.7,0.25,2588.77,223.84,4.6,Delivered
ORD101088,2024-12-22,CUST1364,T-Shirt,Fashion,East,COD,Express,1,1218.21,0.1,1096.39,234.82,4.9,Delivered
ORD102480,2024-12-22,CUST1363,Denim Jacket,Fashion,Central,Credit Card,Express,1,1928.47,0.0,1928.47,721.23,4.5,Delivered
ORD100770,2024-12-22,CUST1480,Resistance Bands,Sports,North,COD,Same Day,5,1384.63,0.25,5192.38,682.96,5.0,Delivered
ORD101811,2024-12-22,CUST1557,Mixer Grinder,Home & Kitchen,Central,Debit Card,Standard,2,14868.75,0.0,29737.51,10907.41,4.6,Delivered
ORD101437,2024-12-23,CUST1355,Hair Dryer,Beauty,West,Debit Card,Standard,1,6107.07,0.15,5191.01,719.46,4.0,Delivered
ORD102929,2024-12-23,CUST1088,Smart Watch,Electronics,East,UPI,Standard,1,3176.35,0.15,2699.9,270.15,4.2,Delivered
ORD100122,2024-12-23,CUST1199,Air Fryer,Home & Kitchen,Central,COD,Standard,1,14761.04,0.0,14761.04,6072.91,3.7,Delivered
ORD102257,2024-12-23,CUST1318,Denim Jacket,Fashion,Central,UPI,Standard,3,2583.41,0.2,6200.17,1730.46,4.6,Delivered
ORD101223,2024-12-23,CUST1032,Denim Jacket,Fashion,Central,Debit Card,Standard,1,7627.73,0.1,6864.96,806.27,3.6,Delivered
ORD102379,2024-12-23,CUST1007,Air Fryer,Home & Kitchen,North,Net Banking,Standard,2,11759.24,0.0,23518.49,4646.25,4.2,Delivered
ORD101397,2024-12-23,CUST1350,Running Shoes,Fashion,West,Credit Card,Express,3,8131.83,0.2,19516.39,-78.01,3.4,Delivered
ORD101722,2024-12-23,CUST1553,Wireless Headphones,Electronics,West,COD,Standard,1,19833.36,0.05,18841.69,7476.33,4.5,Delivered
ORD100002,2024-12-24,CUST1187,Wireless Headphones,Electronics,East,Net Banking,Express,2,7100.42,0.2,11360.67,743.09,3.9,Delivered
ORD102550,2024-12-24,CUST1249,Mixer Grinder,Home & Kitchen,Central,Debit Card,Standard,1,5623.07,0.1,5060.76,1291.3,4.0,Delivered
ORD102085,2024-12-24,CUST1444,Cricket Bat,Sports,North,Debit Card,Standard,1,7397.83,0.2,5918.26,1732.89,3.6,Delivered
ORD100841,2024-12-24,CUST1251,Laptop Stand,Electronics,South,Debit Card,Express,5,41267.62,0.0,206338.1,62801.55,2.9,Delivered
ORD102395,2024-12-24,CUST1480,Hair Dryer,Beauty,West,Debit Card,Same Day,1,5883.3,0.1,5294.97,1909.13,2.9,Delivered
ORD102194,2024-12-25,CUST1353,Hair Dryer,Beauty,East,UPI,Express,1,5459.34,0.15,4640.44,1338.54,4.3,Delivered
ORD101276,2024-12-25,CUST1202,Air Fryer,Home & Kitchen,East,UPI,Express,1,3044.19,0.15,2587.57,586.11,4.3,Delivered
ORD101692,2024-12-25,CUST1298,Bluetooth Speaker,Electronics,North,Credit Card,Express,2,22863.8,0.1,41154.83,15770.19,5.0,Delivered
ORD101980,2024-12-25,CUST1594,Laptop Stand,Electronics,East,COD,Same Day,3,43640.08,0.05,124374.23,34440.84,5.0,Delivered
ORD100729,2024-12-25,CUST1009,Air Fryer,Home & Kitchen,North,Debit Card,Express,1,13073.48,0.0,13073.48,3732.78,4.1,Delivered
ORD102618,2024-12-25,CUST1303,Football,Sports,East,Net Banking,Standard,2,5291.38,0.15,8995.34,378.75,4.8,Delivered
ORD102021,2024-12-26,CUST1392,Power Bank,Electronics,Central,UPI,Express,1,53153.68,0.15,45180.63,12663.9,4.2,Delivered
ORD103408,2024-12-26,CUST1096,Cricket Bat,Sports,West,UPI,Express,3,3267.99,0.05,9313.77,1653.57,3.3,Delivered
ORD102022,2024-12-26,CUST1451,Cookware Set,Home & Kitchen,Central,UPI,Same Day,2,974.56,0.15,1656.76,483.19,3.8,Delivered
ORD103437,2024-12-26,CUST1187,Backpack,Fashion,Central,COD,Standard,1,8800.55,0.05,8360.52,2708.85,4.1,Delivered
ORD100315,2024-12-26,CUST1044,Air Fryer,Home & Kitchen,North,Net Banking,Standard,2,10641.06,0.0,21282.12,9087.41,5.0,Delivered
ORD101596,2024-12-26,CUST1370,Casual Sneakers,Fashion,West,COD,Express,1,4429.43,0.2,3543.55,20.88,3.1,Delivered
ORD102583,2024-12-26,CUST1555,Laptop Stand,Electronics,Central,Net Banking,Standard,1,13626.21,0.0,13626.21,3681.86,5.0,Delivered
ORD102049,2024-12-27,CUST1453,Cookware Set,Home & Kitchen,South,COD,Express,1,1950.52,0.2,1560.42,-0.09,3.7,Delivered
ORD101958,2024-12-27,CUST1311,Laptop Stand,Electronics,North,Net Banking,Standard,1,39310.43,0.05,37344.9,15468.94,3.8,Delivered
ORD100371,2024-12-27,CUST1062,Wireless Headphones,Electronics,Central,Debit Card,Express,1,49927.55,0.15,42438.42,4150.79,4.3,Delivered
ORD102896,2024-12-27,CUST1340,Makeup Set,Beauty,West,Debit Card,Same Day,4,367.57,0.2,1176.23,271.16,2.9,Delivered
ORD102770,2024-12-27,CUST1304,Air Fryer,Home & Kitchen,South,COD,Same Day,1,13636.7,0.05,12954.87,4622.57,4.2,Delivered
ORD100254,2024-12-27,CUST1023,Storage Organizer,Home & Kitchen,East,Net Banking,Express,2,7663.56,0.0,15327.12,2560.54,4.5,Delivered
ORD100155,2024-12-28,CUST1289,Power Bank,Electronics,West,Debit Card,Express,1,40739.71,0.1,36665.74,4128.11,4.4,Delivered
ORD100236,2024-12-28,CUST1228,Mixer Grinder,Home & Kitchen,South,Debit Card,Standard,1,2642.17,0.15,2245.85,200.66,4.3,Delivered
ORD102087,2024-12-28,CUST1594,Cookware Set,Home & Kitchen,West,COD,Express,2,4719.27,0.0,9438.54,2523.26,4.0,Delivered
ORD102241,2024-12-28,CUST1373,Casual Sneakers,Fashion,East,Net Banking,Express,1,7288.16,0.15,6194.94,2153.68,4.2,Delivered
ORD100478,2024-12-28,CUST1326,Casual Sneakers,Fashion,East,Net Banking,Standard,5,7923.33,0.1,35654.98,4745.74,4.3,Delivered
ORD102999,2024-12-28,CUST1284,Casual Sneakers,Fashion,East,Net Banking,Standard,1,2639.17,0.05,2507.22,457.01,4.4,Delivered
ORD100445,2024-12-28,CUST1440,Football,Sports,West,Credit Card,Express,3,10027.91,0.0,30083.74,7018.53,4.1,Delivered
ORD101647,2024-12-29,CUST1497,Running Shoes,Fashion,South,COD,Standard,1,7731.11,0.0,7731.11,1831.94,3.7,Delivered
ORD100107,2024-12-29,CUST1417,Power Bank,Electronics,East,Credit Card,Standard,1,8019.62,0.05,7618.64,2437.7,4.7,Delivered
ORD102876,2024-12-29,CUST1087,Cookware Set,Home & Kitchen,Central,Debit Card,Express,3,15981.09,0.05,45546.11,8654.62,4.1,Delivered
ORD100161,2024-12-29,CUST1281,Football,Sports,East,Net Banking,Express,1,2806.08,0.15,2385.17,575.67,3.9,Delivered
ORD100821,2024-12-30,CUST1269,Running Shoes,Fashion,East,Net Banking,Standard,2,5558.32,0.2,8893.31,1571.55,3.8,Delivered
ORD102562,2024-12-30,CUST1227,Bluetooth Speaker,Electronics,North,Credit Card,Same Day,1,1405.03,0.05,1334.78,306.38,4.2,Returned
ORD100818,2024-12-30,CUST1512,Football,Sports,Central,COD,Standard,1,4528.28,0.2,3622.63,121.39,3.2,Delivered
ORD100310,2024-12-30,CUST1138,T-Shirt,Fashion,South,COD,Standard,3,7806.77,0.2,18736.25,3616.09,3.5,Returned
ORD100121,2024-12-31,CUST1134,Mixer Grinder,Home & Kitchen,North,UPI,Standard,1,3872.27,0.0,3872.27,1181.06,3.4,Delivered
ORD102083,2024-12-31,CUST1046,Skincare Kit,Beauty,North,Credit Card,Standard,1,2141.36,0.0,2141.36,513.33,3.6,Delivered
ORD103158,2024-12-31,CUST1348,Hair Dryer,Beauty,South,Debit Card,Standard,2,933.32,0.2,1493.31,225.56,3.6,Delivered
ORD102615,2024-12-31,CUST1091,Makeup Set,Beauty,East,Debit Card,Standard,2,2819.32,0.05,5356.71,2040.76,4.0,Delivered
ORD101048,2024-12-31,CUST1315,Face Serum,Beauty,East,Debit Card,Standard,2,2469.25,0.0,4938.49,1061.64,3.3,Delivered
ORD102101,2024-12-31,CUST1599,Bluetooth Speaker,Electronics,East,Credit Card,Express,2,54132.9,0.15,92025.93,9969.61,2.8,Delivered
ORD102721,2024-12-31,CUST1182,Bluetooth Speaker,Electronics,Central,COD,Express,4,42863.79,0.1,154309.64,56617.81,4.4,Delivered
ORD100640,2025-01-01,CUST1436,Cookware Set,Home & Kitchen,North,COD,Express,2,11601.28,0.05,22042.43,4433.92,4.9,Delivered
ORD101131,2025-01-01,CUST1173,Storage Organizer,Home & Kitchen,Central,UPI,Standard,1,13397.01,0.2,10717.61,1274.46,5.0,Delivered
ORD101612,2025-01-01,CUST1596,Perfume,Beauty,West,Debit Card,Standard,1,4568.35,0.25,3426.26,460.26,4.9,Delivered
ORD100858,2025-01-01,CUST1402,Running Shoes,Fashion,Central,COD,Express,1,1403.54,0.1,1263.19,210.75,4.6,Delivered
ORD100079,2025-01-01,CUST1047,Laptop Stand,Electronics,Central,COD,Express,1,23241.44,0.15,19755.22,454.06,4.5,Delivered
ORD100282,2025-01-02,CUST1063,Resistance Bands,Sports,North,Debit Card,Standard,4,3560.86,0.1,12819.11,4038.57,3.0,Delivered
ORD102658,2025-01-02,CUST1464,Wireless Headphones,Electronics,Central,Net Banking,Standard,1,18848.23,0.2,15078.59,2277.39,3.0,Delivered
ORD103374,2025-01-02,CUST1266,Smart Watch,Electronics,West,Debit Card,Standard,3,31308.91,0.05,89230.4,31379.43,4.9,Delivered
ORD102279,2025-01-02,CUST1077,Laptop Stand,Electronics,Central,COD,Standard,1,10499.19,0.0,10499.19,3488.3,4.3,Delivered
ORD100735,2025-01-02,CUST1024,Power Bank,Electronics,South,Credit Card,Express,2,38538.31,0.15,65515.13,17350.53,5.0,Delivered
ORD100311,2025-01-02,CUST1267,Wireless Headphones,Electronics,South,UPI,Standard,3,48363.28,0.0,145089.84,35236.69,4.6,Delivered
ORD101426,2025-01-02,CUST1240,Wireless Headphones,Electronics,West,UPI,Standard,2,51301.58,0.1,92342.84,13974.46,3.9,Delivered
ORD101305,2025-01-02,CUST1452,Makeup Set,Beauty,North,UPI,Standard,1,3934.42,0.05,3737.7,469.57,4.7,Delivered
ORD103192,2025-01-02,CUST1498,Yoga Mat,Sports,South,Net Banking,Express,1,3942.96,0.0,3942.96,1216.95,3.7,Delivered
ORD103001,2025-01-02,CUST1583,Mixer Grinder,Home & Kitchen,West,Debit Card,Standard,1,1827.01,0.0,1827.01,468.14,4.8,Delivered
ORD102816,2025-01-03,CUST1470,T-Shirt,Fashion,North,Credit Card,Express,2,8045.85,0.1,14482.54,2123.09,3.9,Delivered
ORD102931,2025-01-03,CUST1449,Cookware Set,Home & Kitchen,West,Credit Card,Express,1,15865.35,0.1,14278.81,3577.2,4.0,Delivered
ORD101812,2025-01-03,CUST1126,Air Fryer,Home & Kitchen,East,Debit Card,Express,2,14203.66,0.05,26986.96,3192.1,4.6,Delivered
ORD101070,2025-01-04,CUST1416,Mixer Grinder,Home & Kitchen,East,UPI,Standard,1,13841.79,0.15,11765.52,415.04,4.2,Delivered
ORD101423,2025-01-04,CUST1408,Resistance Bands,Sports,Central,Net Banking,Standard,1,2737.0,0.25,2052.75,-91.5,3.3,Returned
ORD101273,2025-01-04,CUST1593,Coffee Maker,Home & Kitchen,West,COD,Standard,1,10034.71,0.0,10034.71,1871.45,2.7,Delivered
ORD102111,2025-01-04,CUST1147,Makeup Set,Beauty,South,Debit Card,Standard,1,5792.56,0.15,4923.67,121.35,4.0,Delivered
ORD101328,2025-01-04,CUST1552,Skincare Kit,Beauty,West,Debit Card,Same Day,2,4853.43,0.2,7765.49,1551.67,3.8,Delivered
ORD102437,2025-01-05,CUST1345,Air Fryer,Home & Kitchen,West,Debit Card,Express,1,2215.68,0.15,1883.33,489.86,3.5,Delivered
ORD103205,2025-01-05,CUST1024,T-Shirt,Fashion,East,Debit Card,Same Day,4,7616.85,0.1,27420.67,10573.63,3.0,Delivered
ORD103389,2025-01-05,CUST1528,Casual Sneakers,Fashion,North,UPI,Standard,1,6199.52,0.05,5889.54,1388.45,2.9,Delivered
ORD100415,2025-01-05,CUST1047,Mixer Grinder,Home & Kitchen,Central,Debit Card,Standard,2,7805.38,0.1,14049.68,5170.71,3.7,Cancelled
ORD100048,2025-01-05,CUST1185,Bluetooth Speaker,Electronics,East,UPI,Standard,1,30362.49,0.15,25808.11,5805.5,2.8,Delivered
ORD101667,2025-01-05,CUST1117,Makeup Set,Beauty,West,Debit Card,Express,3,3525.98,0.1,9520.15,1507.6,4.6,Delivered
ORD102033,2025-01-05,CUST1268,Air Fryer,Home & Kitchen,Central,COD,Express,1,13188.87,0.05,12529.42,3389.34,3.7,Delivered
ORD103232,2025-01-05,CUST1352,Cricket Bat,Sports,South,Credit Card,Express,1,10047.16,0.05,9544.81,2405.53,3.9,Delivered
ORD101297,2025-01-05,CUST1075,T-Shirt,Fashion,South,Credit Card,Standard,3,3439.4,0.25,7738.65,1203.14,3.0,Delivered
ORD100256,2025-01-05,CUST1383,Storage Organizer,Home & Kitchen,East,UPI,Express,1,6875.98,0.2,5500.78,98.33,3.6,Delivered
ORD101326,2025-01-06,CUST1119,Smart Watch,Electronics,West,COD,Standard,3,32834.61,0.0,98503.83,20467.08,4.1,Delivered
ORD102467,2025-01-06,CUST1364,Air Fryer,Home & Kitchen,West,Credit Card,Express,3,570.29,0.0,1710.88,357.81,5.0,Delivered
ORD100710,2025-01-06,CUST1091,Denim Jacket,Fashion,East,UPI,Standard,2,1765.69,0.0,3531.37,1326.81,3.7,Delivered
ORD103191,2025-01-07,CUST1404,Smart Watch,Electronics,North,UPI,Same Day,1,9957.13,0.2,7965.7,1306.97,4.7,Delivered
ORD102284,2025-01-07,CUST1342,Smart Watch,Electronics,East,Credit Card,Same Day,1,5514.72,0.1,4963.25,1887.55,4.0,Delivered
ORD101972,2025-01-07,CUST1480,Resistance Bands,Sports,Central,Credit Card,Same Day,2,5507.27,0.0,11014.54,4361.15,4.6,Delivered
ORD100549,2025-01-07,CUST1274,Makeup Set,Beauty,North,Credit Card,Express,1,3723.43,0.1,3351.08,259.07,4.1,Delivered
ORD100826,2025-01-07,CUST1511,Power Bank,Electronics,West,COD,Standard,1,23042.85,0.05,21890.7,5089.19,3.4,Delivered
ORD102631,2025-01-07,CUST1268,Denim Jacket,Fashion,Central,Net Banking,Express,2,6269.52,0.0,12539.03,2058.78,3.7,Returned
ORD101695,2025-01-08,CUST1245,Yoga Mat,Sports,East,Credit Card,Express,1,6007.54,0.05,5707.17,1494.42,3.6,Delivered
ORD101702,2025-01-08,CUST1502,Laptop Stand,Electronics,North,Debit Card,Same Day,1,17412.96,0.1,15671.66,4323.09,3.2,Delivered
ORD100059,2025-01-08,CUST1281,Denim Jacket,Fashion,South,Debit Card,Standard,1,5914.36,0.05,5618.64,2096.82,3.0,Delivered
ORD100190,2025-01-08,CUST1242,Wireless Headphones,Electronics,East,Credit Card,Express,3,1508.69,0.15,3847.15,306.67,4.3,Delivered
ORD102266,2025-01-08,CUST1186,Coffee Maker,Home & Kitchen,East,Net Banking,Express,1,7013.77,0.1,6312.39,1839.66,4.4,Delivered
ORD100097,2025-01-08,CUST1333,Yoga Mat,Sports,South,Debit Card,Standard,1,11369.88,0.15,9664.4,2319.81,3.0,Delivered
ORD101509,2025-01-08,CUST1167,Cookware Set,Home & Kitchen,Central,Debit Card,Standard,2,12411.86,0.15,21100.17,4722.08,4.1,Delivered
ORD102135,2025-01-09,CUST1359,Running Shoes,Fashion,West,Net Banking,Express,1,7441.84,0.05,7069.75,2201.13,3.3,Delivered
ORD100812,2025-01-09,CUST1209,Mixer Grinder,Home & Kitchen,West,Net Banking,Express,2,10979.83,0.05,20861.69,8362.07,5.0,Returned
ORD101779,2025-01-09,CUST1120,Skincare Kit,Beauty,South,UPI,Express,2,4179.7,0.0,8359.39,3717.48,5.0,Delivered
ORD100074,2025-01-10,CUST1572,Coffee Maker,Home & Kitchen,West,UPI,Standard,1,10803.99,0.0,10803.99,3200.12,4.4,Delivered
ORD100635,2025-01-10,CUST1583,Power Bank,Electronics,North,Net Banking,Express,1,10628.01,0.1,9565.2,1005.45,4.1,Returned
ORD100614,2025-01-10,CUST1175,Skincare Kit,Beauty,South,UPI,Express,1,1852.55,0.0,1852.55,326.69,4.0,Delivered
ORD102255,2025-01-10,CUST1241,Running Shoes,Fashion,North,COD,Express,2,5923.75,0.15,10070.38,324.23,2.8,Delivered
ORD100787,2025-01-10,CUST1484,Power Bank,Electronics,Central,Debit Card,Express,1,45529.64,0.15,38700.19,7017.19,4.4,Delivered
ORD101061,2025-01-11,CUST1253,Power Bank,Electronics,South,UPI,Express,1,40608.36,0.0,40608.36,16383.76,4.0,Delivered
ORD101546,2025-01-11,CUST1463,Power Bank,Electronics,West,Credit Card,Standard,1,32216.71,0.0,32216.71,8542.04,2.6,Delivered
ORD101148,2025-01-11,CUST1176,Air Fryer,Home & Kitchen,Central,Net Banking,Express,1,2985.76,0.1,2687.18,727.65,4.3,Delivered
ORD100940,2025-01-12,CUST1196,Laptop Stand,Electronics,North,Credit Card,Standard,2,54841.71,0.0,109683.42,36611.75,3.5,Delivered
ORD103267,2025-01-12,CUST1335,Casual Sneakers,Fashion,South,COD,Express,2,1399.57,0.1,2519.22,212.24,4.0,Delivered
ORD101182,2025-01-12,CUST1419,Perfume,Beauty,East,COD,Standard,2,415.37,0.1,747.66,282.55,4.6,Delivered
ORD102717,2025-01-12,CUST1113,T-Shirt,Fashion,North,Net Banking,Standard,3,6606.44,0.15,16846.43,1712.43,3.8,Delivered
ORD100586,2025-01-12,CUST1162,Running Shoes,Fashion,North,COD,Same Day,1,2338.93,0.0,2338.93,555.95,5.0,Delivered
ORD102516,2025-01-13,CUST1200,Wireless Headphones,Electronics,Central,UPI,Standard,1,26144.65,0.2,20915.72,497.51,3.0,Returned
ORD100421,2025-01-14,CUST1369,Football,Sports,North,COD,Same Day,2,11171.94,0.0,22343.88,8549.87,4.1,Cancelled
ORD101613,2025-01-14,CUST1016,Dumbbells,Sports,North,UPI,Standard,3,6088.62,0.15,15525.99,2908.86,3.4,Delivered
ORD100665,2025-01-15,CUST1409,Laptop Stand,Electronics,East,UPI,Same Day,1,2021.66,0.05,1920.57,461.4,4.3,Delivered
ORD102074,2025-01-15,CUST1429,Air Fryer,Home & Kitchen,West,UPI,Standard,1,15677.47,0.05,14893.6,4044.45,3.7,Delivered
ORD100183,2025-01-15,CUST1342,Backpack,Fashion,South,COD,Same Day,1,8079.92,0.15,6867.94,142.51,4.6,Delivered
ORD100007,2025-01-16,CUST1488,Skincare Kit,Beauty,North,Net Banking,Standard,4,1911.96,0.0,7647.85,2560.0,3.6,Delivered
ORD100874,2025-01-16,CUST1182,Backpack,Fashion,East,Net Banking,Same Day,1,581.35,0.0,581.35,259.72,3.8,Delivered
ORD100174,2025-01-16,CUST1388,Face Serum,Beauty,South,Credit Card,Standard,1,5056.62,0.05,4803.78,2003.39,4.7,Returned
ORD101471,2025-01-16,CUST1231,Power Bank,Electronics,West,Debit Card,Standard,1,8995.6,0.05,8545.82,3038.18,2.5,Delivered
ORD100865,2025-01-16,CUST1503,Bluetooth Speaker,Electronics,East,Net Banking,Express,1,21494.74,0.1,19345.27,3674.95,4.0,Delivered
ORD100203,2025-01-17,CUST1544,Denim Jacket,Fashion,Central,Net Banking,Express,1,550.58,0.2,440.46,132.69,4.5,Delivered
ORD102210,2025-01-17,CUST1165,Makeup Set,Beauty,Central,Net Banking,Express,1,2673.5,0.0,2673.5,755.49,3.3,Delivered
ORD103220,2025-01-17,CUST1518,Cookware Set,Home & Kitchen,West,Net Banking,Standard,1,5134.14,0.15,4364.02,879.1,2.6,Delivered
ORD101732,2025-01-17,CUST1180,Coffee Maker,Home & Kitchen,South,Debit Card,Express,1,10453.33,0.1,9407.99,2539.13,4.3,Delivered
ORD101302,2025-01-17,CUST1133,Power Bank,Electronics,North,UPI,Standard,1,9213.95,0.2,7371.16,691.73,3.6,Cancelled
ORD102500,2025-01-17,CUST1372,Air Fryer,Home & Kitchen,West,Credit Card,Standard,1,13463.52,0.1,12117.17,2687.63,3.3,Delivered
ORD102374,2025-01-17,CUST1428,Smart Watch,Electronics,East,UPI,Same Day,1,6681.13,0.1,6013.02,2027.0,3.9,Delivered
ORD100931,2025-01-17,CUST1053,Football,Sports,East,Credit Card,Same Day,1,7170.79,0.0,7170.79,1380.32,3.9,Delivered
ORD102180,2025-01-17,CUST1115,Cricket Bat,Sports,East,Net Banking,Standard,2,2364.18,0.25,3546.28,539.0,5.0,Delivered
ORD102119,2025-01-18,CUST1100,Smart Watch,Electronics,Central,Debit Card,Same Day,1,39419.78,0.1,35477.8,2957.93,4.4,Delivered
ORD100042,2025-01-18,CUST1052,Cricket Bat,Sports,North,Net Banking,Standard,3,3999.79,0.05,11399.41,2564.69,4.2,Delivered
ORD102140,2025-01-18,CUST1452,Mixer Grinder,Home & Kitchen,East,UPI,Express,2,5117.35,0.15,8699.5,1711.14,3.9,Delivered
ORD100085,2025-01-18,CUST1130,Makeup Set,Beauty,West,Credit Card,Standard,1,6985.03,0.25,5238.77,360.14,4.8,Delivered
ORD100981,2025-01-18,CUST1179,T-Shirt,Fashion,Central,Net Banking,Express,1,3572.97,0.0,3572.97,811.57,4.9,Delivered
ORD101347,2025-01-18,CUST1059,T-Shirt,Fashion,North,COD,Express,4,8122.63,0.15,27616.93,7028.66,4.0,Delivered
ORD103104,2025-01-18,CUST1268,Face Serum,Beauty,West,UPI,Standard,2,3634.54,0.15,6178.71,106.25,4.1,Delivered
ORD101594,2025-01-19,CUST1267,Resistance Bands,Sports,North,Net Banking,Express,1,2598.2,0.15,2208.47,553.61,3.4,Delivered
ORD101193,2025-01-19,CUST1518,Cricket Bat,Sports,Central,Credit Card,Express,1,5923.4,0.2,4738.72,205.57,4.5,Delivered
ORD103067,2025-01-20,CUST1057,Running Shoes,Fashion,Central,Credit Card,Standard,1,5395.38,0.0,5395.38,995.65,3.7,Delivered
ORD102154,2025-01-20,CUST1148,Cookware Set,Home & Kitchen,East,COD,Same Day,2,9357.67,0.2,14972.27,4001.14,4.1,Delivered
ORD101063,2025-01-20,CUST1113,Makeup Set,Beauty,West,UPI,Express,1,342.33,0.05,325.22,118.51,4.3,Delivered
ORD100222,2025-01-20,CUST1451,Dumbbells,Sports,East,COD,Standard,1,8554.75,0.0,8554.75,2170.85,2.8,Delivered
ORD103004,2025-01-20,CUST1249,Face Serum,Beauty,South,COD,Standard,1,5505.19,0.1,4954.68,792.61,4.3,Delivered
ORD102841,2025-01-20,CUST1592,Football,Sports,North,Net Banking,Express,1,9613.96,0.15,8171.86,2787.32,4.5,Delivered
ORD100109,2025-01-20,CUST1405,Laptop Stand,Electronics,North,Net Banking,Same Day,1,23399.0,0.0,23399.0,7468.73,4.3,Delivered
ORD101040,2025-01-21,CUST1359,Laptop Stand,Electronics,North,Debit Card,Express,1,39891.69,0.0,39891.69,6680.13,4.3,Delivered
ORD102706,2025-01-21,CUST1424,Mixer Grinder,Home & Kitchen,West,Net Banking,Standard,1,17454.09,0.0,17454.09,5812.18,3.1,Delivered
ORD103064,2025-01-21,CUST1021,Air Fryer,Home & Kitchen,East,Debit Card,Standard,2,15026.59,0.05,28550.51,9962.06,5.0,Delivered
ORD101538,2025-01-21,CUST1597,Yoga Mat,Sports,North,UPI,Standard,2,7282.1,0.05,13835.99,4977.39,3.5,Delivered
ORD102773,2025-01-21,CUST1506,Laptop Stand,Electronics,East,COD,Express,1,12064.53,0.0,12064.53,2800.92,4.4,Delivered
ORD102798,2025-01-22,CUST1178,Mixer Grinder,Home & Kitchen,North,COD,Express,1,17998.92,0.05,17098.97,4175.11,3.4,Delivered
ORD100540,2025-01-22,CUST1198,Mixer Grinder,Home & Kitchen,Central,UPI,Express,2,2147.26,0.0,4294.53,1803.88,3.5,Delivered
ORD101599,2025-01-22,CUST1177,Cricket Bat,Sports,South,Net Banking,Standard,2,3632.47,0.0,7264.94,1833.58,4.0,Delivered
ORD102819,2025-01-22,CUST1188,T-Shirt,Fashion,Central,Net Banking,Standard,2,1777.68,0.05,3377.6,532.44,3.7,Delivered
ORD103049,2025-01-22,CUST1423,Air Fryer,Home & Kitchen,West,Net Banking,Same Day,1,17952.11,0.1,16156.89,2447.21,4.3,Delivered
ORD101044,2025-01-22,CUST1268,Air Fryer,Home & Kitchen,Central,Net Banking,Standard,3,14831.55,0.0,44494.65,16214.11,4.0,Delivered
ORD103489,2025-01-23,CUST1078,Bluetooth Speaker,Electronics,West,COD,Standard,1,7321.96,0.15,6223.66,199.62,4.1,Delivered
ORD100891,2025-01-23,CUST1490,Skincare Kit,Beauty,Central,COD,Standard,3,1858.1,0.15,4738.17,799.51,4.9,Delivered
ORD103134,2025-01-23,CUST1521,Face Serum,Beauty,East,Net Banking,Standard,3,2227.81,0.05,6349.27,1643.58,5.0,Delivered
ORD102244,2025-01-23,CUST1011,Denim Jacket,Fashion,South,Net Banking,Standard,1,2362.91,0.1,2126.62,181.26,3.0,Delivered
ORD100905,2025-01-23,CUST1537,Denim Jacket,Fashion,North,UPI,Express,1,6611.51,0.05,6280.93,1114.32,2.6,Delivered
ORD101316,2025-01-23,CUST1524,Bluetooth Speaker,Electronics,Central,Debit Card,Standard,3,39893.3,0.05,113695.9,22886.64,3.4,Delivered
ORD102407,2025-01-23,CUST1549,Casual Sneakers,Fashion,North,Debit Card,Standard,1,2196.63,0.0,2196.63,452.11,4.8,Delivered
ORD101893,2025-01-23,CUST1492,Air Fryer,Home & Kitchen,South,Net Banking,Express,2,8436.01,0.1,15184.82,2260.98,4.7,Delivered
ORD101076,2025-01-24,CUST1050,Hair Dryer,Beauty,North,Credit Card,Same Day,3,4645.36,0.15,11845.66,4026.2,3.3,Delivered
ORD103150,2025-01-24,CUST1121,Casual Sneakers,Fashion,East,COD,Standard,1,2138.89,0.05,2031.95,712.39,3.5,Delivered
ORD101521,2025-01-24,CUST1278,Hair Dryer,Beauty,South,Debit Card,Standard,5,3412.44,0.0,17062.21,3875.2,4.5,Delivered
ORD103445,2025-01-24,CUST1332,Perfume,Beauty,North,Net Banking,Express,1,3962.56,0.2,3170.04,490.15,3.8,Delivered
ORD102054,2025-01-25,CUST1333,Casual Sneakers,Fashion,Central,UPI,Same Day,1,2186.24,0.0,2186.24,520.47,4.7,Delivered
ORD101196,2025-01-25,CUST1046,Cookware Set,Home & Kitchen,West,Debit Card,Same Day,2,5372.3,0.25,8058.45,602.43,5.0,Delivered
ORD101275,2025-01-25,CUST1027,Smart Watch,Electronics,South,COD,Standard,3,23791.88,0.15,60669.29,13978.19,3.0,Delivered
ORD102294,2025-01-25,CUST1243,Perfume,Beauty,North,UPI,Standard,1,5985.67,0.05,5686.39,723.15,4.1,Delivered
ORD102352,2025-01-25,CUST1154,Bluetooth Speaker,Electronics,South,UPI,Express,1,22290.31,0.05,21175.8,4688.43,3.5,Delivered
ORD100429,2025-01-26,CUST1444,Dumbbells,Sports,Central,Net Banking,Express,1,9268.95,0.0,9268.95,3607.74,3.9,Delivered
ORD102940,2025-01-26,CUST1502,Backpack,Fashion,Central,COD,Standard,2,7970.92,0.1,14347.66,2860.78,3.1,Delivered
ORD101331,2025-01-27,CUST1065,Mixer Grinder,Home & Kitchen,West,Debit Card,Standard,1,14353.45,0.15,12200.43,1842.24,4.6,Delivered
ORD102130,2025-01-27,CUST1286,Mixer Grinder,Home & Kitchen,North,Net Banking,Express,3,13260.73,0.0,39782.19,11419.33,4.7,Delivered
ORD100014,2025-01-27,CUST1158,Cricket Bat,Sports,South,COD,Express,3,7512.47,0.2,18029.92,-439.46,4.9,Delivered
ORD100773,2025-01-27,CUST1189,Resistance Bands,Sports,Central,Debit Card,Standard,1,4904.25,0.05,4659.04,1195.27,4.4,Delivered
ORD101674,2025-01-27,CUST1123,Wireless Headphones,Electronics,North,Debit Card,Express,1,49576.72,0.15,42140.21,3803.6,4.5,Delivered
ORD100211,2025-01-27,CUST1600,Makeup Set,Beauty,West,Credit Card,Standard,1,3484.19,0.2,2787.35,825.22,2.9,Delivered
ORD102980,2025-01-27,CUST1395,Hair Dryer,Beauty,South,COD,Express,1,3059.22,0.2,2447.38,736.21,4.9,Delivered
ORD100176,2025-01-27,CUST1220,Mixer Grinder,Home & Kitchen,North,Net Banking,Express,1,15367.67,0.0,15367.67,3851.45,3.7,Delivered
ORD102018,2025-01-28,CUST1341,Power Bank,Electronics,West,Net Banking,Express,2,53852.95,0.25,80779.42,4824.39,4.0,Delivered
ORD103092,2025-01-28,CUST1223,Air Fryer,Home & Kitchen,North,Debit Card,Standard,2,10030.84,0.0,20061.68,5099.94,2.7,Delivered
ORD102063,2025-01-28,CUST1062,Power Bank,Electronics,West,Credit Card,Standard,2,26432.14,0.05,50221.07,16515.12,3.2,Delivered
ORD102984,2025-01-28,CUST1428,Cricket Bat,Sports,West,Debit Card,Standard,2,9736.74,0.05,18499.81,3779.67,3.7,Delivered
ORD101749,2025-01-28,CUST1343,Face Serum,Beauty,East,Credit Card,Standard,1,1029.4,0.0,1029.4,180.14,3.6,Delivered
ORD100235,2025-01-28,CUST1123,Yoga Mat,Sports,West,Net Banking,Express,1,11891.82,0.1,10702.63,3267.51,3.5,Delivered
ORD100394,2025-01-28,CUST1366,Resistance Bands,Sports,Central,Credit Card,Standard,1,2509.69,0.05,2384.2,470.93,3.3,Delivered
ORD102968,2025-01-28,CUST1309,Football,Sports,North,Debit Card,Standard,2,11470.33,0.05,21793.62,6574.86,3.6,Delivered
ORD101902,2025-01-28,CUST1404,Cookware Set,Home & Kitchen,West,Net Banking,Same Day,1,13929.76,0.1,12536.79,4246.57,3.6,Delivered
ORD100696,2025-01-29,CUST1333,Bluetooth Speaker,Electronics,South,Net Banking,Standard,1,3390.8,0.05,3221.26,986.6,3.3,Delivered
ORD100726,2025-01-29,CUST1270,T-Shirt,Fashion,North,UPI,Express,3,844.08,0.05,2405.64,999.39,4.4,Delivered
ORD103399,2025-01-29,CUST1493,Dumbbells,Sports,West,Net Banking,Standard,2,672.97,0.0,1345.93,453.87,4.4,Delivered
ORD101207,2025-01-29,CUST1329,Storage Organizer,Home & Kitchen,South,Net Banking,Express,2,4490.06,0.0,8980.13,3154.7,3.6,Delivered
ORD102937,2025-01-29,CUST1169,Air Fryer,Home & Kitchen,South,Debit Card,Express,1,13835.55,0.05,13143.77,4380.93,4.9,Returned
ORD101640,2025-01-29,CUST1227,Backpack,Fashion,South,Net Banking,Same Day,3,6453.87,0.0,19361.62,6938.14,3.9,Delivered
ORD100224,2025-01-29,CUST1006,Face Serum,Beauty,West,Credit Card,Express,3,2121.3,0.05,6045.71,2353.52,3.8,Delivered
ORD102597,2025-01-30,CUST1552,Denim Jacket,Fashion,South,Credit Card,Standard,1,2892.04,0.1,2602.83,884.05,3.6,Delivered
ORD102854,2025-01-30,CUST1443,Cookware Set,Home & Kitchen,North,Debit Card,Standard,1,1630.93,0.15,1386.29,425.85,5.0,Delivered
ORD102792,2025-01-30,CUST1021,Yoga Mat,Sports,North,UPI,Standard,2,4854.86,0.05,9224.24,1914.83,4.5,Returned
ORD101118,2025-01-30,CUST1380,Coffee Maker,Home & Kitchen,South,Debit Card,Express,3,9695.09,0.15,24722.49,1336.62,3.5,Delivered
ORD100173,2025-01-30,CUST1001,Air Fryer,Home & Kitchen,West,Net Banking,Standard,3,5151.26,0.25,11590.33,1323.99,3.6,Delivered
ORD100792,2025-01-30,CUST1296,Power Bank,Electronics,North,UPI,Standard,2,49987.72,0.05,94976.67,25782.92,5.0,Delivered
ORD100680,2025-01-30,CUST1392,Perfume,Beauty,Central,UPI,Express,1,3009.41,0.1,2708.47,310.32,4.5,Delivered
ORD100460,2025-01-30,CUST1569,Cookware Set,Home & Kitchen,East,Debit Card,Express,1,9367.34,0.0,9367.34,2878.87,3.8,Delivered
ORD102066,2025-01-31,CUST1133,Running Shoes,Fashion,South,Net Banking,Express,1,8985.73,0.0,8985.73,3176.76,4.6,Delivered
ORD101597,2025-01-31,CUST1192,Denim Jacket,Fashion,West,Net Banking,Standard,4,4583.79,0.05,17418.39,2278.83,4.1,Delivered
ORD101136,2025-01-31,CUST1495,Air Fryer,Home & Kitchen,East,UPI,Standard,4,14431.18,0.1,51952.24,14375.2,3.4,Delivered
ORD100675,2025-01-31,CUST1210,Running Shoes,Fashion,East,Net Banking,Standard,3,666.27,0.1,1798.93,172.75,3.8,Delivered
ORD101669,2025-01-31,CUST1003,Storage Organizer,Home & Kitchen,Central,Credit Card,Same Day,2,9387.11,0.15,15958.09,486.55,3.8,Delivered
ORD102858,2025-01-31,CUST1023,Casual Sneakers,Fashion,East,Credit Card,Standard,2,2820.08,0.0,5640.15,1908.15,4.2,Delivered
ORD102017,2025-02-01,CUST1405,Bluetooth Speaker,Electronics,South,COD,Express,2,9539.37,0.0,19078.74,8310.89,4.6,Delivered
ORD101878,2025-02-01,CUST1292,Laptop Stand,Electronics,North,COD,Same Day,5,35530.81,0.15,151005.96,26925.29,4.2,Delivered
ORD101784,2025-02-01,CUST1596,Smart Watch,Electronics,West,Net Banking,Express,1,13989.22,0.0,13989.22,3121.74,3.6,Delivered
ORD100317,2025-02-01,CUST1482,Coffee Maker,Home & Kitchen,Central,Debit Card,Standard,1,4631.17,0.05,4399.62,1126.69,4.1,Returned
ORD102267,2025-02-02,CUST1198,Denim Jacket,Fashion,Central,Credit Card,Standard,1,3225.91,0.1,2903.32,333.04,3.7,Delivered
ORD103353,2025-02-02,CUST1052,Cookware Set,Home & Kitchen,West,Debit Card,Standard,2,11786.35,0.0,23572.7,5646.14,4.6,Delivered
ORD103046,2025-02-02,CUST1415,Power Bank,Electronics,West,Net Banking,Standard,4,33726.8,0.05,128161.82,53127.74,3.7,Delivered
ORD100730,2025-02-02,CUST1045,Football,Sports,West,Net Banking,Standard,1,1413.69,0.2,1130.95,320.16,4.6,Delivered
ORD102690,2025-02-02,CUST1542,Face Serum,Beauty,East,Debit Card,Express,1,2577.39,0.0,2577.39,820.19,4.5,Delivered
ORD103244,2025-02-02,CUST1521,Power Bank,Electronics,South,UPI,Standard,1,8850.29,0.2,7080.23,1659.35,3.8,Delivered
ORD100712,2025-02-02,CUST1250,Mixer Grinder,Home & Kitchen,East,UPI,Express,2,4085.45,0.05,7762.35,1809.19,3.7,Delivered
ORD102572,2025-02-03,CUST1431,Wireless Headphones,Electronics,South,Credit Card,Standard,2,19807.47,0.15,33672.71,10459.63,4.0,Delivered
ORD103279,2025-02-03,CUST1162,Makeup Set,Beauty,Central,Net Banking,Standard,1,5560.93,0.2,4448.75,1372.7,2.6,Delivered
ORD100759,2025-02-03,CUST1016,Cookware Set,Home & Kitchen,East,Net Banking,Standard,3,13422.34,0.05,38253.68,9086.29,4.3,Delivered
ORD100316,2025-02-03,CUST1272,Coffee Maker,Home & Kitchen,Central,Net Banking,Standard,1,11372.34,0.1,10235.11,2185.03,4.2,Delivered
ORD100736,2025-02-03,CUST1567,Storage Organizer,Home & Kitchen,West,UPI,Same Day,1,11896.55,0.15,10112.07,2004.77,4.0,Returned
ORD101723,2025-02-03,CUST1492,Smart Watch,Electronics,West,Debit Card,Standard,1,33621.67,0.0,33621.67,10570.83,4.6,Delivered
ORD102708,2025-02-03,CUST1175,Power Bank,Electronics,West,Credit Card,Same Day,3,14336.97,0.15,36559.29,1417.65,4.4,Cancelled
ORD101032,2025-02-03,CUST1423,Denim Jacket,Fashion,East,Net Banking,Same Day,3,1127.57,0.0,3382.72,763.56,2.4,Delivered
ORD102086,2025-02-04,CUST1135,Backpack,Fashion,South,Net Banking,Standard,4,1559.91,0.1,5615.69,1878.54,4.5,Delivered
ORD103030,2025-02-04,CUST1039,Storage Organizer,Home & Kitchen,East,Debit Card,Express,1,10813.01,0.15,9191.06,530.86,4.2,Delivered
ORD101217,2025-02-04,CUST1594,T-Shirt,Fashion,East,Debit Card,Express,1,1753.45,0.1,1578.1,545.43,4.5,Delivered
ORD101572,2025-02-05,CUST1105,Storage Organizer,Home & Kitchen,West,UPI,Standard,1,16839.04,0.0,16839.04,6766.86,4.3,Delivered
ORD100661,2025-02-05,CUST1236,Coffee Maker,Home & Kitchen,Central,Net Banking,Standard,4,13471.0,0.15,45801.4,4542.04,4.4,Delivered
ORD101713,2025-02-05,CUST1369,Resistance Bands,Sports,West,Debit Card,Standard,1,6245.18,0.05,5932.92,1569.11,4.4,Delivered
ORD103472,2025-02-05,CUST1132,Smart Watch,Electronics,West,UPI,Same Day,1,27880.59,0.25,20910.44,5296.94,4.1,Delivered
ORD101348,2025-02-05,CUST1092,Power Bank,Electronics,North,COD,Standard,3,52502.61,0.25,118130.87,17715.69,4.3,Delivered
ORD100885,2025-02-05,CUST1433,Resistance Bands,Sports,South,Debit Card,Same Day,1,3623.9,0.1,3261.51,567.8,4.1,Delivered
ORD102964,2025-02-05,CUST1080,Denim Jacket,Fashion,North,Debit Card,Standard,2,1008.78,0.25,1513.16,-74.76,4.6,Cancelled
ORD102399,2025-02-05,CUST1526,Wireless Headphones,Electronics,West,COD,Express,1,16803.85,0.2,13443.08,1337.11,3.8,Delivered
ORD101231,2025-02-05,CUST1412,Yoga Mat,Sports,North,Debit Card,Standard,1,1769.89,0.15,1504.41,200.23,3.3,Delivered
ORD101008,2025-02-05,CUST1160,Face Serum,Beauty,Central,Net Banking,Standard,1,2988.56,0.15,2540.28,379.88,3.5,Delivered
ORD102056,2025-02-05,CUST1061,Mixer Grinder,Home & Kitchen,West,COD,Standard,1,750.35,0.1,675.31,59.15,4.6,Delivered
ORD101001,2025-02-06,CUST1321,Air Fryer,Home & Kitchen,Central,COD,Standard,1,14387.61,0.2,11510.09,195.32,4.8,Delivered
ORD101859,2025-02-06,CUST1205,Hair Dryer,Beauty,North,COD,Express,1,4177.26,0.2,3341.81,658.35,3.2,Delivered
ORD101590,2025-02-06,CUST1533,Air Fryer,Home & Kitchen,East,Debit Card,Standard,1,15304.53,0.0,15304.53,3297.64,4.0,Delivered
ORD103387,2025-02-06,CUST1219,Mixer Grinder,Home & Kitchen,West,UPI,Standard,2,6152.41,0.0,12304.82,2892.82,3.5,Returned
ORD100012,2025-02-06,CUST1078,Cricket Bat,Sports,North,UPI,Standard,3,7280.16,0.2,17472.39,1038.52,3.3,Delivered
ORD103013,2025-02-06,CUST1061,Skincare Kit,Beauty,North,UPI,Standard,1,2268.53,0.1,2041.68,674.18,4.6,Delivered
ORD100556,2025-02-06,CUST1509,Mixer Grinder,Home & Kitchen,South,UPI,Same Day,1,1892.58,0.05,1797.95,380.93,3.1,Delivered
ORD100376,2025-02-06,CUST1417,Power Bank,Electronics,North,Net Banking,Standard,5,5045.01,0.0,25225.04,6432.37,4.8,Returned
ORD100738,2025-02-07,CUST1456,Running Shoes,Fashion,North,Net Banking,Express,1,3407.03,0.1,3066.33,349.39,4.0,Delivered
ORD100630,2025-02-07,CUST1006,Face Serum,Beauty,East,Net Banking,Standard,1,4065.91,0.0,4065.91,1591.49,4.7,Delivered
ORD100470,2025-02-07,CUST1287,Resistance Bands,Sports,North,Debit Card,Standard,1,9806.49,0.1,8825.84,2639.53,3.5,Delivered
ORD102343,2025-02-07,CUST1005,Backpack,Fashion,North,Net Banking,Same Day,2,4954.96,0.2,7927.94,1914.48,3.4,Delivered
ORD100804,2025-02-07,CUST1402,Power Bank,Electronics,South,Net Banking,Standard,1,41328.44,0.0,41328.44,18418.76,3.4,Returned
ORD102057,2025-02-07,CUST1156,Cookware Set,Home & Kitchen,Central,Net Banking,Same Day,1,16107.18,0.15,13691.1,1825.63,3.7,Delivered
ORD100756,2025-02-07,CUST1197,Laptop Stand,Electronics,North,Credit Card,Express,3,27612.09,0.0,82836.27,17196.47,5.0,Delivered
ORD100214,2025-02-07,CUST1436,Yoga Mat,Sports,West,COD,Express,2,7646.35,0.15,12998.8,1682.12,4.7,Delivered
ORD103228,2025-02-07,CUST1076,Skincare Kit,Beauty,North,COD,Standard,1,6903.59,0.2,5522.87,1514.59,3.6,Delivered
ORD103266,2025-02-07,CUST1400,Hair Dryer,Beauty,East,Credit Card,Express,1,5883.44,0.05,5589.27,1680.63,5.0,Delivered
ORD100602,2025-02-08,CUST1115,Denim Jacket,Fashion,East,COD,Standard,3,1752.38,0.0,5257.15,1474.85,3.2,Delivered
ORD101448,2025-02-08,CUST1159,Casual Sneakers,Fashion,North,Credit Card,Standard,1,5034.14,0.0,5034.14,1492.68,4.0,Delivered
ORD101280,2025-02-08,CUST1510,Storage Organizer,Home & Kitchen,East,Net Banking,Express,2,10663.28,0.15,18127.58,5478.53,2.4,Delivered
ORD100431,2025-02-08,CUST1046,Casual Sneakers,Fashion,West,UPI,Standard,3,3900.21,0.05,11115.61,2788.35,5.0,Delivered
ORD101860,2025-02-08,CUST1393,Running Shoes,Fashion,North,Net Banking,Same Day,4,7696.54,0.05,29246.84,12155.8,4.7,Delivered
ORD101281,2025-02-08,CUST1356,Resistance Bands,Sports,East,UPI,Standard,3,11490.68,0.0,34472.03,11918.34,4.0,Delivered
ORD103194,2025-02-08,CUST1083,Cookware Set,Home & Kitchen,North,Net Banking,Same Day,1,12158.54,0.1,10942.69,3095.08,4.4,Delivered
ORD101601,2025-02-08,CUST1326,Coffee Maker,Home & Kitchen,North,Debit Card,Standard,2,7761.74,0.2,12418.79,2595.5,2.9,Delivered
ORD102114,2025-02-09,CUST1343,T-Shirt,Fashion,East,UPI,Standard,1,3193.34,0.05,3033.67,817.33,4.2,Delivered
ORD101965,2025-02-09,CUST1334,Perfume,Beauty,North,Credit Card,Standard,1,6778.64,0.2,5422.91,289.6,3.4,Cancelled
ORD101721,2025-02-09,CUST1532,Denim Jacket,Fashion,East,COD,Standard,2,651.61,0.0,1303.22,232.19,4.3,Delivered
ORD103262,2025-02-09,CUST1084,Dumbbells,Sports,North,Credit Card,Same Day,2,3378.55,0.2,5405.68,814.89,4.5,Delivered
ORD101393,2025-02-10,CUST1030,Cookware Set,Home & Kitchen,West,Credit Card,Standard,1,2506.43,0.15,2130.46,305.78,4.7,Delivered
ORD101512,2025-02-10,CUST1360,Power Bank,Electronics,East,Net Banking,Standard,1,32803.6,0.2,26242.88,5449.89,4.2,Delivered
ORD101741,2025-02-10,CUST1527,Mixer Grinder,Home & Kitchen,West,Credit Card,Standard,1,15203.34,0.2,12162.67,1103.55,4.2,Delivered
ORD103493,2025-02-10,CUST1431,Casual Sneakers,Fashion,East,Debit Card,Express,1,7377.59,0.2,5902.08,1138.36,4.0,Delivered
ORD101138,2025-02-10,CUST1370,Wireless Headphones,Electronics,West,Net Banking,Standard,2,32541.36,0.0,65082.73,23138.61,4.8,Delivered
ORD101035,2025-02-10,CUST1305,Wireless Headphones,Electronics,Central,Debit Card,Express,1,4831.74,0.05,4590.15,1312.77,2.0,Delivered
ORD100058,2025-02-10,CUST1101,Running Shoes,Fashion,East,Net Banking,Express,2,422.18,0.25,633.27,0.76,3.7,Delivered
ORD101844,2025-02-10,CUST1172,Mixer Grinder,Home & Kitchen,West,Debit Card,Standard,2,11830.53,0.1,21294.95,5537.2,4.1,Delivered
ORD102637,2025-02-10,CUST1439,Wireless Headphones,Electronics,West,Credit Card,Express,2,4127.42,0.0,8254.84,3642.72,3.2,Delivered
ORD103361,2025-02-11,CUST1338,Yoga Mat,Sports,East,UPI,Standard,3,9558.9,0.0,28676.69,6885.13,3.8,Delivered
ORD100061,2025-02-11,CUST1102,Running Shoes,Fashion,North,Net Banking,Standard,1,7367.22,0.0,7367.22,2114.46,4.6,Delivered
ORD102171,2025-02-11,CUST1386,Cricket Bat,Sports,West,COD,Express,2,4082.0,0.1,7347.59,723.88,3.4,Delivered
ORD103019,2025-02-11,CUST1026,Mixer Grinder,Home & Kitchen,West,Debit Card,Standard,1,12487.92,0.2,9990.33,2522.44,3.9,Delivered
ORD100877,2025-02-11,CUST1159,Power Bank,Electronics,West,UPI,Express,1,25732.33,0.25,19299.24,1777.14,3.0,Delivered
ORD102124,2025-02-11,CUST1125,Power Bank,Electronics,Central,Credit Card,Standard,2,1306.99,0.0,2613.99,469.65,4.5,Returned
ORD102986,2025-02-12,CUST1473,Air Fryer,Home & Kitchen,Central,Net Banking,Express,3,17565.16,0.15,44791.15,7897.97,3.8,Delivered
ORD102042,2025-02-12,CUST1180,T-Shirt,Fashion,South,Net Banking,Express,1,6736.67,0.1,6063.0,2211.82,4.2,Delivered
ORD100511,2025-02-12,CUST1532,Power Bank,Electronics,East,Debit Card,Express,1,47647.25,0.0,47647.25,19161.35,4.9,Delivered
ORD103471,2025-02-12,CUST1450,Air Fryer,Home & Kitchen,East,COD,Standard,3,7789.69,0.1,21032.17,1796.07,3.7,Delivered
ORD100377,2025-02-12,CUST1148,Football,Sports,Central,Debit Card,Standard,1,11162.16,0.05,10604.05,3663.85,3.7,Delivered
ORD101898,2025-02-12,CUST1562,Running Shoes,Fashion,South,Debit Card,Express,1,7727.71,0.15,6568.56,861.05,4.3,Delivered
ORD102402,2025-02-12,CUST1057,Smart Watch,Electronics,East,Net Banking,Standard,1,52358.03,0.0,52358.03,17415.7,4.0,Delivered
ORD103182,2025-02-12,CUST1446,Denim Jacket,Fashion,North,Net Banking,Same Day,1,4834.09,0.2,3867.27,112.17,5.0,Delivered
ORD102324,2025-02-12,CUST1311,Cookware Set,Home & Kitchen,East,Credit Card,Standard,1,5543.82,0.1,4989.44,1690.88,4.9,Delivered
ORD100390,2025-02-12,CUST1341,Smart Watch,Electronics,South,Net Banking,Express,1,8780.72,0.0,8780.72,1654.22,4.0,Delivered
ORD103251,2025-02-12,CUST1255,Mixer Grinder,Home & Kitchen,Central,COD,Same Day,2,17696.71,0.05,33623.75,10107.99,4.3,Delivered
ORD103027,2025-02-12,CUST1287,Bluetooth Speaker,Electronics,North,Credit Card,Express,2,1424.04,0.2,2278.47,403.52,3.9,Delivered
ORD100359,2025-02-13,CUST1264,Wireless Headphones,Electronics,West,Debit Card,Express,1,39458.77,0.0,39458.77,7732.32,3.0,Delivered
ORD103365,2025-02-13,CUST1591,Air Fryer,Home & Kitchen,North,COD,Express,1,5221.88,0.05,4960.79,806.71,3.5,Cancelled
ORD100462,2025-02-13,CUST1395,Casual Sneakers,Fashion,North,Debit Card,Express,1,3794.71,0.15,3225.5,1119.6,3.7,Delivered
ORD103075,2025-02-13,CUST1253,Backpack,Fashion,West,Debit Card,Standard,2,633.1,0.15,1076.27,267.35,4.6,Delivered
ORD100894,2025-02-13,CUST1306,Air Fryer,Home & Kitchen,South,Net Banking,Standard,4,6644.34,0.05,25248.48,5232.49,3.3,Delivered
ORD102293,2025-02-13,CUST1585,Laptop Stand,Electronics,North,Debit Card,Same Day,1,5398.81,0.05,5128.87,1473.15,3.6,Delivered
ORD103166,2025-02-13,CUST1048,Hair Dryer,Beauty,Central,Credit Card,Standard,4,6940.29,0.1,24985.05,7574.76,3.9,Delivered
ORD103465,2025-02-14,CUST1503,Running Shoes,Fashion,Central,Credit Card,Standard,1,5717.7,0.0,5717.7,1217.63,4.2,Delivered
ORD102351,2025-02-14,CUST1354,Resistance Bands,Sports,East,UPI,Same Day,1,10301.77,0.0,10301.77,3215.68,3.6,Delivered
ORD102098,2025-02-14,CUST1452,Running Shoes,Fashion,East,UPI,Same Day,2,5266.53,0.25,7899.79,1729.49,3.7,Delivered
ORD101233,2025-02-14,CUST1158,Bluetooth Speaker,Electronics,West,Credit Card,Standard,2,50825.93,0.0,101651.85,44333.01,4.0,Delivered
ORD102043,2025-02-14,CUST1480,Casual Sneakers,Fashion,West,Credit Card,Same Day,3,5241.04,0.05,14936.96,5209.28,4.6,Delivered
ORD102048,2025-02-14,CUST1132,Denim Jacket,Fashion,Central,Debit Card,Standard,3,5281.29,0.05,15051.67,5819.67,3.9,Delivered
ORD103052,2025-02-14,CUST1108,Skincare Kit,Beauty,West,Net Banking,Express,1,3732.89,0.1,3359.6,421.27,4.3,Delivered
ORD103456,2025-02-14,CUST1104,Storage Organizer,Home & Kitchen,East,UPI,Express,3,2065.89,0.0,6197.68,1078.39,4.1,Delivered
ORD101983,2025-02-14,CUST1507,Mixer Grinder,Home & Kitchen,Central,Credit Card,Standard,2,15545.84,0.05,29537.1,6522.48,3.2,Delivered
ORD101064,2025-02-15,CUST1539,Smart Watch,Electronics,Central,Net Banking,Standard,2,33667.77,0.05,63968.75,18829.16,4.1,Delivered
ORD102361,2025-02-15,CUST1357,Power Bank,Electronics,East,Debit Card,Standard,4,28501.98,0.2,91206.33,28044.99,5.0,Returned
ORD102502,2025-02-15,CUST1385,Running Shoes,Fashion,West,Credit Card,Standard,1,752.4,0.05,714.78,149.53,3.7,Delivered
ORD101666,2025-02-15,CUST1434,Air Fryer,Home & Kitchen,East,COD,Standard,1,15240.15,0.25,11430.11,-881.22,4.2,Delivered
ORD101377,2025-02-15,CUST1263,T-Shirt,Fashion,Central,UPI,Standard,3,1007.99,0.0,3023.96,864.16,5.0,Delivered
ORD103095,2025-02-15,CUST1299,Coffee Maker,Home & Kitchen,West,UPI,Same Day,3,10581.02,0.05,30155.91,5890.76,4.0,Returned
ORD102347,2025-02-15,CUST1405,Laptop Stand,Electronics,Central,Net Banking,Standard,4,35355.91,0.25,106067.72,-12031.02,3.8,Delivered
ORD101789,2025-02-16,CUST1175,Backpack,Fashion,West,COD,Standard,2,1574.6,0.0,3149.21,1036.55,4.0,Delivered
ORD102513,2025-02-16,CUST1354,Backpack,Fashion,West,COD,Standard,1,4732.58,0.1,4259.33,443.04,3.1,Delivered
ORD100492,2025-02-16,CUST1085,Laptop Stand,Electronics,West,Credit Card,Standard,4,37411.04,0.05,142161.96,56917.48,4.2,Delivered
ORD101994,2025-02-16,CUST1465,Dumbbells,Sports,East,Debit Card,Standard,2,11593.93,0.25,17390.89,-1712.26,3.7,Delivered
ORD103281,2025-02-16,CUST1083,Cookware Set,Home & Kitchen,Central,UPI,Same Day,1,10559.53,0.15,8975.6,969.56,4.0,Delivered
ORD102428,2025-02-16,CUST1068,Football,Sports,West,Net Banking,Standard,1,7762.54,0.25,5821.91,-263.94,3.3,Delivered
ORD102605,2025-02-17,CUST1390,Football,Sports,Central,Net Banking,Express,1,7010.23,0.05,6659.72,1541.79,3.9,Delivered
ORD101072,2025-02-17,CUST1297,Power Bank,Electronics,South,UPI,Express,2,23584.61,0.0,47169.22,9106.21,4.3,Delivered
ORD101097,2025-02-17,CUST1003,Smart Watch,Electronics,East,UPI,Express,4,18232.52,0.2,58344.05,9977.1,2.8,Delivered
ORD102421,2025-02-18,CUST1479,Power Bank,Electronics,North,Net Banking,Standard,1,48145.0,0.1,43330.5,5025.02,4.0,Delivered
ORD102604,2025-02-18,CUST1495,Mixer Grinder,Home & Kitchen,North,COD,Same Day,2,12447.75,0.0,24895.5,4541.78,5.0,Delivered
ORD100041,2025-02-18,CUST1349,Casual Sneakers,Fashion,North,COD,Express,1,1935.29,0.1,1741.77,188.68,4.3,Delivered
ORD100246,2025-02-18,CUST1270,Mixer Grinder,Home & Kitchen,Central,Debit Card,Standard,4,16631.34,0.0,66525.38,14738.32,4.0,Delivered
ORD100233,2025-02-18,CUST1560,T-Shirt,Fashion,South,UPI,Express,1,1799.43,0.1,1619.48,195.2,4.2,Delivered
ORD101673,2025-02-18,CUST1201,Laptop Stand,Electronics,North,UPI,Same Day,2,17845.63,0.15,30337.57,2802.78,5.0,Cancelled
ORD101300,2025-02-19,CUST1368,Mixer Grinder,Home & Kitchen,West,Net Banking,Standard,3,4172.14,0.25,9387.31,2412.5,2.8,Delivered
ORD100050,2025-02-19,CUST1264,Dumbbells,Sports,Central,UPI,Standard,1,4966.98,0.0,4966.98,1683.59,4.5,Delivered
ORD101867,2025-02-19,CUST1350,Perfume,Beauty,South,COD,Standard,2,6286.57,0.1,11315.83,4205.97,4.0,Delivered
ORD103132,2025-02-19,CUST1116,Dumbbells,Sports,East,Debit Card,Same Day,3,4202.45,0.1,11346.61,2628.85,3.5,Delivered
ORD103345,2025-02-19,CUST1396,Smart Watch,Electronics,Central,UPI,Standard,1,38053.51,0.25,28540.13,5977.35,2.8,Delivered
ORD102364,2025-02-19,CUST1548,Denim Jacket,Fashion,West,Credit Card,Express,2,7777.31,0.1,13999.15,2050.12,4.3,Delivered
ORD103047,2025-02-20,CUST1426,Backpack,Fashion,East,Credit Card,Standard,1,4538.23,0.0,4538.23,1411.32,4.4,Delivered
ORD101203,2025-02-20,CUST1513,Cookware Set,Home & Kitchen,East,Credit Card,Standard,1,5207.7,0.0,5207.7,1878.15,4.7,Cancelled
ORD102782,2025-02-20,CUST1358,Storage Organizer,Home & Kitchen,West,Credit Card,Standard,1,12621.73,0.05,11990.65,3104.43,4.1,Delivered
ORD100013,2025-02-20,CUST1085,Dumbbells,Sports,West,Debit Card,Standard,1,4494.06,0.15,3819.95,892.98,4.2,Delivered
ORD101133,2025-02-21,CUST1105,Mixer Grinder,Home & Kitchen,Central,COD,Standard,1,1084.51,0.15,921.83,100.57,4.2,Delivered
ORD103144,2025-02-21,CUST1479,Casual Sneakers,Fashion,East,Debit Card,Standard,1,7167.19,0.15,6092.11,1046.99,4.0,Delivered
ORD102175,2025-02-21,CUST1163,Cricket Bat,Sports,Central,UPI,Standard,3,2426.53,0.05,6915.61,2294.23,4.5,Delivered
ORD101274,2025-02-21,CUST1162,Laptop Stand,Electronics,South,Debit Card,Standard,1,33112.2,0.1,29800.98,9202.05,4.1,Delivered
ORD102280,2025-02-21,CUST1117,Resistance Bands,Sports,Central,UPI,Standard,2,10241.1,0.05,19458.08,4049.87,4.7,Delivered
ORD103111,2025-02-21,CUST1029,Storage Organizer,Home & Kitchen,South,Debit Card,Standard,1,15785.74,0.0,15785.74,6615.79,3.8,Delivered
ORD100713,2025-02-21,CUST1429,Wireless Headphones,Electronics,South,Net Banking,Express,1,13617.6,0.05,12936.72,3421.51,3.3,Delivered
ORD102942,2025-02-21,CUST1324,Hair Dryer,Beauty,West,Net Banking,Standard,1,3309.38,0.0,3309.38,1151.4,4.6,Delivered
ORD101670,2025-02-21,CUST1362,Perfume,Beauty,North,Debit Card,Express,1,5544.08,0.05,5266.88,1353.59,4.0,Delivered
ORD100741,2025-02-21,CUST1165,Hair Dryer,Beauty,East,Debit Card,Standard,2,604.58,0.1,1088.24,412.41,4.8,Delivered
ORD102106,2025-02-22,CUST1271,Power Bank,Electronics,North,COD,Standard,1,52443.0,0.0,52443.0,20825.14,5.0,Delivered
ORD103186,2025-02-22,CUST1116,Yoga Mat,Sports,East,UPI,Standard,4,11537.86,0.15,39228.72,13121.39,4.3,Delivered
ORD102173,2025-02-22,CUST1390,T-Shirt,Fashion,North,Net Banking,Same Day,1,2285.91,0.1,2057.32,577.21,5.0,Delivered
ORD101821,2025-02-22,CUST1505,Running Shoes,Fashion,South,Credit Card,Express,2,4193.04,0.05,7966.78,2337.79,4.2,Delivered
ORD100127,2025-02-22,CUST1143,Casual Sneakers,Fashion,East,Credit Card,Same Day,1,8074.91,0.05,7671.16,2288.39,3.0,Delivered
ORD100206,2025-02-22,CUST1094,Cookware Set,Home & Kitchen,East,UPI,Standard,1,10027.04,0.05,9525.69,1411.25,3.9,Delivered
ORD102842,2025-02-22,CUST1396,Cricket Bat,Sports,North,COD,Standard,1,10735.57,0.1,9662.01,1404.72,3.7,Delivered
ORD100488,2025-02-22,CUST1250,Football,Sports,North,COD,Standard,1,8386.93,0.0,8386.93,2168.14,2.8,Returned
ORD100656,2025-02-23,CUST1425,Dumbbells,Sports,West,COD,Express,1,9035.38,0.0,9035.38,1759.0,4.3,Delivered
ORD102936,2025-02-23,CUST1491,Casual Sneakers,Fashion,South,COD,Standard,2,7818.3,0.0,15636.59,5580.92,4.1,Delivered
ORD100422,2025-02-23,CUST1289,Coffee Maker,Home & Kitchen,South,COD,Standard,1,16737.0,0.1,15063.3,5026.96,4.0,Delivered
ORD103246,2025-02-23,CUST1008,Casual Sneakers,Fashion,North,Net Banking,Express,1,1775.25,0.05,1686.49,422.53,4.2,Delivered
ORD101774,2025-02-24,CUST1370,Cookware Set,Home & Kitchen,West,Net Banking,Express,1,3727.83,0.2,2982.26,664.51,2.8,Delivered
ORD100088,2025-02-24,CUST1391,Makeup Set,Beauty,North,Net Banking,Express,5,4090.55,0.0,20452.75,6310.06,4.2,Delivered
ORD103202,2025-02-24,CUST1316,Football,Sports,East,COD,Same Day,1,6790.59,0.1,6111.53,583.38,4.6,Delivered
ORD102120,2025-02-24,CUST1014,Cookware Set,Home & Kitchen,West,UPI,Express,4,11620.45,0.05,44157.73,5579.84,2.9,Delivered
ORD101147,2025-02-24,CUST1049,Laptop Stand,Electronics,North,UPI,Standard,1,49256.78,0.05,46793.94,19186.78,4.0,Delivered
ORD100319,2025-02-24,CUST1536,Skincare Kit,Beauty,South,Debit Card,Standard,4,2775.31,0.25,8325.92,1120.27,2.8,Delivered
ORD100910,2025-02-25,CUST1073,Coffee Maker,Home & Kitchen,Central,COD,Standard,2,14560.34,0.05,27664.65,11017.6,4.5,Returned
ORD103156,2025-02-25,CUST1533,Casual Sneakers,Fashion,East,Credit Card,Standard,2,7107.79,0.05,13504.8,4059.66,4.3,Delivered
ORD101060,2025-02-25,CUST1294,Dumbbells,Sports,West,UPI,Express,1,5224.82,0.05,4963.58,751.37,3.3,Delivered
ORD100644,2025-02-25,CUST1078,Denim Jacket,Fashion,West,Credit Card,Express,1,7198.71,0.1,6478.84,2210.65,5.0,Delivered
ORD102994,2025-02-25,CUST1170,Face Serum,Beauty,South,COD,Same Day,4,2009.85,0.1,7235.48,2461.11,4.1,Delivered
ORD103431,2025-02-25,CUST1476,Skincare Kit,Beauty,West,Credit Card,Standard,1,6230.81,0.0,6230.81,1775.15,3.3,Delivered
ORD102921,2025-02-25,CUST1212,Backpack,Fashion,East,Debit Card,Express,3,4772.3,0.1,12885.21,4763.39,3.7,Delivered
ORD101869,2025-02-26,CUST1172,Cookware Set,Home & Kitchen,West,Debit Card,Standard,2,11486.66,0.0,22973.32,3778.05,4.0,Delivered
ORD100172,2025-02-26,CUST1353,Air Fryer,Home & Kitchen,West,Credit Card,Standard,1,7393.95,0.15,6284.86,708.68,3.7,Cancelled
ORD101057,2025-02-26,CUST1517,Perfume,Beauty,South,Debit Card,Standard,3,1823.63,0.15,4650.25,1397.44,3.6,Delivered
ORD102574,2025-02-26,CUST1547,Face Serum,Beauty,North,Net Banking,Standard,1,1323.71,0.2,1058.97,205.17,4.7,Delivered
ORD101824,2025-02-26,CUST1548,Smart Watch,Electronics,Central,Credit Card,Standard,1,53041.86,0.15,45085.58,6223.47,3.4,Delivered
ORD103225,2025-02-26,CUST1352,Coffee Maker,Home & Kitchen,West,Net Banking,Standard,2,11864.48,0.1,21356.06,5196.35,3.6,Delivered
ORD101690,2025-02-26,CUST1440,Denim Jacket,Fashion,East,COD,Express,2,8461.89,0.05,16077.58,6712.88,4.2,Delivered
ORD101557,2025-02-26,CUST1498,Running Shoes,Fashion,West,Debit Card,Standard,4,3255.75,0.0,13023.0,4585.62,3.5,Returned
ORD100369,2025-02-26,CUST1428,Coffee Maker,Home & Kitchen,Central,Net Banking,Same Day,5,13996.94,0.05,66485.48,24334.92,4.6,Delivered
ORD100863,2025-02-26,CUST1581,Football,Sports,East,Net Banking,Standard,1,7330.26,0.05,6963.74,975.02,3.5,Returned
ORD100733,2025-02-27,CUST1159,Hair Dryer,Beauty,South,Credit Card,Express,1,5318.08,0.1,4786.27,1285.25,4.0,Delivered
ORD102211,2025-02-27,CUST1564,Denim Jacket,Fashion,South,Credit Card,Express,2,460.09,0.15,782.15,190.9,4.6,Delivered
ORD102446,2025-02-27,CUST1157,Bluetooth Speaker,Electronics,East,UPI,Standard,1,37393.37,0.05,35523.7,12770.56,5.0,Returned
ORD101277,2025-02-27,CUST1449,Laptop Stand,Electronics,West,Debit Card,Standard,3,15893.02,0.05,45295.11,15857.78,3.7,Delivered
ORD100001,2025-02-27,CUST1385,Running Shoes,Fashion,Central,UPI,Standard,2,8681.01,0.1,15625.83,1665.36,4.6,Delivered
ORD102319,2025-02-27,CUST1341,Mixer Grinder,Home & Kitchen,North,COD,Same Day,1,17021.42,0.1,15319.27,2339.78,4.7,Delivered
ORD103386,2025-02-27,CUST1530,Storage Organizer,Home & Kitchen,West,Net Banking,Express,1,8917.58,0.1,8025.82,1172.7,4.5,Delivered
ORD102661,2025-02-27,CUST1134,Backpack,Fashion,West,Credit Card,Standard,2,867.01,0.0,1734.03,658.54,5.0,Delivered
ORD100835,2025-02-28,CUST1256,Power Bank,Electronics,South,Net Banking,Express,1,26757.83,0.15,22744.16,5690.99,3.1,Delivered
ORD103222,2025-02-28,CUST1108,Air Fryer,Home & Kitchen,West,Credit Card,Express,3,4401.48,0.0,13204.44,4012.57,4.2,Delivered
ORD103223,2025-02-28,CUST1208,Wireless Headphones,Electronics,West,Debit Card,Same Day,3,2648.41,0.0,7945.24,2981.16,4.2,Delivered
ORD101610,2025-02-28,CUST1330,Bluetooth Speaker,Electronics,North,UPI,Standard,2,7674.42,0.05,14581.39,5015.6,4.0,Delivered
ORD101338,2025-02-28,CUST1511,Laptop Stand,Electronics,South,Debit Card,Express,1,4050.27,0.05,3847.76,1601.24,4.2,Delivered
ORD103000,2025-03-01,CUST1074,Football,Sports,West,COD,Express,2,11667.86,0.1,21002.14,2393.82,5.0,Delivered
ORD100049,2025-03-01,CUST1384,Cricket Bat,Sports,South,COD,Standard,1,2344.44,0.2,1875.55,-50.03,4.3,Cancelled
ORD100814,2025-03-01,CUST1452,Wireless Headphones,Electronics,East,Net Banking,Standard,1,3490.24,0.1,3141.22,625.95,3.2,Delivered
ORD101468,2025-03-01,CUST1023,Smart Watch,Electronics,East,Debit Card,Express,1,29621.21,0.05,28140.15,4915.46,2.8,Delivered
ORD102448,2025-03-01,CUST1561,Air Fryer,Home & Kitchen,South,Debit Card,Standard,2,6371.6,0.05,12106.04,3728.94,3.4,Delivered
ORD101241,2025-03-01,CUST1278,Smart Watch,Electronics,Central,COD,Express,2,2738.26,0.0,5476.52,1081.77,4.5,Delivered
ORD101913,2025-03-01,CUST1536,Smart Watch,Electronics,South,UPI,Express,3,29080.94,0.2,69794.26,17612.32,3.7,Delivered
ORD100209,2025-03-01,CUST1510,Makeup Set,Beauty,West,Debit Card,Standard,1,5132.08,0.0,5132.08,1120.52,3.0,Delivered
ORD101730,2025-03-01,CUST1082,Hair Dryer,Beauty,South,Net Banking,Express,1,5089.41,0.0,5089.41,1330.23,4.0,Delivered
ORD100401,2025-03-01,CUST1572,Skincare Kit,Beauty,South,Net Banking,Express,2,3641.21,0.0,7282.42,2726.1,3.8,Delivered
ORD102095,2025-03-01,CUST1212,T-Shirt,Fashion,East,UPI,Standard,3,7744.68,0.05,22072.33,3665.59,2.9,Delivered
ORD100765,2025-03-02,CUST1595,Denim Jacket,Fashion,North,Net Banking,Standard,1,6562.2,0.15,5577.87,1769.67,4.5,Delivered
ORD100597,2025-03-02,CUST1089,Casual Sneakers,Fashion,West,COD,Express,1,5022.76,0.05,4771.62,1439.63,4.3,Delivered
ORD101440,2025-03-02,CUST1437,Resistance Bands,Sports,West,Debit Card,Standard,1,4933.34,0.1,4440.01,1336.2,5.0,Delivered
ORD102857,2025-03-02,CUST1003,Resistance Bands,Sports,West,Net Banking,Standard,1,11659.61,0.15,9910.67,1491.39,3.7,Delivered
ORD100601,2025-03-02,CUST1593,Backpack,Fashion,Central,Credit Card,Same Day,1,5994.44,0.1,5395.0,808.18,3.4,Delivered
ORD103428,2025-03-02,CUST1439,Mixer Grinder,Home & Kitchen,East,Debit Card,Express,4,8598.82,0.05,32675.53,5093.04,3.1,Delivered
ORD100106,2025-03-02,CUST1197,Bluetooth Speaker,Electronics,West,Credit Card,Same Day,4,46500.72,0.15,158102.44,31953.46,3.5,Returned
ORD101497,2025-03-02,CUST1492,Casual Sneakers,Fashion,Central,UPI,Standard,2,4331.48,0.0,8662.96,3003.0,4.5,Delivered
ORD103479,2025-03-02,CUST1300,Perfume,Beauty,Central,Net Banking,Same Day,1,5615.46,0.2,4492.37,318.48,4.8,Delivered
ORD101312,2025-03-02,CUST1317,T-Shirt,Fashion,North,COD,Express,2,8167.54,0.1,14701.58,3960.19,3.5,Delivered
ORD102602,2025-03-02,CUST1293,Makeup Set,Beauty,West,COD,Express,2,2410.55,0.2,3856.88,44.04,4.4,Delivered
ORD101211,2025-03-03,CUST1478,Bluetooth Speaker,Electronics,Central,Credit Card,Standard,3,25413.44,0.0,76240.32,18353.35,3.1,Delivered
ORD103349,2025-03-03,CUST1093,Resistance Bands,Sports,Central,COD,Express,1,3788.03,0.2,3030.42,854.82,4.1,Delivered
ORD100024,2025-03-03,CUST1175,Backpack,Fashion,North,UPI,Express,1,7856.86,0.15,6678.33,1875.74,3.6,Delivered
ORD102987,2025-03-03,CUST1180,Backpack,Fashion,West,UPI,Express,1,2176.12,0.1,1958.51,368.96,3.6,Cancelled
ORD100805,2025-03-03,CUST1463,Smart Watch,Electronics,West,Debit Card,Standard,2,40981.26,0.15,69668.14,3019.37,5.0,Delivered
ORD100111,2025-03-03,CUST1410,Storage Organizer,Home & Kitchen,East,COD,Standard,2,9879.52,0.15,16795.18,3686.2,4.3,Delivered
ORD103073,2025-03-03,CUST1378,T-Shirt,Fashion,West,Debit Card,Standard,2,7175.03,0.1,12915.06,3393.57,4.0,Delivered
ORD103325,2025-03-04,CUST1307,Running Shoes,Fashion,North,Credit Card,Standard,2,2764.92,0.0,5529.84,1088.31,3.7,Delivered
ORD100612,2025-03-04,CUST1091,Hair Dryer,Beauty,West,Credit Card,Standard,1,4855.19,0.1,4369.67,1176.17,4.4,Delivered
ORD101725,2025-03-04,CUST1296,Air Fryer,Home & Kitchen,Central,COD,Express,1,10643.35,0.0,10643.35,3161.53,5.0,Delivered
ORD100277,2025-03-04,CUST1511,Power Bank,Electronics,West,Debit Card,Standard,1,17353.31,0.25,13014.99,-893.16,3.1,Delivered
ORD100917,2025-03-04,CUST1094,Laptop Stand,Electronics,North,Debit Card,Standard,1,38134.26,0.1,34320.83,9547.68,4.3,Delivered
ORD101415,2025-03-04,CUST1061,Makeup Set,Beauty,Central,Net Banking,Standard,2,1205.27,0.0,2410.54,665.68,4.1,Delivered
ORD100159,2025-03-04,CUST1297,Wireless Headphones,Electronics,North,Credit Card,Express,1,4291.31,0.0,4291.31,1736.21,3.2,Delivered
ORD100689,2025-03-04,CUST1541,Casual Sneakers,Fashion,South,UPI,Standard,1,7543.45,0.0,7543.45,1871.54,4.6,Delivered
ORD100724,2025-03-05,CUST1470,Power Bank,Electronics,Central,COD,Standard,1,26100.03,0.2,20880.03,5664.43,4.1,Delivered
ORD100954,2025-03-05,CUST1368,Denim Jacket,Fashion,Central,COD,Standard,1,8191.12,0.0,8191.12,3360.23,4.0,Delivered
ORD100475,2025-03-05,CUST1416,Bluetooth Speaker,Electronics,East,UPI,Standard,1,48929.54,0.2,39143.63,5342.03,3.4,Delivered
ORD100015,2025-03-05,CUST1584,Face Serum,Beauty,Central,Credit Card,Standard,1,2091.7,0.05,1987.11,318.49,4.9,Delivered
ORD101429,2025-03-06,CUST1134,Coffee Maker,Home & Kitchen,East,Credit Card,Standard,3,6912.13,0.1,18662.76,5646.77,5.0,Delivered
ORD100989,2025-03-06,CUST1232,Denim Jacket,Fashion,Central,COD,Standard,1,1700.88,0.1,1530.79,187.49,3.7,Delivered
ORD100105,2025-03-06,CUST1082,Bluetooth Speaker,Electronics,North,COD,Standard,1,28537.21,0.05,27110.35,10813.97,2.8,Delivered
ORD102283,2025-03-06,CUST1589,Dumbbells,Sports,North,Credit Card,Standard,2,3529.19,0.15,5999.62,2015.9,4.3,Delivered
ORD102008,2025-03-06,CUST1341,Skincare Kit,Beauty,West,COD,Standard,2,1661.8,0.1,2991.24,815.62,3.2,Delivered
ORD103322,2025-03-06,CUST1599,Running Shoes,Fashion,South,Credit Card,Standard,2,6502.19,0.2,10403.51,1703.41,4.8,Delivered
ORD102647,2025-03-06,CUST1435,Coffee Maker,Home & Kitchen,East,Net Banking,Standard,4,8888.71,0.1,31999.35,5961.13,4.2,Delivered
ORD103054,2025-03-06,CUST1250,Bluetooth Speaker,Electronics,Central,UPI,Standard,5,10182.85,0.05,48368.53,10717.96,3.4,Delivered
ORD100248,2025-03-06,CUST1552,Storage Organizer,Home & Kitchen,West,COD,Standard,1,9964.84,0.1,8968.35,871.57,3.6,Delivered
ORD103421,2025-03-06,CUST1271,Makeup Set,Beauty,North,Net Banking,Standard,4,334.25,0.15,1136.46,73.03,4.0,Delivered
ORD103381,2025-03-06,CUST1159,Running Shoes,Fashion,West,Net Banking,Standard,1,3026.64,0.05,2875.31,423.3,4.5,Cancelled
ORD100212,2025-03-07,CUST1485,Resistance Bands,Sports,West,Debit Card,Standard,1,11730.5,0.05,11143.97,3244.31,5.0,Delivered
ORD103129,2025-03-08,CUST1176,T-Shirt,Fashion,South,UPI,Same Day,1,8554.92,0.05,8127.18,2011.93,3.3,Delivered
ORD102235,2025-03-08,CUST1335,Cricket Bat,Sports,South,Credit Card,Express,1,7347.99,0.15,6245.8,1991.22,3.3,Delivered
ORD101460,2025-03-08,CUST1230,Laptop Stand,Electronics,Central,UPI,Standard,2,9367.54,0.05,17798.32,3006.79,4.7,Returned
ORD102724,2025-03-08,CUST1226,Backpack,Fashion,West,Credit Card,Standard,4,7958.5,0.05,30242.32,6679.55,4.3,Delivered
ORD102808,2025-03-08,CUST1238,Cookware Set,Home & Kitchen,East,COD,Same Day,1,16451.28,0.0,16451.28,2839.97,3.9,Cancelled
ORD100558,2025-03-09,CUST1124,Air Fryer,Home & Kitchen,Central,UPI,Same Day,2,15644.01,0.0,31288.03,5972.64,4.3,Delivered
ORD100638,2025-03-09,CUST1529,Skincare Kit,Beauty,East,Net Banking,Same Day,3,3523.43,0.15,8984.74,2775.67,3.9,Returned
ORD101413,2025-03-09,CUST1364,Football,Sports,South,Debit Card,Standard,3,9633.5,0.1,26010.44,8689.97,3.8,Delivered
ORD103153,2025-03-09,CUST1244,Casual Sneakers,Fashion,South,Debit Card,Express,3,5891.0,0.1,15905.71,6089.06,3.8,Delivered
ORD102670,2025-03-09,CUST1324,Cricket Bat,Sports,South,Net Banking,Standard,1,8322.02,0.15,7073.72,351.42,5.0,Cancelled
ORD102800,2025-03-09,CUST1203,Power Bank,Electronics,North,Debit Card,Express,2,51920.93,0.05,98649.77,17468.55,4.8,Delivered
ORD101616,2025-03-10,CUST1154,Backpack,Fashion,East,Debit Card,Express,1,6228.17,0.15,5293.94,1604.75,3.4,Delivered
ORD102546,2025-03-10,CUST1068,Coffee Maker,Home & Kitchen,West,COD,Standard,1,15162.22,0.05,14404.11,3814.48,3.7,Delivered
ORD101985,2025-03-10,CUST1105,Resistance Bands,Sports,West,Credit Card,Standard,3,10511.63,0.0,31534.9,13075.98,4.0,Delivered
ORD100260,2025-03-10,CUST1105,Dumbbells,Sports,Central,Net Banking,Standard,1,7730.64,0.0,7730.64,3054.79,3.2,Delivered
ORD101979,2025-03-10,CUST1346,Resistance Bands,Sports,West,Net Banking,Standard,1,5957.79,0.2,4766.23,1476.1,5.0,Delivered
ORD100744,2025-03-10,CUST1212,Skincare Kit,Beauty,West,Net Banking,Express,1,1497.43,0.0,1497.43,361.31,3.6,Delivered
ORD100134,2025-03-10,CUST1577,Denim Jacket,Fashion,South,Net Banking,Express,2,8996.21,0.05,17092.79,2533.05,4.8,Delivered
ORD100691,2025-03-10,CUST1206,Hair Dryer,Beauty,East,COD,Standard,1,973.1,0.0,973.1,347.38,5.0,Delivered
ORD102701,2025-03-10,CUST1572,Denim Jacket,Fashion,North,Credit Card,Express,1,1610.46,0.15,1368.89,199.55,3.9,Delivered
ORD101132,2025-03-10,CUST1165,Mixer Grinder,Home & Kitchen,West,UPI,Standard,1,12948.81,0.05,12301.37,3488.21,5.0,Delivered
ORD101253,2025-03-10,CUST1524,Running Shoes,Fashion,Central,UPI,Standard,3,588.6,0.05,1677.51,278.11,3.8,Delivered
ORD103395,2025-03-10,CUST1454,Smart Watch,Electronics,East,UPI,Standard,1,34487.69,0.1,31038.92,10368.94,3.1,Delivered
ORD103482,2025-03-11,CUST1596,Storage Organizer,Home & Kitchen,West,Debit Card,Standard,1,15636.25,0.1,14072.63,1049.83,4.4,Delivered
ORD101683,2025-03-11,CUST1536,Backpack,Fashion,Central,Credit Card,Standard,1,4626.07,0.0,4626.07,1807.97,2.5,Delivered
ORD102898,2025-03-11,CUST1342,Running Shoes,Fashion,West,Debit Card,Standard,1,1451.01,0.1,1305.91,141.9,5.0,Delivered
ORD100070,2025-03-11,CUST1480,Perfume,Beauty,West,COD,Standard,3,3449.58,0.1,9313.87,722.31,3.6,Delivered
ORD100104,2025-03-11,CUST1555,Dumbbells,Sports,South,UPI,Standard,2,1304.49,0.0,2608.97,1030.49,4.6,Delivered
ORD102256,2025-03-11,CUST1199,Power Bank,Electronics,East,Credit Card,Express,1,7708.15,0.0,7708.15,1367.68,4.7,Delivered
ORD100483,2025-03-11,CUST1405,Power Bank,Electronics,West,Net Banking,Same Day,1,42106.37,0.1,37895.73,12644.78,3.8,Delivered
ORD103392,2025-03-11,CUST1013,Smart Watch,Electronics,East,Debit Card,Standard,1,3547.7,0.1,3192.93,728.31,3.7,Delivered
ORD102831,2025-03-11,CUST1415,Football,Sports,South,COD,Standard,1,3083.03,0.1,2774.73,964.66,4.5,Delivered
ORD103295,2025-03-11,CUST1067,Casual Sneakers,Fashion,West,Net Banking,Standard,2,3456.8,0.2,5530.88,1627.07,4.5,Delivered
ORD102556,2025-03-12,CUST1003,Wireless Headphones,Electronics,South,Net Banking,Standard,2,49556.85,0.0,99113.7,44244.83,3.8,Delivered
ORD103384,2025-03-12,CUST1029,Football,Sports,West,Debit Card,Express,2,8118.65,0.15,13801.71,3825.97,4.0,Delivered
ORD102205,2025-03-12,CUST1490,Air Fryer,Home & Kitchen,Central,UPI,Standard,2,11227.54,0.25,16841.31,-298.85,3.1,Delivered
ORD102004,2025-03-12,CUST1320,Dumbbells,Sports,North,COD,Same Day,1,11205.58,0.1,10085.02,3559.13,3.2,Delivered
ORD101735,2025-03-12,CUST1517,Casual Sneakers,Fashion,South,COD,Standard,2,698.23,0.05,1326.63,448.1,4.1,Delivered
ORD103480,2025-03-13,CUST1177,Cricket Bat,Sports,Central,Debit Card,Standard,4,11969.13,0.0,47876.54,11439.96,5.0,Delivered
ORD100590,2025-03-13,CUST1443,Power Bank,Electronics,South,UPI,Express,1,41783.24,0.1,37604.92,8210.54,3.5,Delivered
ORD101577,2025-03-13,CUST1008,Smart Watch,Electronics,South,Debit Card,Express,3,40653.7,0.05,115863.05,14753.42,3.6,Delivered
ORD102901,2025-03-13,CUST1457,Power Bank,Electronics,North,COD,Same Day,1,33823.84,0.0,33823.84,7890.09,3.8,Delivered
ORD102566,2025-03-13,CUST1230,Denim Jacket,Fashion,South,Credit Card,Express,1,4540.66,0.15,3859.56,194.77,4.1,Delivered
ORD101011,2025-03-13,CUST1314,Running Shoes,Fashion,West,Credit Card,Standard,1,4773.14,0.05,4534.49,1756.81,3.5,Delivered
ORD100715,2025-03-13,CUST1596,Laptop Stand,Electronics,North,Net Banking,Express,1,48272.26,0.0,48272.26,17630.49,3.8,Delivered
ORD102982,2025-03-14,CUST1568,Dumbbells,Sports,Central,Net Banking,Standard,1,1445.82,0.0,1445.82,380.45,4.0,Delivered
ORD103036,2025-03-14,CUST1207,Wireless Headphones,Electronics,Central,Debit Card,Same Day,1,28469.25,0.0,28469.25,12510.53,3.9,Delivered
ORD103056,2025-03-14,CUST1086,Resistance Bands,Sports,North,Debit Card,Standard,1,1009.92,0.0,1009.92,394.24,3.5,Delivered
ORD102534,2025-03-14,CUST1150,Resistance Bands,Sports,Central,Credit Card,Standard,3,8803.45,0.05,25089.83,4192.35,4.9,Delivered
ORD100685,2025-03-14,CUST1344,Face Serum,Beauty,Central,UPI,Standard,4,1236.7,0.15,4204.78,1369.83,4.0,Delivered
ORD100595,2025-03-14,CUST1329,Coffee Maker,Home & Kitchen,Central,UPI,Standard,1,2710.8,0.15,2304.18,320.46,4.5,Delivered
ORD101283,2025-03-14,CUST1454,Casual Sneakers,Fashion,East,UPI,Same Day,2,876.99,0.25,1315.49,7.62,4.9,Delivered
ORD101259,2025-03-14,CUST1417,Dumbbells,Sports,East,Net Banking,Express,1,3083.76,0.25,2312.82,574.47,3.7,Delivered
ORD100851,2025-03-14,CUST1340,Laptop Stand,Electronics,Central,Credit Card,Standard,2,42946.51,0.0,85893.02,14416.66,4.2,Delivered
ORD101086,2025-03-14,CUST1129,Casual Sneakers,Fashion,Central,Credit Card,Standard,1,933.76,0.0,933.76,233.84,3.1,Delivered
ORD102295,2025-03-14,CUST1123,Casual Sneakers,Fashion,South,UPI,Express,2,1948.99,0.25,2923.48,554.13,4.4,Delivered
ORD102496,2025-03-14,CUST1513,Backpack,Fashion,North,Debit Card,Standard,1,4940.41,0.1,4446.37,1255.9,4.5,Delivered
ORD100859,2025-03-14,CUST1582,Makeup Set,Beauty,West,UPI,Standard,4,1101.23,0.0,4404.92,1250.6,3.1,Delivered
ORD102570,2025-03-14,CUST1078,Cricket Bat,Sports,North,UPI,Standard,5,3100.92,0.05,14729.36,2092.8,3.5,Delivered
ORD100427,2025-03-15,CUST1093,Makeup Set,Beauty,North,Credit Card,Express,3,6443.27,0.1,17396.83,1687.74,4.2,Returned
ORD103299,2025-03-15,CUST1389,Wireless Headphones,Electronics,Central,Debit Card,Express,2,18295.97,0.15,31103.16,9119.7,3.7,Delivered
ORD100550,2025-03-15,CUST1195,Cricket Bat,Sports,Central,Credit Card,Same Day,1,11183.41,0.05,10624.24,3913.8,3.0,Delivered
ORD100471,2025-03-15,CUST1557,Wireless Headphones,Electronics,West,Debit Card,Standard,2,34664.13,0.05,65861.85,16148.12,5.0,Delivered
ORD101198,2025-03-15,CUST1181,Running Shoes,Fashion,East,COD,Same Day,1,3560.99,0.15,3026.84,463.28,2.9,Delivered
ORD102092,2025-03-16,CUST1317,T-Shirt,Fashion,North,Net Banking,Standard,1,2983.37,0.2,2386.7,637.39,3.8,Delivered
ORD100653,2025-03-16,CUST1586,Running Shoes,Fashion,North,Net Banking,Same Day,3,3330.58,0.05,9492.16,3983.83,4.5,Delivered
ORD102531,2025-03-16,CUST1426,Air Fryer,Home & Kitchen,West,Credit Card,Express,3,9309.34,0.1,25135.21,1826.79,3.8,Delivered
ORD101748,2025-03-16,CUST1541,Smart Watch,Electronics,West,COD,Standard,1,39696.11,0.0,39696.11,6947.56,3.8,Delivered
ORD100102,2025-03-16,CUST1094,Backpack,Fashion,East,Credit Card,Standard,1,1925.8,0.1,1733.22,154.34,3.9,Delivered
ORD102544,2025-03-16,CUST1356,T-Shirt,Fashion,East,Debit Card,Standard,3,3513.47,0.15,8959.35,1763.22,3.1,Delivered
ORD100091,2025-03-16,CUST1178,Mixer Grinder,Home & Kitchen,East,COD,Same Day,4,8971.46,0.0,35885.84,9719.8,2.8,Delivered
ORD102934,2025-03-17,CUST1367,Running Shoes,Fashion,Central,COD,Same Day,1,3706.95,0.05,3521.6,438.74,4.3,Delivered
ORD101333,2025-03-17,CUST1143,Skincare Kit,Beauty,East,Credit Card,Express,1,3824.71,0.05,3633.48,712.65,4.2,Delivered
ORD100290,2025-03-17,CUST1068,Wireless Headphones,Electronics,South,Credit Card,Standard,3,48195.79,0.15,122899.27,41318.61,4.5,Delivered
ORD101218,2025-03-18,CUST1241,Casual Sneakers,Fashion,South,Credit Card,Standard,1,1948.49,0.0,1948.49,417.64,4.3,Delivered
ORD101000,2025-03-18,CUST1416,Power Bank,Electronics,East,Credit Card,Express,1,20682.14,0.25,15511.6,-188.03,3.2,Delivered
ORD102160,2025-03-18,CUST1078,Cookware Set,Home & Kitchen,South,UPI,Standard,1,8213.07,0.05,7802.41,2437.27,2.8,Delivered
ORD100226,2025-03-18,CUST1066,Resistance Bands,Sports,North,Credit Card,Express,1,2971.87,0.0,2971.87,545.56,3.9,Returned
ORD102747,2025-03-18,CUST1273,Resistance Bands,Sports,Central,Credit Card,Standard,1,6678.58,0.05,6344.65,889.94,4.4,Delivered
ORD100335,2025-03-18,CUST1435,Coffee Maker,Home & Kitchen,Central,Credit Card,Standard,3,15029.34,0.1,40579.22,9105.56,4.6,Delivered
ORD100836,2025-03-18,CUST1455,Bluetooth Speaker,Electronics,South,Net Banking,Standard,2,17637.63,0.0,35275.26,8749.96,4.1,Delivered
ORD103245,2025-03-19,CUST1514,Laptop Stand,Electronics,West,Credit Card,Express,2,54898.28,0.05,104306.73,12335.39,4.2,Delivered
ORD102683,2025-03-19,CUST1550,Casual Sneakers,Fashion,South,COD,Standard,1,8142.0,0.2,6513.6,659.18,5.0,Delivered
ORD100884,2025-03-20,CUST1230,Makeup Set,Beauty,North,COD,Standard,1,4330.69,0.15,3681.09,947.42,4.6,Delivered
ORD103197,2025-03-20,CUST1465,Wireless Headphones,Electronics,West,COD,Standard,3,23328.77,0.05,66487.0,18986.52,1.9,Delivered
ORD102158,2025-03-20,CUST1314,Laptop Stand,Electronics,South,Debit Card,Standard,1,19845.5,0.25,14884.12,898.16,3.2,Delivered
ORD101573,2025-03-20,CUST1469,T-Shirt,Fashion,South,COD,Express,1,8974.17,0.1,8076.75,1960.56,4.4,Returned
ORD103009,2025-03-20,CUST1023,Backpack,Fashion,South,Credit Card,Standard,3,3228.29,0.0,9684.86,3030.12,4.3,Delivered
ORD101425,2025-03-21,CUST1055,Air Fryer,Home & Kitchen,East,UPI,Same Day,3,3920.13,0.0,11760.39,5233.46,5.0,Delivered
ORD103077,2025-03-21,CUST1055,Hair Dryer,Beauty,North,Net Banking,Standard,1,4870.4,0.05,4626.88,908.59,3.7,Delivered
ORD103207,2025-03-21,CUST1198,Running Shoes,Fashion,North,Net Banking,Standard,2,1385.97,0.1,2494.74,854.1,3.6,Delivered
ORD103400,2025-03-21,CUST1023,Mixer Grinder,Home & Kitchen,Central,Debit Card,Express,4,9832.03,0.15,33428.92,2222.87,3.6,Delivered
ORD100165,2025-03-21,CUST1271,Storage Organizer,Home & Kitchen,South,Debit Card,Same Day,1,4405.27,0.0,4405.27,1831.38,2.9,Returned
ORD100513,2025-03-22,CUST1294,Laptop Stand,Electronics,West,COD,Express,1,4404.91,0.0,4404.91,1316.8,3.4,Returned
ORD101964,2025-03-22,CUST1119,Smart Watch,Electronics,South,UPI,Standard,1,6747.98,0.1,6073.18,1599.46,4.2,Delivered
ORD100740,2025-03-22,CUST1202,Skincare Kit,Beauty,East,Debit Card,Standard,1,3260.23,0.2,2608.19,294.66,3.5,Delivered
ORD101842,2025-03-22,CUST1341,Yoga Mat,Sports,North,COD,Same Day,2,5045.07,0.05,9585.63,1564.51,4.0,Delivered
ORD102195,2025-03-22,CUST1039,Air Fryer,Home & Kitchen,North,Debit Card,Standard,1,5398.87,0.25,4049.15,-383.1,5.0,Delivered
ORD101534,2025-03-22,CUST1013,Denim Jacket,Fashion,West,Net Banking,Express,3,8887.94,0.05,25330.62,3614.38,3.4,Delivered
ORD102872,2025-03-23,CUST1564,Resistance Bands,Sports,West,Credit Card,Standard,5,3032.04,0.1,13644.18,2854.63,3.4,Delivered
ORD101963,2025-03-23,CUST1180,Skincare Kit,Beauty,East,Net Banking,Standard,1,787.05,0.25,590.28,142.86,5.0,Cancelled
ORD103454,2025-03-23,CUST1258,Face Serum,Beauty,South,Net Banking,Express,2,2104.32,0.05,3998.21,812.11,3.2,Delivered
ORD103081,2025-03-24,CUST1212,Backpack,Fashion,South,Credit Card,Express,3,4492.99,0.1,12131.06,2629.99,3.2,Delivered
ORD100866,2025-03-24,CUST1100,Casual Sneakers,Fashion,North,Credit Card,Standard,3,8911.28,0.2,21387.07,-800.86,4.3,Returned
ORD103363,2025-03-24,CUST1335,Air Fryer,Home & Kitchen,West,COD,Standard,1,2449.89,0.1,2204.9,376.99,5.0,Delivered
ORD100848,2025-03-24,CUST1461,Denim Jacket,Fashion,North,Net Banking,Express,1,1409.78,0.1,1268.8,141.99,5.0,Delivered
ORD102515,2025-03-24,CUST1067,Bluetooth Speaker,Electronics,Central,UPI,Express,1,13260.56,0.05,12597.53,2774.04,4.1,Delivered
ORD102337,2025-03-24,CUST1021,Running Shoes,Fashion,East,Debit Card,Standard,1,4495.04,0.2,3596.03,92.7,3.3,Delivered
ORD102983,2025-03-25,CUST1338,Perfume,Beauty,East,UPI,Standard,4,2832.66,0.0,11330.63,4856.28,3.2,Delivered
ORD100148,2025-03-25,CUST1600,Laptop Stand,Electronics,West,Net Banking,Standard,2,24469.54,0.1,44045.17,13596.72,3.2,Delivered
ORD101230,2025-03-25,CUST1552,Mixer Grinder,Home & Kitchen,South,Credit Card,Standard,2,16203.39,0.05,30786.44,7319.06,3.5,Delivered
ORD102287,2025-03-25,CUST1367,Hair Dryer,Beauty,East,Net Banking,Same Day,1,6358.02,0.05,6040.12,1573.55,4.2,Delivered
ORD102944,2025-03-25,CUST1021,Bluetooth Speaker,Electronics,South,Net Banking,Express,2,12191.99,0.0,24383.97,7469.55,3.7,Delivered
ORD101263,2025-03-25,CUST1143,Denim Jacket,Fashion,Central,UPI,Standard,2,2983.34,0.05,5668.34,1265.04,5.0,Delivered
ORD103168,2025-03-25,CUST1271,Bluetooth Speaker,Electronics,Central,COD,Standard,1,18117.7,0.1,16305.93,1746.53,4.2,Delivered
ORD101024,2025-03-25,CUST1481,Makeup Set,Beauty,South,Net Banking,Express,2,3956.21,0.0,7912.43,3363.85,3.5,Delivered
ORD101586,2025-03-26,CUST1499,Skincare Kit,Beauty,North,Net Banking,Express,3,4310.94,0.0,12932.83,3940.12,4.2,Delivered
ORD102325,2025-03-26,CUST1321,Bluetooth Speaker,Electronics,East,UPI,Standard,1,32556.04,0.05,30928.24,10524.54,4.9,Delivered
ORD102371,2025-03-26,CUST1284,Cookware Set,Home & Kitchen,North,COD,Standard,1,10678.72,0.1,9610.85,3431.97,3.8,Delivered
ORD100027,2025-03-26,CUST1055,Bluetooth Speaker,Electronics,South,Debit Card,Express,2,48379.27,0.1,87082.68,30997.57,3.4,Delivered
ORD102333,2025-03-26,CUST1147,Denim Jacket,Fashion,West,Net Banking,Express,1,3010.7,0.0,3010.7,685.66,4.0,Delivered
ORD101922,2025-03-27,CUST1045,Makeup Set,Beauty,North,Net Banking,Express,2,6422.92,0.1,11561.26,2438.33,3.6,Delivered
ORD100793,2025-03-27,CUST1057,Running Shoes,Fashion,South,UPI,Express,5,3322.79,0.1,14952.56,1773.02,4.0,Delivered
ORD100432,2025-03-27,CUST1422,T-Shirt,Fashion,West,Credit Card,Standard,1,1116.41,0.0,1116.41,283.03,3.3,Delivered
ORD101602,2025-03-27,CUST1146,Smart Watch,Electronics,South,Debit Card,Standard,1,34627.92,0.05,32896.52,12267.23,3.9,Delivered
ORD100301,2025-03-27,CUST1350,Wireless Headphones,Electronics,West,Net Banking,Standard,1,45716.02,0.05,43430.22,17358.38,3.3,Delivered
ORD100523,2025-03-27,CUST1172,Cricket Bat,Sports,North,Net Banking,Standard,5,8291.75,0.05,39385.79,11338.61,3.3,Delivered
ORD100604,2025-03-27,CUST1047,Football,Sports,Central,Credit Card,Same Day,1,2893.57,0.05,2748.89,938.15,4.3,Delivered
ORD101986,2025-03-28,CUST1128,Football,Sports,South,COD,Same Day,1,8339.72,0.15,7088.76,1946.14,4.6,Delivered
ORD102080,2025-03-28,CUST1324,T-Shirt,Fashion,East,COD,Standard,2,2258.52,0.2,3613.63,749.72,4.0,Cancelled
ORD102609,2025-03-28,CUST1369,T-Shirt,Fashion,South,Net Banking,Standard,2,490.48,0.05,931.91,385.16,4.5,Delivered
ORD100037,2025-03-28,CUST1080,T-Shirt,Fashion,West,Debit Card,Express,2,2025.86,0.05,3849.14,1221.19,5.0,Delivered
ORD101039,2025-03-28,CUST1522,Storage Organizer,Home & Kitchen,Central,Net Banking,Same Day,4,4674.79,0.2,14959.34,2463.79,3.8,Delivered
ORD102423,2025-03-28,CUST1582,Mixer Grinder,Home & Kitchen,North,Credit Card,Standard,1,10902.42,0.2,8721.93,2219.53,4.2,Delivered
ORD102405,2025-03-29,CUST1089,Resistance Bands,Sports,West,UPI,Standard,1,11899.01,0.15,10114.16,3101.17,3.3,Delivered
ORD103066,2025-03-29,CUST1062,Casual Sneakers,Fashion,South,Credit Card,Express,2,5483.12,0.1,9869.62,1010.37,3.3,Delivered
ORD100333,2025-03-29,CUST1396,Casual Sneakers,Fashion,West,UPI,Express,4,1593.44,0.0,6373.77,1221.59,4.4,Delivered
ORD100481,2025-03-29,CUST1054,Coffee Maker,Home & Kitchen,Central,COD,Standard,2,10104.11,0.1,18187.4,2538.38,5.0,Delivered
ORD101970,2025-03-29,CUST1357,Backpack,Fashion,Central,Net Banking,Standard,1,3700.06,0.0,3700.06,1107.61,3.6,Delivered
ORD100552,2025-03-29,CUST1459,Denim Jacket,Fashion,South,Net Banking,Standard,4,8916.02,0.1,32097.68,4694.14,4.4,Delivered
ORD103439,2025-03-29,CUST1581,Coffee Maker,Home & Kitchen,East,Net Banking,Same Day,1,5079.1,0.05,4825.15,681.95,3.1,Delivered
ORD100387,2025-03-30,CUST1107,Perfume,Beauty,North,UPI,Express,2,4996.45,0.15,8493.97,1655.34,4.0,Delivered
ORD102821,2025-03-30,CUST1590,Mixer Grinder,Home & Kitchen,Central,COD,Same Day,1,15675.42,0.1,14107.88,951.66,4.6,Delivered
ORD102454,2025-03-30,CUST1409,Coffee Maker,Home & Kitchen,East,COD,Standard,1,13138.42,0.05,12481.5,1580.87,4.8,Delivered
ORD100544,2025-03-30,CUST1248,Denim Jacket,Fashion,East,Credit Card,Standard,1,8130.18,0.0,8130.18,2461.0,4.4,Delivered
ORD100100,2025-03-31,CUST1268,Mixer Grinder,Home & Kitchen,South,Net Banking,Same Day,1,10031.85,0.05,9530.26,2491.79,4.2,Delivered
ORD100083,2025-03-31,CUST1185,Makeup Set,Beauty,North,Debit Card,Standard,3,2546.26,0.15,6492.97,1063.48,4.7,Delivered
ORD103380,2025-03-31,CUST1190,Power Bank,Electronics,West,Debit Card,Express,1,26695.74,0.2,21356.59,5678.19,5.0,Delivered
ORD102245,2025-03-31,CUST1013,Bluetooth Speaker,Electronics,East,Debit Card,Express,4,35437.1,0.0,141748.41,57424.31,4.0,Delivered
ORD100581,2025-03-31,CUST1171,Storage Organizer,Home & Kitchen,Central,COD,Standard,3,11004.45,0.0,33013.35,10894.19,4.2,Delivered
ORD102285,2025-03-31,CUST1371,Hair Dryer,Beauty,North,Debit Card,Express,1,2637.67,0.15,2242.02,647.07,3.4,Delivered
ORD100089,2025-03-31,CUST1546,Coffee Maker,Home & Kitchen,South,UPI,Express,1,3079.52,0.05,2925.55,1005.23,4.3,Delivered
ORD103126,2025-03-31,CUST1472,Casual Sneakers,Fashion,North,UPI,Same Day,1,1054.0,0.0,1054.0,401.19,3.9,Delivered
ORD101932,2025-04-01,CUST1200,Casual Sneakers,Fashion,North,COD,Express,2,5496.23,0.05,10442.83,1799.2,4.8,Delivered
ORD101864,2025-04-01,CUST1164,Cricket Bat,Sports,North,Debit Card,Standard,1,1565.47,0.1,1408.92,139.92,3.9,Delivered
ORD102862,2025-04-01,CUST1456,T-Shirt,Fashion,North,UPI,Same Day,3,8193.25,0.2,19663.81,3100.1,3.6,Delivered
ORD102789,2025-04-01,CUST1497,Football,Sports,Central,Credit Card,Express,1,5084.63,0.0,5084.63,1364.01,3.2,Returned
ORD101096,2025-04-01,CUST1540,Coffee Maker,Home & Kitchen,North,Credit Card,Express,1,3687.56,0.1,3318.81,1221.58,3.5,Delivered
ORD103229,2025-04-01,CUST1189,Backpack,Fashion,South,Net Banking,Standard,2,4506.75,0.0,9013.49,1836.28,4.6,Returned
ORD103189,2025-04-01,CUST1302,Running Shoes,Fashion,North,Debit Card,Express,1,4871.01,0.05,4627.46,964.54,5.0,Delivered
ORD100610,2025-04-01,CUST1002,Storage Organizer,Home & Kitchen,West,Debit Card,Express,1,13179.65,0.15,11202.7,3657.85,3.8,Delivered
ORD103147,2025-04-02,CUST1481,Wireless Headphones,Electronics,North,Credit Card,Standard,1,42000.82,0.1,37800.74,13284.89,4.0,Delivered
ORD103050,2025-04-02,CUST1334,Cricket Bat,Sports,North,Debit Card,Standard,1,1609.45,0.0,1609.45,708.06,3.8,Delivered
ORD101079,2025-04-02,CUST1176,Bluetooth Speaker,Electronics,Central,COD,Standard,3,19227.41,0.2,46145.79,1087.2,3.4,Delivered
ORD100815,2025-04-02,CUST1166,Casual Sneakers,Fashion,South,Credit Card,Standard,3,6355.11,0.05,18112.06,4476.41,4.1,Delivered
ORD100588,2025-04-02,CUST1590,Smart Watch,Electronics,West,Credit Card,Standard,3,23789.24,0.0,71367.73,20054.28,4.0,Delivered
ORD101649,2025-04-02,CUST1328,Storage Organizer,Home & Kitchen,West,Credit Card,Express,1,3258.43,0.25,2443.82,-66.9,3.6,Delivered
ORD102783,2025-04-03,CUST1104,Wireless Headphones,Electronics,South,Credit Card,Standard,5,4298.35,0.0,21491.77,4515.23,3.5,Delivered
ORD101085,2025-04-03,CUST1367,Hair Dryer,Beauty,West,Net Banking,Standard,1,2287.38,0.2,1829.91,21.48,4.7,Delivered
ORD102703,2025-04-03,CUST1118,Laptop Stand,Electronics,South,UPI,Standard,1,47669.73,0.05,45286.25,14243.51,3.3,Delivered
ORD100867,2025-04-03,CUST1086,Running Shoes,Fashion,North,Debit Card,Same Day,2,4889.25,0.15,8311.72,1869.78,3.4,Delivered
ORD101658,2025-04-03,CUST1083,Coffee Maker,Home & Kitchen,East,COD,Standard,1,2538.34,0.0,2538.34,881.08,4.7,Delivered
ORD101015,2025-04-03,CUST1477,Air Fryer,Home & Kitchen,South,Net Banking,Standard,1,13797.96,0.05,13108.06,3966.96,3.3,Delivered
ORD100962,2025-04-04,CUST1354,Storage Organizer,Home & Kitchen,West,COD,Standard,1,5771.41,0.0,5771.41,1471.71,4.7,Delivered
ORD102456,2025-04-04,CUST1131,Running Shoes,Fashion,North,Debit Card,Standard,1,1015.63,0.15,863.29,46.08,3.7,Delivered
ORD100018,2025-04-04,CUST1407,Backpack,Fashion,North,Debit Card,Standard,1,3620.31,0.15,3077.26,1068.02,3.8,Delivered
ORD101968,2025-04-04,CUST1332,T-Shirt,Fashion,Central,Net Banking,Express,1,6257.97,0.0,6257.97,2428.13,4.0,Delivered
ORD101124,2025-04-04,CUST1236,Bluetooth Speaker,Electronics,Central,Credit Card,Same Day,1,22550.66,0.1,20295.59,5317.26,3.9,Delivered
ORD100512,2025-04-04,CUST1414,Resistance Bands,Sports,North,Debit Card,Standard,3,5755.69,0.2,13813.66,1762.71,4.8,Delivered
ORD100458,2025-04-04,CUST1059,Laptop Stand,Electronics,North,Credit Card,Standard,2,42798.34,0.1,77037.02,7427.24,5.0,Delivered
ORD101960,2025-04-04,CUST1540,Casual Sneakers,Fashion,South,Debit Card,Express,1,1216.29,0.1,1094.66,335.37,5.0,Delivered
ORD102207,2025-04-04,CUST1193,Perfume,Beauty,South,COD,Standard,3,5767.76,0.1,15572.96,3882.0,4.4,Delivered
ORD102450,2025-04-04,CUST1241,Mixer Grinder,Home & Kitchen,Central,Net Banking,Same Day,2,14969.28,0.25,22453.92,4045.94,4.1,Delivered
ORD102825,2025-04-05,CUST1086,Bluetooth Speaker,Electronics,North,COD,Express,2,45271.81,0.1,81489.27,11956.57,3.6,Delivered
ORD101499,2025-04-05,CUST1300,Denim Jacket,Fashion,North,Debit Card,Express,1,5710.68,0.0,5710.68,1626.34,3.5,Delivered
ORD100092,2025-04-05,CUST1591,Skincare Kit,Beauty,Central,UPI,Standard,1,1039.61,0.1,935.65,252.2,4.0,Delivered
ORD103458,2025-04-05,CUST1177,Cookware Set,Home & Kitchen,South,Net Banking,Standard,3,6472.6,0.0,19417.8,8202.1,3.2,Delivered
ORD101023,2025-04-05,CUST1593,Resistance Bands,Sports,South,COD,Standard,4,1979.68,0.1,7126.86,1414.73,3.9,Delivered
ORD103230,2025-04-05,CUST1414,Face Serum,Beauty,East,COD,Standard,1,5647.07,0.2,4517.65,-33.47,4.7,Delivered
ORD101143,2025-04-06,CUST1041,Laptop Stand,Electronics,South,Credit Card,Standard,1,17013.82,0.1,15312.44,4454.79,2.6,Delivered
ORD101092,2025-04-06,CUST1044,Makeup Set,Beauty,South,Net Banking,Standard,3,3181.61,0.05,9067.6,3338.57,4.6,Delivered
ORD102438,2025-04-06,CUST1596,Running Shoes,Fashion,East,Debit Card,Express,1,3436.18,0.1,3092.56,480.38,4.4,Delivered
ORD100589,2025-04-06,CUST1589,Laptop Stand,Electronics,East,Credit Card,Same Day,1,21168.28,0.05,20109.87,3161.39,3.2,Delivered
ORD101125,2025-04-06,CUST1231,Casual Sneakers,Fashion,South,UPI,Same Day,1,3251.08,0.0,3251.08,1145.56,4.6,Delivered
ORD102167,2025-04-06,CUST1496,Resistance Bands,Sports,North,UPI,Express,2,3984.45,0.15,6773.56,2308.98,4.5,Delivered
ORD101598,2025-04-07,CUST1563,Hair Dryer,Beauty,East,UPI,Same Day,2,507.79,0.1,914.03,307.43,3.5,Delivered
ORD102035,2025-04-07,CUST1406,Perfume,Beauty,South,Debit Card,Standard,1,6031.83,0.0,6031.83,966.79,5.0,Delivered
ORD100722,2025-04-07,CUST1496,Air Fryer,Home & Kitchen,North,Debit Card,Express,1,2987.34,0.05,2837.97,788.26,4.4,Delivered
ORD100774,2025-04-07,CUST1020,Laptop Stand,Electronics,West,Net Banking,Standard,1,13992.6,0.0,13992.6,4436.14,3.7,Delivered
ORD100360,2025-04-07,CUST1327,Coffee Maker,Home & Kitchen,East,Net Banking,Express,1,15891.52,0.1,14302.37,4152.23,3.8,Delivered
ORD101843,2025-04-07,CUST1269,Casual Sneakers,Fashion,East,Credit Card,Express,2,7844.62,0.1,14120.32,1291.23,4.6,Delivered
ORD100864,2025-04-07,CUST1347,Skincare Kit,Beauty,West,Net Banking,Standard,2,1276.98,0.05,2426.27,360.65,4.6,Delivered
ORD101862,2025-04-08,CUST1350,Wireless Headphones,Electronics,Central,Credit Card,Standard,3,34024.18,0.05,96968.91,22878.57,4.1,Delivered
ORD100476,2025-04-08,CUST1387,Power Bank,Electronics,East,Credit Card,Same Day,2,33561.66,0.1,60410.99,5104.95,4.2,Delivered
ORD101883,2025-04-08,CUST1229,Laptop Stand,Electronics,North,UPI,Express,1,40859.23,0.2,32687.38,8366.58,3.9,Delivered
ORD103315,2025-04-08,CUST1152,Smart Watch,Electronics,Central,Net Banking,Express,4,54981.76,0.0,219927.05,85866.23,4.0,Delivered
ORD103155,2025-04-08,CUST1510,Cookware Set,Home & Kitchen,South,COD,Same Day,1,9047.46,0.05,8595.09,3476.57,4.6,Delivered
ORD102620,2025-04-08,CUST1139,Laptop Stand,Electronics,North,Debit Card,Express,1,47230.7,0.05,44869.17,18643.92,4.7,Delivered
ORD101656,2025-04-08,CUST1558,Coffee Maker,Home & Kitchen,North,Debit Card,Standard,1,12245.71,0.1,11021.14,1661.22,4.0,Delivered
ORD101162,2025-04-08,CUST1094,Storage Organizer,Home & Kitchen,South,COD,Express,1,9926.52,0.1,8933.87,1434.62,3.1,Delivered
ORD102148,2025-04-08,CUST1585,Storage Organizer,Home & Kitchen,South,Debit Card,Standard,2,8011.62,0.1,14420.91,3132.97,3.0,Delivered
ORD100296,2025-04-09,CUST1413,Running Shoes,Fashion,West,UPI,Express,1,8478.32,0.0,8478.32,3424.61,4.4,Delivered
ORD101547,2025-04-09,CUST1376,Face Serum,Beauty,East,UPI,Standard,1,2199.1,0.15,1869.24,276.11,4.2,Delivered
ORD100855,2025-04-09,CUST1495,Backpack,Fashion,West,COD,Express,3,434.93,0.25,978.59,146.95,3.7,Delivered
ORD100649,2025-04-09,CUST1234,Mixer Grinder,Home & Kitchen,West,UPI,Standard,3,15667.17,0.05,44651.45,15841.36,3.8,Delivered
ORD102918,2025-04-09,CUST1589,Resistance Bands,Sports,North,Debit Card,Standard,1,3875.09,0.0,3875.09,660.8,3.6,Delivered
ORD103333,2025-04-09,CUST1373,Yoga Mat,Sports,North,Debit Card,Standard,1,6186.93,0.15,5258.89,799.46,4.1,Delivered
ORD100779,2025-04-10,CUST1507,Makeup Set,Beauty,West,Credit Card,Standard,1,2067.84,0.15,1757.66,165.45,3.8,Delivered
ORD100559,2025-04-10,CUST1357,Skincare Kit,Beauty,Central,Debit Card,Standard,2,5799.09,0.0,11598.17,2403.43,4.2,Delivered
ORD101895,2025-04-10,CUST1020,Air Fryer,Home & Kitchen,North,UPI,Express,1,12804.15,0.1,11523.73,3359.87,4.2,Delivered
ORD102654,2025-04-10,CUST1005,Storage Organizer,Home & Kitchen,Central,Net Banking,Standard,2,13227.07,0.1,23808.72,4278.48,4.2,Delivered
ORD100881,2025-04-10,CUST1070,Coffee Maker,Home & Kitchen,North,Net Banking,Express,1,1899.09,0.1,1709.18,268.7,3.7,Delivered
ORD101157,2025-04-10,CUST1345,Wireless Headphones,Electronics,North,UPI,Express,1,4886.48,0.05,4642.16,629.48,4.1,Returned
ORD101006,2025-04-10,CUST1174,Coffee Maker,Home & Kitchen,East,UPI,Standard,2,13658.62,0.1,24585.52,2563.75,2.5,Delivered
ORD102318,2025-04-10,CUST1237,Mixer Grinder,Home & Kitchen,West,UPI,Standard,1,14083.95,0.0,14083.95,2469.29,3.8,Delivered
ORD103331,2025-04-10,CUST1140,T-Shirt,Fashion,Central,Credit Card,Standard,4,1325.04,0.1,4770.13,580.23,4.8,Delivered
ORD102672,2025-04-10,CUST1558,Storage Organizer,Home & Kitchen,Central,COD,Standard,2,12047.58,0.2,19276.13,712.88,3.9,Delivered
ORD102376,2025-04-11,CUST1549,Casual Sneakers,Fashion,Central,UPI,Express,3,8591.23,0.15,21907.64,2664.76,3.8,Delivered
ORD100145,2025-04-11,CUST1318,Skincare Kit,Beauty,West,Debit Card,Standard,1,1524.83,0.25,1143.62,-32.07,2.7,Delivered
ORD102639,2025-04-11,CUST1270,Air Fryer,Home & Kitchen,South,Debit Card,Standard,3,9200.08,0.1,24840.22,1753.98,4.7,Delivered
ORD101149,2025-04-11,CUST1158,Air Fryer,Home & Kitchen,North,COD,Standard,2,3807.25,0.05,7233.77,1923.74,4.5,Delivered
ORD102511,2025-04-11,CUST1465,Face Serum,Beauty,East,Net Banking,Standard,2,6062.36,0.0,12124.72,4095.17,4.4,Delivered
ORD101855,2025-04-11,CUST1491,Dumbbells,Sports,North,Credit Card,Standard,1,605.6,0.05,575.32,98.35,3.6,Delivered
ORD101313,2025-04-11,CUST1334,Dumbbells,Sports,South,COD,Standard,2,1573.87,0.15,2675.58,727.04,3.7,Delivered
ORD101309,2025-04-11,CUST1484,T-Shirt,Fashion,Central,UPI,Express,2,5364.34,0.1,9655.82,3264.89,5.0,Delivered
ORD101551,2025-04-11,CUST1091,Cookware Set,Home & Kitchen,West,UPI,Express,2,3309.08,0.05,6287.26,2607.24,4.4,Delivered
ORD101464,2025-04-11,CUST1567,Smart Watch,Electronics,West,Debit Card,Express,1,27244.49,0.15,23157.82,3822.36,5.0,Delivered
ORD100124,2025-04-12,CUST1500,Backpack,Fashion,South,UPI,Standard,4,8749.17,0.0,34996.69,15021.77,4.5,Delivered
ORD101126,2025-04-12,CUST1002,Perfume,Beauty,South,Debit Card,Standard,1,3203.08,0.05,3042.93,818.43,4.3,Delivered
ORD102149,2025-04-12,CUST1589,Wireless Headphones,Electronics,North,COD,Express,1,1390.83,0.05,1321.28,333.83,3.5,Delivered
ORD101400,2025-04-12,CUST1208,Denim Jacket,Fashion,East,COD,Express,1,6456.76,0.1,5811.08,1963.98,3.5,Delivered
ORD100642,2025-04-12,CUST1098,Power Bank,Electronics,South,COD,Standard,2,52710.76,0.15,89608.29,7163.57,4.7,Delivered
ORD101559,2025-04-12,CUST1379,Wireless Headphones,Electronics,Central,UPI,Same Day,4,18290.05,0.1,65844.17,5386.13,3.7,Delivered
ORD100834,2025-04-12,CUST1551,Perfume,Beauty,West,Net Banking,Standard,1,2040.38,0.2,1632.31,-11.86,4.1,Delivered
ORD100150,2025-04-13,CUST1073,Cookware Set,Home & Kitchen,East,Debit Card,Express,1,1434.63,0.25,1075.97,60.18,3.1,Returned
ORD102152,2025-04-13,CUST1035,T-Shirt,Fashion,East,Net Banking,Same Day,1,5338.12,0.25,4003.59,1014.74,4.3,Delivered
ORD100231,2025-04-13,CUST1516,Yoga Mat,Sports,South,UPI,Express,1,1408.93,0.2,1127.14,-46.19,4.6,Delivered
ORD101041,2025-04-13,CUST1378,Power Bank,Electronics,South,Debit Card,Standard,1,39280.78,0.15,33388.66,3812.55,3.7,Delivered
ORD102993,2025-04-13,CUST1208,Wireless Headphones,Electronics,North,Credit Card,Same Day,2,51901.47,0.05,98612.79,31218.87,5.0,Delivered
ORD102671,2025-04-13,CUST1190,Coffee Maker,Home & Kitchen,Central,COD,Express,1,17344.7,0.0,17344.7,6684.65,3.2,Delivered
ORD101346,2025-04-13,CUST1503,Laptop Stand,Electronics,West,COD,Standard,2,47659.64,0.05,90553.32,24822.54,3.9,Delivered
ORD100005,2025-04-14,CUST1533,T-Shirt,Fashion,East,Credit Card,Same Day,1,5958.53,0.2,4766.82,-0.89,3.9,Returned
ORD100609,2025-04-14,CUST1195,T-Shirt,Fashion,Central,Debit Card,Express,1,7569.61,0.05,7191.13,1173.71,4.0,Delivered
ORD100036,2025-04-14,CUST1019,Power Bank,Electronics,North,UPI,Standard,2,39634.82,0.1,71342.68,14713.68,4.3,Delivered
ORD101705,2025-04-14,CUST1275,Wireless Headphones,Electronics,East,Credit Card,Express,4,43531.21,0.0,174124.85,50138.72,3.5,Delivered
ORD103378,2025-04-14,CUST1357,Denim Jacket,Fashion,East,UPI,Express,1,6532.33,0.05,6205.71,1558.1,3.7,Delivered
ORD103338,2025-04-14,CUST1039,Football,Sports,South,UPI,Standard,3,10773.51,0.05,30704.5,6801.06,3.8,Delivered
ORD101291,2025-04-14,CUST1595,Smart Watch,Electronics,Central,Net Banking,Same Day,2,50746.69,0.15,86269.38,28268.49,4.2,Delivered
ORD101246,2025-04-15,CUST1460,Storage Organizer,Home & Kitchen,North,COD,Standard,1,7657.57,0.2,6126.06,152.59,3.7,Delivered
ORD102868,2025-04-15,CUST1016,T-Shirt,Fashion,North,COD,Standard,1,8707.4,0.1,7836.66,2517.62,4.7,Delivered
ORD103106,2025-04-15,CUST1523,Football,Sports,South,Credit Card,Standard,1,5675.67,0.0,5675.67,1263.85,5.0,Delivered
ORD102097,2025-04-15,CUST1408,Cookware Set,Home & Kitchen,South,UPI,Same Day,1,4854.69,0.05,4611.95,1369.16,3.9,Delivered
ORD102331,2025-04-15,CUST1093,Cookware Set,Home & Kitchen,North,Net Banking,Standard,3,16907.18,0.1,45649.38,16495.52,3.8,Delivered
ORD100667,2025-04-15,CUST1109,Storage Organizer,Home & Kitchen,South,Net Banking,Express,2,13031.21,0.1,23456.17,4899.96,3.0,Delivered
ORD101418,2025-04-15,CUST1507,Football,Sports,South,COD,Express,1,748.69,0.2,598.95,132.15,5.0,Delivered
ORD102481,2025-04-15,CUST1475,T-Shirt,Fashion,South,Debit Card,Standard,3,4856.21,0.05,13840.2,4705.23,3.2,Delivered
ORD102197,2025-04-15,CUST1461,Yoga Mat,Sports,South,Net Banking,Express,1,558.21,0.1,502.39,68.65,2.4,Delivered
ORD101485,2025-04-16,CUST1031,Cookware Set,Home & Kitchen,Central,Debit Card,Express,1,8820.22,0.2,7056.18,366.2,3.8,Returned
ORD103263,2025-04-16,CUST1520,T-Shirt,Fashion,South,Credit Card,Standard,1,8200.25,0.15,6970.21,1757.54,4.9,Delivered
ORD102846,2025-04-16,CUST1336,Dumbbells,Sports,Central,COD,Express,1,7479.15,0.2,5983.32,1669.68,3.8,Delivered
ORD101588,2025-04-16,CUST1083,Dumbbells,Sports,East,COD,Standard,1,3909.14,0.05,3713.68,935.78,5.0,Delivered
ORD101734,2025-04-16,CUST1226,Perfume,Beauty,West,Credit Card,Same Day,4,6695.58,0.05,25443.19,10518.3,4.1,Returned
ORD100828,2025-04-17,CUST1029,Perfume,Beauty,West,COD,Express,2,2161.41,0.0,4322.83,1343.76,3.2,Delivered
ORD102902,2025-04-17,CUST1186,Smart Watch,Electronics,West,COD,Express,1,3192.03,0.15,2713.23,131.64,4.4,Delivered
ORD102905,2025-04-17,CUST1551,Perfume,Beauty,West,Credit Card,Express,1,6434.57,0.1,5791.11,2248.03,3.6,Delivered
ORD101520,2025-04-17,CUST1529,Resistance Bands,Sports,West,Net Banking,Same Day,1,10367.19,0.15,8812.11,1495.65,3.6,Delivered
ORD100426,2025-04-17,CUST1302,Backpack,Fashion,Central,COD,Standard,1,3731.46,0.0,3731.46,1015.04,4.9,Delivered
ORD102600,2025-04-17,CUST1124,Running Shoes,Fashion,East,Debit Card,Express,4,1064.69,0.0,4258.75,1806.79,3.5,Delivered
ORD101508,2025-04-17,CUST1430,Skincare Kit,Beauty,Central,Net Banking,Standard,2,426.9,0.1,768.42,135.59,3.9,Delivered
ORD101279,2025-04-18,CUST1044,T-Shirt,Fashion,South,Credit Card,Express,5,3144.59,0.2,12578.37,1625.74,4.6,Delivered
ORD103455,2025-04-18,CUST1546,Backpack,Fashion,West,Debit Card,Standard,3,8153.26,0.15,20790.82,899.5,2.9,Returned
ORD102557,2025-04-18,CUST1362,T-Shirt,Fashion,West,UPI,Standard,1,8790.32,0.0,8790.32,2741.71,3.8,Delivered
ORD101324,2025-04-18,CUST1300,Storage Organizer,Home & Kitchen,Central,UPI,Standard,2,3898.28,0.0,7796.55,1329.6,3.7,Delivered
ORD101733,2025-04-18,CUST1119,Mixer Grinder,Home & Kitchen,East,Credit Card,Express,1,16006.53,0.25,12004.9,-1010.23,3.0,Cancelled
ORD103119,2025-04-19,CUST1043,Storage Organizer,Home & Kitchen,South,Debit Card,Standard,3,9164.26,0.05,26118.14,6287.38,3.8,Delivered
ORD100503,2025-04-19,CUST1268,Smart Watch,Electronics,East,UPI,Standard,2,20588.96,0.05,39119.02,7538.17,4.7,Delivered
ORD103462,2025-04-19,CUST1205,Casual Sneakers,Fashion,North,Net Banking,Standard,1,4908.99,0.05,4663.54,1160.38,5.0,Delivered
ORD102817,2025-04-19,CUST1550,Makeup Set,Beauty,North,Debit Card,Express,1,4284.24,0.2,3427.39,661.58,3.2,Delivered
ORD100491,2025-04-19,CUST1453,Cookware Set,Home & Kitchen,Central,Debit Card,Standard,2,4139.54,0.15,7037.22,1642.12,4.6,Returned
ORD101213,2025-04-19,CUST1294,Football,Sports,West,Net Banking,Standard,2,6674.23,0.15,11346.19,2528.97,4.5,Delivered
ORD103339,2025-04-19,CUST1511,Cricket Bat,Sports,West,Net Banking,Express,1,11474.29,0.0,11474.29,2936.6,4.4,Delivered
ORD103469,2025-04-19,CUST1420,Casual Sneakers,Fashion,South,COD,Express,2,962.27,0.0,1924.55,417.16,4.4,Delivered
ORD101022,2025-04-20,CUST1324,Perfume,Beauty,Central,Debit Card,Same Day,3,6488.93,0.1,17520.1,3132.2,3.8,Delivered
ORD102755,2025-04-21,CUST1078,Football,Sports,East,Credit Card,Standard,3,1898.49,0.15,4841.16,1496.61,5.0,Delivered
ORD102878,2025-04-21,CUST1346,Coffee Maker,Home & Kitchen,North,Net Banking,Standard,2,10152.26,0.2,16243.62,2912.64,3.5,Cancelled
ORD102796,2025-04-21,CUST1089,Hair Dryer,Beauty,North,COD,Standard,1,2307.22,0.1,2076.5,221.44,3.2,Delivered
ORD102104,2025-04-21,CUST1366,Casual Sneakers,Fashion,West,Debit Card,Same Day,1,984.83,0.0,984.83,192.6,4.6,Delivered
ORD102389,2025-04-22,CUST1171,Power Bank,Electronics,North,UPI,Same Day,3,8897.28,0.15,22688.06,7193.19,4.2,Delivered
ORD100920,2025-04-22,CUST1433,Mixer Grinder,Home & Kitchen,West,UPI,Same Day,1,16553.42,0.05,15725.75,6309.5,4.6,Delivered
ORD103159,2025-04-22,CUST1134,Air Fryer,Home & Kitchen,West,UPI,Standard,2,12348.26,0.1,22226.86,7271.15,4.6,Delivered
ORD100557,2025-04-23,CUST1319,Football,Sports,South,Net Banking,Same Day,1,5539.51,0.15,4708.58,867.68,4.8,Delivered
ORD103417,2025-04-23,CUST1013,Backpack,Fashion,North,UPI,Same Day,1,732.36,0.0,732.36,241.15,5.0,Delivered
ORD100395,2025-04-23,CUST1558,Denim Jacket,Fashion,Central,Net Banking,Same Day,1,8521.3,0.1,7669.17,1538.54,4.2,Delivered
ORD101244,2025-04-23,CUST1418,Power Bank,Electronics,Central,UPI,Express,3,24884.53,0.05,70920.9,12279.64,2.6,Delivered
ORD101897,2025-04-23,CUST1236,Mixer Grinder,Home & Kitchen,South,Net Banking,Same Day,1,2057.57,0.15,1748.93,159.06,3.8,Delivered
ORD101942,2025-04-23,CUST1554,Face Serum,Beauty,North,Net Banking,Express,1,2554.42,0.15,2171.26,88.42,4.7,Delivered
ORD102385,2025-04-23,CUST1489,Smart Watch,Electronics,East,Credit Card,Express,1,6446.68,0.2,5157.34,-185.25,4.3,Delivered
ORD101657,2025-04-23,CUST1074,T-Shirt,Fashion,East,COD,Standard,1,7216.62,0.2,5773.3,815.59,2.8,Delivered
ORD101407,2025-04-23,CUST1475,Bluetooth Speaker,Electronics,West,Credit Card,Standard,2,12942.03,0.0,25884.07,7752.9,5.0,Returned
ORD102709,2025-04-23,CUST1385,Face Serum,Beauty,West,UPI,Standard,2,4580.04,0.05,8702.08,2842.04,3.6,Delivered
ORD102141,2025-04-23,CUST1173,Hair Dryer,Beauty,Central,COD,Standard,2,3291.15,0.15,5594.95,161.38,3.7,Delivered
ORD103357,2025-04-24,CUST1555,Cookware Set,Home & Kitchen,West,UPI,Standard,2,4019.61,0.05,7637.26,2607.59,3.4,Returned
ORD101823,2025-04-24,CUST1238,Power Bank,Electronics,West,Credit Card,Express,4,20969.57,0.0,83878.27,18250.42,4.2,Delivered
ORD100780,2025-04-25,CUST1288,Power Bank,Electronics,West,Net Banking,Standard,1,6644.89,0.1,5980.4,1480.57,3.4,Delivered
ORD100811,2025-04-25,CUST1515,Makeup Set,Beauty,East,Credit Card,Same Day,1,2465.6,0.1,2219.04,766.78,3.3,Delivered
ORD101200,2025-04-25,CUST1533,Yoga Mat,Sports,North,Net Banking,Standard,3,6892.88,0.15,17576.84,3353.12,3.7,Delivered
ORD102000,2025-04-25,CUST1568,Bluetooth Speaker,Electronics,Central,Net Banking,Express,3,50504.47,0.15,128786.39,30201.71,4.1,Delivered
ORD102677,2025-04-25,CUST1329,Cookware Set,Home & Kitchen,West,Net Banking,Express,1,14555.64,0.0,14555.64,2568.7,2.4,Delivered
ORD102303,2025-04-25,CUST1559,Running Shoes,Fashion,East,Debit Card,Express,1,6272.07,0.15,5331.26,913.33,4.6,Delivered
ORD102651,2025-04-25,CUST1545,Skincare Kit,Beauty,West,UPI,Standard,2,2977.37,0.15,5061.52,523.13,4.1,Delivered
ORD101715,2025-04-25,CUST1140,Coffee Maker,Home & Kitchen,North,COD,Same Day,2,16416.57,0.0,32833.13,10908.33,1.8,Delivered
ORD101892,2025-04-25,CUST1481,Cricket Bat,Sports,West,Debit Card,Express,1,5833.81,0.2,4667.05,281.1,4.4,Delivered
ORD102226,2025-04-25,CUST1315,Backpack,Fashion,Central,COD,Standard,1,6069.69,0.1,5462.72,1367.01,5.0,Delivered
ORD101633,2025-04-26,CUST1025,Running Shoes,Fashion,West,UPI,Standard,1,4967.47,0.15,4222.35,520.51,3.9,Delivered
ORD101370,2025-04-26,CUST1115,Air Fryer,Home & Kitchen,East,UPI,Express,1,7504.89,0.25,5628.67,135.84,2.9,Delivered
ORD102650,2025-04-26,CUST1007,Perfume,Beauty,Central,Net Banking,Express,1,3498.85,0.05,3323.91,818.83,4.7,Delivered
ORD101791,2025-04-26,CUST1529,Coffee Maker,Home & Kitchen,Central,Net Banking,Express,3,15416.39,0.05,43936.72,15266.81,4.6,Delivered
ORD101712,2025-04-26,CUST1278,Yoga Mat,Sports,West,COD,Same Day,1,11756.19,0.15,9992.76,826.13,3.8,Delivered
ORD100516,2025-04-27,CUST1163,Storage Organizer,Home & Kitchen,Central,Net Banking,Standard,2,16575.93,0.15,28179.07,579.63,4.4,Delivered
ORD102700,2025-04-27,CUST1564,Denim Jacket,Fashion,North,COD,Express,1,2972.78,0.1,2675.5,580.76,5.0,Delivered
ORD101140,2025-04-27,CUST1506,Laptop Stand,Electronics,South,Net Banking,Express,1,10838.39,0.1,9754.55,735.49,4.6,Delivered
ORD103045,2025-04-27,CUST1385,Skincare Kit,Beauty,East,UPI,Standard,1,3615.37,0.25,2711.53,563.72,3.4,Delivered
ORD103238,2025-04-27,CUST1224,Perfume,Beauty,South,Debit Card,Standard,2,5484.33,0.2,8774.92,790.66,3.3,Delivered
ORD100903,2025-04-28,CUST1563,Cookware Set,Home & Kitchen,West,COD,Express,3,1429.16,0.15,3644.36,701.47,3.8,Delivered
ORD102756,2025-04-28,CUST1375,T-Shirt,Fashion,West,Credit Card,Standard,2,6857.45,0.05,13029.15,4925.12,3.7,Delivered
ORD103427,2025-04-28,CUST1173,Dumbbells,Sports,West,COD,Standard,1,6877.65,0.0,6877.65,2187.95,4.8,Delivered
ORD101814,2025-04-28,CUST1246,Cookware Set,Home & Kitchen,Central,Debit Card,Standard,4,8123.22,0.05,30868.23,11654.64,3.7,Delivered
ORD103473,2025-04-29,CUST1406,Cricket Bat,Sports,Central,Net Banking,Express,2,4821.32,0.0,9642.64,1979.35,3.9,Delivered
ORD101323,2025-04-29,CUST1585,Perfume,Beauty,Central,Net Banking,Express,1,3809.91,0.2,3047.93,684.27,3.3,Delivered
ORD100374,2025-04-29,CUST1373,Yoga Mat,Sports,East,Net Banking,Same Day,1,1667.47,0.25,1250.6,99.18,3.4,Delivered
ORD101003,2025-04-29,CUST1464,Mixer Grinder,Home & Kitchen,North,Credit Card,Standard,1,2559.62,0.2,2047.7,536.38,4.4,Delivered
ORD102239,2025-04-29,CUST1022,Mixer Grinder,Home & Kitchen,Central,UPI,Standard,2,5416.03,0.0,10832.06,3830.14,5.0,Delivered
ORD101911,2025-04-30,CUST1282,Skincare Kit,Beauty,East,Credit Card,Express,1,1135.6,0.05,1078.82,269.18,4.2,Delivered
ORD102090,2025-04-30,CUST1050,Storage Organizer,Home & Kitchen,West,Net Banking,Express,2,1166.55,0.1,2099.79,401.88,4.3,Delivered
ORD100034,2025-04-30,CUST1053,Skincare Kit,Beauty,North,UPI,Express,2,1279.89,0.1,2303.81,809.88,4.5,Delivered
ORD101374,2025-04-30,CUST1115,Denim Jacket,Fashion,West,UPI,Standard,1,1072.3,0.05,1018.68,351.07,3.3,Delivered
ORD102497,2025-04-30,CUST1588,Hair Dryer,Beauty,North,UPI,Standard,1,5975.78,0.15,5079.41,442.58,4.1,Returned
ORD101751,2025-04-30,CUST1254,Laptop Stand,Electronics,South,Credit Card,Express,2,14982.34,0.0,29964.69,12901.64,4.7,Delivered
ORD103161,2025-05-01,CUST1567,Dumbbells,Sports,East,COD,Express,1,4244.32,0.05,4032.1,1214.84,3.4,Delivered
ORD102451,2025-05-01,CUST1492,Air Fryer,Home & Kitchen,South,Credit Card,Express,1,10548.72,0.05,10021.28,3459.63,4.6,Delivered
ORD100564,2025-05-01,CUST1454,Power Bank,Electronics,South,Debit Card,Standard,2,40562.11,0.15,68955.59,14324.78,3.6,Returned
ORD103125,2025-05-01,CUST1328,Yoga Mat,Sports,South,Net Banking,Standard,1,807.69,0.2,646.15,85.36,4.0,Delivered
ORD101691,2025-05-01,CUST1548,Denim Jacket,Fashion,South,Debit Card,Standard,2,4932.32,0.2,7891.7,1649.04,4.3,Delivered
ORD101605,2025-05-01,CUST1387,Mixer Grinder,Home & Kitchen,South,COD,Express,2,2580.56,0.2,4128.89,290.55,3.1,Delivered
ORD100361,2025-05-02,CUST1387,Laptop Stand,Electronics,West,Debit Card,Standard,3,45135.57,0.05,128636.37,38381.07,4.9,Delivered
ORD100357,2025-05-02,CUST1012,Coffee Maker,Home & Kitchen,North,Credit Card,Same Day,2,11712.37,0.05,22253.51,9178.13,3.2,Delivered
ORD101388,2025-05-02,CUST1203,Mixer Grinder,Home & Kitchen,East,UPI,Same Day,1,12509.7,0.0,12509.7,3731.76,4.2,Delivered
ORD100388,2025-05-02,CUST1084,Football,Sports,North,Credit Card,Standard,3,10272.26,0.0,30816.78,7702.2,4.7,Delivered
ORD100578,2025-05-03,CUST1149,Wireless Headphones,Electronics,North,COD,Express,2,13160.68,0.2,21057.09,2910.3,3.9,Delivered
ORD102299,2025-05-03,CUST1253,Cookware Set,Home & Kitchen,North,COD,Standard,4,4658.43,0.25,13975.29,2712.14,4.4,Delivered
ORD100047,2025-05-03,CUST1530,Yoga Mat,Sports,South,Debit Card,Standard,1,9475.02,0.05,9001.27,3684.29,4.3,Delivered
ORD102041,2025-05-03,CUST1098,Casual Sneakers,Fashion,North,Debit Card,Standard,1,6542.03,0.2,5233.63,443.98,3.8,Delivered
ORD100363,2025-05-03,CUST1367,Cookware Set,Home & Kitchen,Central,COD,Express,2,9944.99,0.15,16906.49,5143.31,4.0,Returned
ORD102470,2025-05-03,CUST1448,Cookware Set,Home & Kitchen,West,COD,Same Day,1,16273.08,0.2,13018.46,3188.2,4.2,Delivered
ORD101303,2025-05-04,CUST1476,Coffee Maker,Home & Kitchen,East,Credit Card,Same Day,1,6716.41,0.2,5373.13,1387.73,3.7,Delivered
ORD103029,2025-05-04,CUST1204,Laptop Stand,Electronics,West,UPI,Same Day,1,54680.9,0.25,41010.67,2552.21,3.9,Delivered
ORD102060,2025-05-04,CUST1286,Dumbbells,Sports,Central,Debit Card,Standard,1,1155.34,0.25,866.51,52.47,4.3,Delivered
ORD102445,2025-05-04,CUST1077,Storage Organizer,Home & Kitchen,South,Debit Card,Express,1,11928.56,0.2,9542.85,-410.33,3.5,Delivered
ORD101631,2025-05-05,CUST1238,Laptop Stand,Electronics,East,UPI,Standard,3,46423.62,0.25,104453.16,12519.91,4.7,Delivered
ORD101877,2025-05-05,CUST1154,Skincare Kit,Beauty,West,Net Banking,Express,1,6640.35,0.1,5976.32,1010.63,4.4,Delivered
ORD101556,2025-05-05,CUST1569,Backpack,Fashion,West,UPI,Standard,2,5363.59,0.15,9118.1,507.09,3.1,Delivered
ORD100827,2025-05-05,CUST1256,Face Serum,Beauty,North,Net Banking,Express,1,4026.6,0.1,3623.94,325.69,3.6,Delivered
ORD102977,2025-05-05,CUST1214,Coffee Maker,Home & Kitchen,Central,COD,Express,1,11946.0,0.05,11348.7,4568.7,4.5,Cancelled
ORD103242,2025-05-05,CUST1317,Smart Watch,Electronics,South,Debit Card,Same Day,1,10812.75,0.0,10812.75,4625.22,3.6,Delivered
ORD100303,2025-05-05,CUST1014,Smart Watch,Electronics,East,Debit Card,Standard,4,40914.15,0.05,155473.76,63497.85,3.6,Cancelled
ORD101383,2025-05-05,CUST1097,Storage Organizer,Home & Kitchen,South,Credit Card,Standard,2,10771.81,0.2,17234.9,3334.54,5.0,Delivered
ORD102837,2025-05-06,CUST1046,Mixer Grinder,Home & Kitchen,East,COD,Express,2,3212.32,0.1,5782.18,2095.95,2.8,Delivered
ORD100739,2025-05-06,CUST1145,Casual Sneakers,Fashion,East,COD,Standard,4,642.23,0.25,1926.68,423.26,4.1,Returned
ORD101470,2025-05-06,CUST1514,Denim Jacket,Fashion,East,Credit Card,Standard,1,4239.24,0.05,4027.28,509.74,4.3,Delivered
ORD100094,2025-05-06,CUST1150,Wireless Headphones,Electronics,West,Credit Card,Express,2,50194.35,0.15,85330.4,19295.38,4.2,Delivered
ORD100178,2025-05-07,CUST1324,Air Fryer,Home & Kitchen,Central,COD,Same Day,1,11594.02,0.0,11594.02,4678.16,4.3,Delivered
ORD103108,2025-05-07,CUST1051,Wireless Headphones,Electronics,Central,COD,Express,2,4751.19,0.0,9502.37,3778.88,3.6,Delivered
ORD101427,2025-05-08,CUST1356,Running Shoes,Fashion,South,Credit Card,Standard,3,5592.21,0.0,16776.62,3280.15,3.6,Delivered
ORD100219,2025-05-08,CUST1158,Casual Sneakers,Fashion,North,Net Banking,Standard,1,3516.32,0.05,3340.51,632.43,4.9,Delivered
ORD101036,2025-05-08,CUST1049,Casual Sneakers,Fashion,East,UPI,Same Day,2,3032.57,0.1,5458.63,585.82,5.0,Delivered
ORD101825,2025-05-08,CUST1237,Smart Watch,Electronics,Central,COD,Standard,2,1517.29,0.05,2882.86,1207.02,3.8,Delivered
ORD100591,2025-05-08,CUST1026,Perfume,Beauty,Central,Debit Card,Standard,1,4523.18,0.0,4523.18,1200.1,3.9,Delivered
ORD102777,2025-05-08,CUST1467,T-Shirt,Fashion,West,Net Banking,Standard,2,1981.45,0.0,3962.9,856.41,3.7,Delivered
ORD102938,2025-05-08,CUST1045,Dumbbells,Sports,West,Credit Card,Standard,2,4841.26,0.1,8714.27,1889.39,3.9,Delivered
ORD101314,2025-05-08,CUST1448,Air Fryer,Home & Kitchen,North,UPI,Express,1,10501.52,0.05,9976.44,1213.42,4.3,Delivered
ORD102988,2025-05-09,CUST1080,Power Bank,Electronics,South,Credit Card,Express,2,31943.03,0.0,63886.06,19504.04,3.7,Delivered
ORD101731,2025-05-09,CUST1297,Resistance Bands,Sports,East,COD,Standard,3,9278.08,0.0,27834.23,10380.92,3.3,Returned
ORD101205,2025-05-09,CUST1141,Coffee Maker,Home & Kitchen,South,Net Banking,Express,2,8003.86,0.25,12005.79,2501.65,3.2,Delivered
ORD102286,2025-05-10,CUST1388,Football,Sports,Central,Credit Card,Standard,1,5077.8,0.0,5077.8,2110.4,4.9,Delivered
ORD100344,2025-05-10,CUST1553,Football,Sports,South,COD,Express,3,9123.23,0.15,23264.24,7450.19,4.1,Delivered
ORD100066,2025-05-10,CUST1254,Football,Sports,West,UPI,Express,1,3368.89,0.1,3032.0,864.05,4.7,Delivered
ORD100201,2025-05-11,CUST1139,Smart Watch,Electronics,South,Net Banking,Express,1,53158.88,0.05,50500.93,19462.64,4.6,Delivered
ORD101107,2025-05-11,CUST1292,Bluetooth Speaker,Electronics,Central,Debit Card,Standard,1,39685.45,0.25,29764.09,3278.34,1.8,Delivered
ORD101286,2025-05-11,CUST1337,Storage Organizer,Home & Kitchen,South,Credit Card,Express,2,12671.58,0.2,20274.53,574.18,4.7,Delivered
ORD102067,2025-05-11,CUST1211,Wireless Headphones,Electronics,East,Net Banking,Express,1,10454.76,0.25,7841.07,-454.6,4.5,Delivered
ORD103297,2025-05-11,CUST1416,Power Bank,Electronics,East,Credit Card,Standard,3,9881.0,0.0,29642.99,7077.46,4.3,Delivered
ORD101389,2025-05-12,CUST1289,Yoga Mat,Sports,East,Net Banking,Standard,3,9515.26,0.2,22836.63,5596.7,3.4,Delivered
ORD102113,2025-05-12,CUST1198,Backpack,Fashion,East,UPI,Express,1,3307.2,0.0,3307.2,922.03,4.9,Delivered
ORD101153,2025-05-12,CUST1126,Bluetooth Speaker,Electronics,Central,Credit Card,Express,3,13635.85,0.05,38862.19,12787.19,4.3,Delivered
ORD101568,2025-05-12,CUST1022,Air Fryer,Home & Kitchen,West,Net Banking,Standard,4,16046.38,0.0,64185.52,12750.07,3.2,Delivered
ORD103127,2025-05-12,CUST1370,Casual Sneakers,Fashion,Central,Net Banking,Standard,1,8774.46,0.15,7458.3,121.45,3.7,Delivered
ORD102692,2025-05-12,CUST1160,Laptop Stand,Electronics,West,COD,Express,2,36755.28,0.15,62483.97,19276.75,4.3,Delivered
ORD103094,2025-05-12,CUST1575,Dumbbells,Sports,Central,Net Banking,Standard,1,5499.12,0.25,4124.34,-258.06,4.1,Delivered
ORD100842,2025-05-12,CUST1281,Backpack,Fashion,North,COD,Standard,2,2046.51,0.0,4093.03,1790.92,4.1,Returned
ORD102784,2025-05-13,CUST1280,Face Serum,Beauty,East,UPI,Express,2,4543.96,0.0,9087.92,3069.72,3.0,Delivered
ORD100839,2025-05-13,CUST1302,Makeup Set,Beauty,South,Credit Card,Express,4,3562.97,0.05,13539.29,2611.85,5.0,Delivered
ORD102100,2025-05-14,CUST1203,Casual Sneakers,Fashion,South,UPI,Standard,1,4038.44,0.1,3634.6,687.59,4.1,Delivered
ORD100942,2025-05-14,CUST1410,Dumbbells,Sports,West,UPI,Standard,1,1651.07,0.1,1485.97,551.29,3.6,Delivered
ORD102163,2025-05-14,CUST1271,Laptop Stand,Electronics,East,Net Banking,Express,2,25741.03,0.1,46333.85,11065.33,3.2,Delivered
ORD103201,2025-05-14,CUST1020,Denim Jacket,Fashion,West,Credit Card,Express,2,8760.8,0.05,16645.52,6387.96,3.8,Delivered
ORD101707,2025-05-14,CUST1453,Yoga Mat,Sports,North,Credit Card,Standard,1,9909.05,0.1,8918.14,2450.98,4.9,Delivered
ORD103383,2025-05-14,CUST1113,Hair Dryer,Beauty,West,Credit Card,Same Day,1,495.47,0.0,495.47,126.74,4.1,Delivered
ORD102632,2025-05-14,CUST1549,Hair Dryer,Beauty,South,UPI,Standard,5,5872.35,0.15,24957.48,3898.44,3.8,Delivered
ORD102893,2025-05-14,CUST1334,Bluetooth Speaker,Electronics,Central,Credit Card,Standard,1,34689.57,0.25,26017.18,6793.27,3.9,Delivered
ORD100528,2025-05-15,CUST1415,Running Shoes,Fashion,South,Credit Card,Standard,2,5200.8,0.05,9881.51,3287.68,3.8,Delivered
ORD102530,2025-05-15,CUST1526,Cookware Set,Home & Kitchen,East,Debit Card,Express,2,3593.0,0.15,6108.11,108.7,4.1,Cancelled
ORD101506,2025-05-15,CUST1299,Hair Dryer,Beauty,East,Net Banking,Same Day,1,6467.13,0.2,5173.71,830.31,5.0,Delivered
ORD101353,2025-05-15,CUST1042,Smart Watch,Electronics,North,Debit Card,Standard,3,39010.56,0.15,99476.92,4744.46,3.7,Returned
ORD102112,2025-05-15,CUST1384,Coffee Maker,Home & Kitchen,East,Net Banking,Same Day,2,9075.96,0.0,18151.93,7522.37,5.0,Delivered
ORD102304,2025-05-15,CUST1185,Running Shoes,Fashion,North,COD,Express,1,993.65,0.05,943.97,293.01,5.0,Delivered
ORD101950,2025-05-15,CUST1153,Bluetooth Speaker,Electronics,South,UPI,Standard,3,44855.4,0.1,121109.57,26515.76,4.7,Delivered
ORD102795,2025-05-15,CUST1428,Hair Dryer,Beauty,West,UPI,Same Day,2,1984.39,0.1,3571.9,737.21,3.3,Delivered
ORD101947,2025-05-16,CUST1247,Air Fryer,Home & Kitchen,West,Credit Card,Standard,2,4944.32,0.15,8405.34,2936.66,3.7,Delivered
ORD100641,2025-05-16,CUST1516,Running Shoes,Fashion,Central,COD,Express,1,4668.2,0.05,4434.79,1614.27,5.0,Delivered
ORD101169,2025-05-16,CUST1258,Mixer Grinder,Home & Kitchen,South,UPI,Standard,1,10147.29,0.1,9132.56,658.77,4.0,Delivered
ORD100323,2025-05-16,CUST1108,Laptop Stand,Electronics,Central,Net Banking,Standard,1,46861.78,0.0,46861.78,10634.63,5.0,Delivered
ORD103329,2025-05-16,CUST1180,Perfume,Beauty,Central,Credit Card,Standard,2,6516.04,0.2,10425.66,1387.82,3.1,Delivered
ORD100152,2025-05-16,CUST1246,Cookware Set,Home & Kitchen,Central,Debit Card,Express,3,2044.01,0.0,6132.04,1044.39,2.7,Delivered
ORD103444,2025-05-17,CUST1477,Air Fryer,Home & Kitchen,East,Credit Card,Same Day,2,15852.13,0.0,31704.27,13460.48,3.4,Cancelled
ORD101563,2025-05-17,CUST1384,Wireless Headphones,Electronics,South,Net Banking,Express,1,54658.3,0.05,51925.39,17672.62,3.9,Returned
ORD100803,2025-05-17,CUST1021,Air Fryer,Home & Kitchen,East,UPI,Standard,1,9258.85,0.0,9258.85,1793.08,4.3,Delivered
ORD101102,2025-05-17,CUST1188,Cricket Bat,Sports,West,Credit Card,Express,4,2436.59,0.15,8284.41,1168.27,2.6,Delivered
ORD100668,2025-05-17,CUST1305,Denim Jacket,Fashion,West,Net Banking,Standard,1,7388.42,0.05,7019.0,2457.72,4.3,Delivered
ORD102382,2025-05-17,CUST1501,Face Serum,Beauty,East,Credit Card,Express,1,511.7,0.15,434.95,21.55,5.0,Returned
ORD101529,2025-05-17,CUST1140,Wireless Headphones,Electronics,South,Credit Card,Express,1,45936.01,0.0,45936.01,12583.48,3.9,Delivered
ORD103401,2025-05-17,CUST1416,Denim Jacket,Fashion,North,COD,Express,1,4718.13,0.05,4482.22,1766.28,5.0,Delivered
ORD101005,2025-05-18,CUST1228,Cookware Set,Home & Kitchen,West,COD,Standard,2,12131.48,0.0,24262.95,4693.78,4.6,Delivered
ORD100714,2025-05-18,CUST1412,Running Shoes,Fashion,South,Credit Card,Standard,2,8044.91,0.0,16089.81,3584.77,3.7,Delivered
ORD102624,2025-05-18,CUST1084,Wireless Headphones,Electronics,West,COD,Standard,1,41880.95,0.05,39786.9,5727.68,3.5,Delivered
ORD101080,2025-05-18,CUST1117,T-Shirt,Fashion,North,Debit Card,Standard,2,2332.36,0.15,3965.01,552.6,3.7,Delivered
ORD101971,2025-05-18,CUST1277,Power Bank,Electronics,South,Debit Card,Standard,1,43004.67,0.25,32253.5,1460.35,3.9,Delivered
ORD100968,2025-05-18,CUST1534,Yoga Mat,Sports,North,UPI,Express,1,10341.2,0.0,10341.2,1984.98,4.8,Delivered
ORD101704,2025-05-18,CUST1314,Laptop Stand,Electronics,East,COD,Same Day,2,22125.38,0.15,37613.14,4643.83,3.7,Delivered
ORD100529,2025-05-18,CUST1249,Cricket Bat,Sports,North,Net Banking,Express,2,8156.92,0.0,16313.84,6363.17,5.0,Delivered
ORD103200,2025-05-18,CUST1535,Bluetooth Speaker,Electronics,West,Net Banking,Standard,3,51185.49,0.2,122845.18,2773.26,3.8,Delivered
ORD100060,2025-05-19,CUST1041,Skincare Kit,Beauty,North,Credit Card,Same Day,4,927.65,0.1,3339.54,807.61,5.0,Delivered
ORD102830,2025-05-19,CUST1039,Storage Organizer,Home & Kitchen,West,Net Banking,Standard,1,2098.47,0.05,1993.55,544.92,3.8,Returned
ORD100732,2025-05-19,CUST1364,Face Serum,Beauty,South,UPI,Express,3,5537.72,0.1,14951.83,5433.63,3.5,Delivered
ORD102960,2025-05-19,CUST1101,Smart Watch,Electronics,East,Net Banking,Express,1,42984.56,0.1,38686.1,13620.38,4.1,Returned
ORD102013,2025-05-19,CUST1522,Coffee Maker,Home & Kitchen,South,Debit Card,Standard,2,15413.1,0.05,29284.88,11429.2,3.5,Delivered
ORD102623,2025-05-20,CUST1266,Air Fryer,Home & Kitchen,West,Debit Card,Express,1,12479.24,0.05,11855.28,3729.74,4.1,Returned
ORD101678,2025-05-20,CUST1053,Casual Sneakers,Fashion,West,COD,Express,2,6894.36,0.1,12409.85,2024.76,4.5,Delivered
ORD103275,2025-05-20,CUST1567,Mixer Grinder,Home & Kitchen,North,Net Banking,Express,2,16073.12,0.2,25717.0,2483.37,4.8,Delivered
ORD101261,2025-05-20,CUST1509,Casual Sneakers,Fashion,North,UPI,Standard,4,550.33,0.0,2201.31,487.84,4.9,Delivered
ORD100451,2025-05-20,CUST1132,Football,Sports,South,COD,Express,1,9158.81,0.2,7327.05,1571.4,2.5,Delivered
ORD101989,2025-05-20,CUST1217,Face Serum,Beauty,South,Net Banking,Standard,1,6369.49,0.0,6369.49,1446.57,4.4,Delivered
ORD100526,2025-05-20,CUST1126,Running Shoes,Fashion,West,COD,Standard,1,5473.37,0.2,4378.7,1230.34,3.9,Delivered
ORD101622,2025-05-20,CUST1370,Air Fryer,Home & Kitchen,North,Credit Card,Same Day,1,17715.05,0.2,14172.04,452.05,4.2,Delivered
ORD102532,2025-05-20,CUST1462,Laptop Stand,Electronics,Central,Debit Card,Express,1,41572.38,0.1,37415.14,2867.37,3.3,Delivered
ORD100585,2025-05-20,CUST1380,Yoga Mat,Sports,South,Debit Card,Standard,1,2357.66,0.15,2004.01,382.37,4.2,Delivered
ORD102165,2025-05-20,CUST1278,Running Shoes,Fashion,South,UPI,Express,1,3067.87,0.05,2914.48,946.2,3.9,Delivered
ORD100023,2025-05-21,CUST1102,Storage Organizer,Home & Kitchen,East,Net Banking,Standard,2,8098.67,0.2,12957.87,3369.04,3.8,Delivered
ORD100498,2025-05-21,CUST1439,Cookware Set,Home & Kitchen,West,UPI,Standard,2,15525.74,0.0,31051.48,13356.21,4.0,Delivered
ORD100263,2025-05-21,CUST1383,Bluetooth Speaker,Electronics,North,UPI,Express,1,23964.52,0.2,19171.62,801.69,4.1,Delivered
ORD100576,2025-05-21,CUST1588,Backpack,Fashion,Central,Credit Card,Same Day,1,4177.85,0.05,3968.96,985.8,4.1,Returned
ORD102569,2025-05-21,CUST1592,Smart Watch,Electronics,West,Net Banking,Standard,1,3489.93,0.0,3489.93,1278.76,4.6,Delivered
ORD101066,2025-05-21,CUST1423,Makeup Set,Beauty,North,COD,Standard,3,4504.62,0.0,13513.85,5156.67,4.1,Delivered
ORD102611,2025-05-22,CUST1298,Coffee Maker,Home & Kitchen,West,Net Banking,Express,1,6939.36,0.15,5898.46,585.89,3.8,Delivered
ORD101181,2025-05-22,CUST1103,Bluetooth Speaker,Electronics,West,Debit Card,Standard,2,37223.29,0.0,74446.58,17460.92,4.2,Delivered
ORD100437,2025-05-22,CUST1284,Running Shoes,Fashion,South,Credit Card,Standard,1,5963.8,0.15,5069.23,1597.34,4.9,Delivered
ORD100420,2025-05-22,CUST1563,Wireless Headphones,Electronics,North,Credit Card,Standard,5,14109.03,0.0,70545.16,13843.38,3.2,Delivered
ORD103494,2025-05-22,CUST1449,Hair Dryer,Beauty,Central,Debit Card,Standard,2,2796.39,0.2,4474.23,524.81,3.5,Delivered
ORD100861,2025-05-22,CUST1471,Casual Sneakers,Fashion,North,UPI,Standard,3,5606.92,0.05,15979.71,4155.14,4.7,Delivered
ORD103113,2025-05-23,CUST1038,Smart Watch,Electronics,Central,UPI,Same Day,1,16156.34,0.0,16156.34,4160.43,4.6,Delivered
ORD103002,2025-05-23,CUST1308,Running Shoes,Fashion,North,Net Banking,Same Day,1,1406.94,0.05,1336.59,198.2,4.2,Delivered
ORD102492,2025-05-23,CUST1495,Yoga Mat,Sports,Central,COD,Express,1,8167.28,0.1,7350.55,765.52,3.8,Delivered
ORD103312,2025-05-23,CUST1248,Air Fryer,Home & Kitchen,East,UPI,Express,1,3576.19,0.1,3218.57,880.94,3.8,Delivered
ORD101515,2025-05-23,CUST1563,Coffee Maker,Home & Kitchen,East,UPI,Express,1,9138.17,0.1,8224.36,938.26,3.9,Delivered
ORD102499,2025-05-23,CUST1059,Skincare Kit,Beauty,North,Net Banking,Same Day,2,1246.44,0.2,1994.31,360.53,4.4,Delivered
ORD102412,2025-05-24,CUST1414,Running Shoes,Fashion,South,Credit Card,Express,2,2469.64,0.2,3951.42,1153.53,4.9,Delivered
ORD102732,2025-05-24,CUST1091,Skincare Kit,Beauty,Central,COD,Same Day,2,4628.24,0.25,6942.37,1576.23,4.0,Delivered
ORD100721,2025-05-24,CUST1312,Power Bank,Electronics,Central,UPI,Standard,1,43160.29,0.05,41002.28,15717.77,4.2,Returned
ORD102861,2025-05-24,CUST1563,Backpack,Fashion,East,Net Banking,Standard,1,3167.61,0.05,3009.23,815.85,3.9,Delivered
ORD100692,2025-05-24,CUST1445,Running Shoes,Fashion,South,Net Banking,Express,3,2329.91,0.0,6989.72,2916.89,3.4,Delivered
ORD101976,2025-05-24,CUST1155,Power Bank,Electronics,North,Debit Card,Standard,1,38654.17,0.1,34788.75,10729.89,4.6,Delivered
ORD102674,2025-05-24,CUST1279,Air Fryer,Home & Kitchen,South,COD,Standard,1,9991.37,0.0,9991.37,3472.31,4.0,Delivered
ORD101272,2025-05-24,CUST1107,Wireless Headphones,Electronics,Central,Net Banking,Standard,1,13958.27,0.0,13958.27,6020.15,4.7,Delivered
ORD101142,2025-05-24,CUST1572,Denim Jacket,Fashion,South,Debit Card,Express,4,6455.84,0.0,25823.36,6386.14,3.3,Delivered
ORD101750,2025-05-24,CUST1090,T-Shirt,Fashion,West,COD,Express,3,4091.95,0.05,11662.04,1515.97,3.8,Returned
ORD100469,2025-05-25,CUST1372,Smart Watch,Electronics,East,UPI,Standard,1,3943.09,0.05,3745.93,1478.43,3.0,Delivered
ORD102571,2025-05-25,CUST1424,Laptop Stand,Electronics,West,Credit Card,Express,3,54603.18,0.25,122857.16,-6150.93,4.0,Delivered
ORD102886,2025-05-25,CUST1292,Storage Organizer,Home & Kitchen,West,Debit Card,Standard,2,17221.99,0.25,25832.99,-2262.76,3.8,Returned
ORD101532,2025-05-25,CUST1217,Bluetooth Speaker,Electronics,North,COD,Express,2,39668.09,0.15,67435.75,13140.51,4.1,Delivered
ORD100490,2025-05-25,CUST1453,Resistance Bands,Sports,Central,COD,Same Day,1,526.99,0.25,395.24,27.33,4.5,Returned
ORD102227,2025-05-25,CUST1063,Air Fryer,Home & Kitchen,West,Net Banking,Express,1,6072.69,0.05,5769.06,1355.39,4.7,Delivered
ORD102630,2025-05-26,CUST1043,Cookware Set,Home & Kitchen,West,COD,Standard,1,6915.27,0.2,5532.22,152.2,3.2,Delivered
ORD102147,2025-05-26,CUST1574,Power Bank,Electronics,East,COD,Standard,2,18115.77,0.15,30796.8,4517.62,3.4,Delivered
ORD101765,2025-05-26,CUST1533,Wireless Headphones,Electronics,East,Debit Card,Standard,2,50768.97,0.25,76153.45,-878.39,5.0,Delivered
ORD100679,2025-05-26,CUST1280,Dumbbells,Sports,Central,Net Banking,Express,1,10247.53,0.05,9735.15,3209.75,4.4,Delivered
ORD100408,2025-05-26,CUST1118,Denim Jacket,Fashion,East,Net Banking,Same Day,1,6881.87,0.05,6537.78,795.28,3.9,Delivered
ORD102781,2025-05-26,CUST1183,Storage Organizer,Home & Kitchen,East,Debit Card,Standard,1,9880.87,0.15,8398.74,1627.96,4.0,Delivered
ORD102457,2025-05-26,CUST1430,Power Bank,Electronics,North,Net Banking,Standard,2,12613.73,0.1,22704.72,5460.8,3.9,Delivered
ORD102694,2025-05-26,CUST1193,Smart Watch,Electronics,East,UPI,Express,2,29629.46,0.05,56295.98,19008.4,4.1,Delivered
ORD103438,2025-05-26,CUST1477,Smart Watch,Electronics,Central,COD,Standard,2,32433.81,0.0,64867.62,15106.33,3.9,Delivered
ORD101442,2025-05-26,CUST1503,Casual Sneakers,Fashion,South,UPI,Standard,2,3118.34,0.05,5924.85,1378.72,3.8,Delivered
ORD100381,2025-05-27,CUST1135,Cricket Bat,Sports,South,COD,Express,2,4234.87,0.25,6352.3,-399.26,2.5,Delivered
ORD102168,2025-05-27,CUST1455,T-Shirt,Fashion,North,COD,Standard,1,6689.92,0.0,6689.92,1627.55,3.9,Returned
ORD100285,2025-05-27,CUST1333,Dumbbells,Sports,Central,Net Banking,Same Day,1,3042.25,0.15,2585.91,594.62,3.5,Delivered
ORD102648,2025-05-27,CUST1058,Cricket Bat,Sports,North,Credit Card,Standard,1,1055.93,0.25,791.94,-30.22,4.1,Delivered
ORD100763,2025-05-27,CUST1454,Makeup Set,Beauty,South,COD,Standard,1,3383.22,0.2,2706.58,17.69,4.6,Delivered
ORD102877,2025-05-27,CUST1086,Yoga Mat,Sports,Central,UPI,Standard,3,9483.16,0.1,25604.52,5642.35,3.3,Delivered
ORD100753,2025-05-27,CUST1204,Casual Sneakers,Fashion,Central,UPI,Standard,1,2166.07,0.05,2057.77,547.64,4.1,Delivered
ORD102941,2025-05-27,CUST1165,Football,Sports,South,Net Banking,Standard,3,9543.1,0.1,25766.38,6780.17,4.3,Cancelled
ORD102790,2025-05-27,CUST1244,Makeup Set,Beauty,South,Net Banking,Standard,3,5811.07,0.05,16561.56,2081.84,4.6,Delivered
ORD102288,2025-05-27,CUST1327,Skincare Kit,Beauty,South,Credit Card,Same Day,1,5278.88,0.0,5278.88,2069.11,4.5,Delivered
ORD102952,2025-05-27,CUST1589,T-Shirt,Fashion,West,Credit Card,Express,1,1008.69,0.05,958.25,146.36,4.2,Delivered
ORD100347,2025-05-27,CUST1216,Perfume,Beauty,East,Net Banking,Standard,4,818.21,0.0,3272.85,1150.23,5.0,Delivered
ORD101688,2025-05-28,CUST1491,Cricket Bat,Sports,North,UPI,Express,1,7899.74,0.05,7504.75,1917.64,4.7,Delivered
ORD103171,2025-05-28,CUST1211,Storage Organizer,Home & Kitchen,South,Net Banking,Standard,1,777.3,0.2,621.84,192.53,3.3,Delivered
ORD103351,2025-05-28,CUST1318,Storage Organizer,Home & Kitchen,East,UPI,Standard,1,14927.31,0.2,11941.85,1145.65,4.1,Delivered
ORD101446,2025-05-28,CUST1222,Running Shoes,Fashion,East,Net Banking,Standard,1,6266.97,0.05,5953.63,1523.68,4.1,Delivered
ORD100318,2025-05-28,CUST1377,T-Shirt,Fashion,East,Credit Card,Same Day,2,4236.95,0.05,8050.21,2685.66,4.3,Returned
ORD100180,2025-05-28,CUST1426,Makeup Set,Beauty,South,Net Banking,Standard,2,6521.33,0.1,11738.39,2058.64,1.9,Delivered
ORD102232,2025-05-28,CUST1506,Denim Jacket,Fashion,East,COD,Same Day,4,3105.97,0.05,11802.69,4607.78,3.2,Delivered
ORD100080,2025-05-29,CUST1529,Face Serum,Beauty,West,Debit Card,Standard,1,1596.89,0.1,1437.2,461.96,4.0,Delivered
ORD102096,2025-05-29,CUST1321,Yoga Mat,Sports,East,UPI,Standard,3,5753.31,0.15,14670.93,2831.87,3.3,Delivered
ORD102712,2025-05-29,CUST1348,Mixer Grinder,Home & Kitchen,Central,Net Banking,Standard,2,959.21,0.05,1822.49,394.07,4.2,Returned
ORD101836,2025-05-29,CUST1444,Denim Jacket,Fashion,West,Net Banking,Standard,3,7227.47,0.15,18430.06,2461.12,3.5,Delivered
ORD101108,2025-05-29,CUST1524,Laptop Stand,Electronics,West,Debit Card,Standard,2,53778.65,0.25,80667.98,21494.11,4.3,Delivered
ORD100935,2025-05-29,CUST1558,T-Shirt,Fashion,South,COD,Standard,3,5655.17,0.25,12724.14,728.89,3.4,Delivered
ORD101909,2025-05-29,CUST1426,Hair Dryer,Beauty,South,Net Banking,Same Day,1,6100.29,0.15,5185.25,654.97,5.0,Delivered
ORD101873,2025-05-30,CUST1144,Casual Sneakers,Fashion,West,UPI,Standard,3,6276.22,0.2,15062.94,3415.02,3.6,Delivered
ORD101680,2025-05-30,CUST1513,Casual Sneakers,Fashion,North,Debit Card,Express,2,5508.96,0.1,9916.13,3263.67,4.3,Delivered
ORD102827,2025-05-31,CUST1429,Running Shoes,Fashion,East,UPI,Express,1,5611.0,0.1,5049.9,556.94,3.6,Delivered
ORD103309,2025-05-31,CUST1527,Hair Dryer,Beauty,North,Net Banking,Same Day,2,1462.25,0.1,2632.06,261.41,4.2,Delivered
ORD103461,2025-05-31,CUST1266,Bluetooth Speaker,Electronics,West,Debit Card,Standard,1,16822.13,0.2,13457.7,3731.99,3.1,Delivered
ORD102396,2025-06-01,CUST1013,Wireless Headphones,Electronics,East,Debit Card,Standard,1,37401.44,0.15,31791.22,8668.86,3.6,Delivered
ORD102917,2025-06-01,CUST1066,Power Bank,Electronics,South,Net Banking,Express,1,49985.05,0.05,47485.8,14242.11,3.3,Delivered
ORD100693,2025-06-01,CUST1024,Hair Dryer,Beauty,South,Net Banking,Express,3,2927.45,0.15,7465.0,2373.89,3.6,Delivered
ORD102220,2025-06-01,CUST1588,Hair Dryer,Beauty,Central,Net Banking,Standard,1,3354.72,0.25,2516.04,85.88,4.9,Delivered
ORD102619,2025-06-01,CUST1162,Bluetooth Speaker,Electronics,West,COD,Standard,2,9241.94,0.15,15711.3,4560.17,3.9,Delivered
ORD100925,2025-06-01,CUST1524,Coffee Maker,Home & Kitchen,North,COD,Standard,1,2208.64,0.05,2098.2,667.76,4.0,Delivered
ORD102053,2025-06-02,CUST1390,Laptop Stand,Electronics,West,Credit Card,Standard,3,10306.03,0.05,29372.19,5473.65,4.3,Delivered
ORD102743,2025-06-02,CUST1200,Hair Dryer,Beauty,West,Net Banking,Standard,1,4525.36,0.0,4525.36,1864.58,2.3,Delivered
ORD100948,2025-06-02,CUST1331,T-Shirt,Fashion,South,Debit Card,Standard,1,4086.74,0.05,3882.41,681.62,2.9,Delivered
ORD100382,2025-06-02,CUST1346,Makeup Set,Beauty,Central,Debit Card,Same Day,1,3902.8,0.15,3317.38,474.87,4.1,Delivered
ORD102527,2025-06-02,CUST1419,Laptop Stand,Electronics,North,Credit Card,Standard,1,9721.64,0.0,9721.64,1929.46,3.8,Delivered
ORD103440,2025-06-02,CUST1490,Makeup Set,Beauty,South,UPI,Standard,1,5696.01,0.2,4556.81,535.92,4.7,Delivered
ORD100762,2025-06-03,CUST1175,Mixer Grinder,Home & Kitchen,South,UPI,Same Day,1,11103.61,0.1,9993.25,1555.47,3.8,Delivered
ORD102907,2025-06-03,CUST1390,Wireless Headphones,Electronics,West,COD,Standard,3,39301.68,0.0,117905.05,44385.97,4.3,Delivered
ORD100964,2025-06-03,CUST1268,Laptop Stand,Electronics,North,UPI,Express,2,43235.83,0.0,86471.66,21346.42,4.5,Delivered
ORD103185,2025-06-03,CUST1095,Coffee Maker,Home & Kitchen,North,UPI,Standard,1,6369.11,0.15,5413.74,636.39,4.5,Delivered
ORD101420,2025-06-03,CUST1586,Coffee Maker,Home & Kitchen,South,UPI,Same Day,2,16750.32,0.1,30150.58,9956.13,3.8,Delivered
ORD100570,2025-06-03,CUST1059,Cookware Set,Home & Kitchen,West,Debit Card,Standard,2,13012.99,0.05,24724.68,5793.7,3.3,Delivered
ORD100639,2025-06-03,CUST1303,Face Serum,Beauty,South,UPI,Standard,1,2433.33,0.15,2068.33,695.76,3.1,Delivered
ORD101726,2025-06-03,CUST1187,Laptop Stand,Electronics,Central,Credit Card,Standard,1,3803.15,0.25,2852.37,628.76,4.1,Delivered
ORD102027,2025-06-03,CUST1190,Wireless Headphones,Electronics,Central,Credit Card,Standard,2,39279.08,0.15,66774.44,9230.31,5.0,Delivered
ORD100775,2025-06-04,CUST1465,Smart Watch,Electronics,East,COD,Standard,1,16837.41,0.15,14311.8,3730.7,4.0,Delivered
ORD101294,2025-06-04,CUST1238,Coffee Maker,Home & Kitchen,West,Net Banking,Standard,1,5370.36,0.2,4296.29,-178.13,3.9,Delivered
ORD101929,2025-06-04,CUST1517,Running Shoes,Fashion,South,COD,Standard,1,8789.59,0.1,7910.63,947.88,5.0,Delivered
ORD102121,2025-06-05,CUST1027,Storage Organizer,Home & Kitchen,Central,COD,Standard,1,13018.9,0.25,9764.17,-763.01,3.9,Delivered
ORD100670,2025-06-05,CUST1224,Resistance Bands,Sports,Central,Credit Card,Express,1,8961.25,0.0,8961.25,3709.8,4.1,Delivered
ORD102386,2025-06-05,CUST1595,Coffee Maker,Home & Kitchen,Central,Net Banking,Express,2,5907.98,0.05,11225.16,1556.11,3.1,Delivered
ORD101831,2025-06-05,CUST1484,Face Serum,Beauty,East,Net Banking,Standard,2,4618.14,0.2,7389.02,-210.8,3.9,Delivered
ORD101268,2025-06-05,CUST1069,Wireless Headphones,Electronics,West,UPI,Standard,1,37896.62,0.25,28422.46,-1740.14,4.2,Delivered
ORD101933,2025-06-05,CUST1302,Cookware Set,Home & Kitchen,Central,Debit Card,Standard,1,1141.23,0.2,912.99,20.78,3.5,Delivered
ORD100292,2025-06-05,CUST1154,Wireless Headphones,Electronics,Central,COD,Standard,1,17318.91,0.25,12989.18,121.29,4.5,Delivered
ORD100339,2025-06-05,CUST1572,Storage Organizer,Home & Kitchen,Central,Credit Card,Express,1,13104.45,0.0,13104.45,3904.59,3.9,Delivered
ORD102164,2025-06-06,CUST1328,Bluetooth Speaker,Electronics,East,COD,Standard,1,12461.61,0.05,11838.53,4454.26,3.3,Delivered
ORD101783,2025-06-06,CUST1456,Coffee Maker,Home & Kitchen,South,Debit Card,Standard,1,5567.48,0.15,4732.36,1527.25,4.6,Delivered
ORD100447,2025-06-06,CUST1222,Bluetooth Speaker,Electronics,South,Credit Card,Express,2,30032.77,0.05,57062.26,19203.59,4.4,Returned
ORD103035,2025-06-06,CUST1459,Smart Watch,Electronics,Central,COD,Standard,1,25113.38,0.05,23857.71,8862.63,4.8,Delivered
ORD102388,2025-06-06,CUST1399,Skincare Kit,Beauty,South,Credit Card,Standard,1,2236.85,0.05,2125.0,593.96,4.9,Delivered
ORD101439,2025-06-06,CUST1204,Smart Watch,Electronics,North,Net Banking,Standard,1,54795.25,0.05,52055.48,16082.13,4.3,Cancelled
ORD102542,2025-06-07,CUST1211,Perfume,Beauty,East,UPI,Same Day,2,6720.61,0.05,12769.16,2286.05,4.2,Delivered
ORD101053,2025-06-08,CUST1334,Running Shoes,Fashion,West,Credit Card,Same Day,1,6376.64,0.0,6376.64,1076.89,3.3,Returned
ORD101375,2025-06-08,CUST1399,Casual Sneakers,Fashion,East,Debit Card,Express,2,5074.81,0.05,9642.14,3119.37,4.1,Delivered
ORD102769,2025-06-08,CUST1433,Smart Watch,Electronics,North,UPI,Standard,4,19312.41,0.0,77249.65,30400.18,4.0,Delivered
ORD100273,2025-06-08,CUST1077,Makeup Set,Beauty,South,COD,Standard,1,1833.62,0.0,1833.62,440.35,3.9,Delivered
ORD101082,2025-06-08,CUST1099,Perfume,Beauty,North,UPI,Standard,3,1849.19,0.1,4992.8,1904.03,4.4,Delivered
ORD100514,2025-06-08,CUST1170,T-Shirt,Fashion,West,Net Banking,Standard,2,973.67,0.0,1947.34,618.66,4.3,Delivered
ORD100194,2025-06-08,CUST1238,Face Serum,Beauty,West,UPI,Standard,1,3576.47,0.1,3218.82,340.2,3.1,Delivered
ORD103487,2025-06-08,CUST1367,Wireless Headphones,Electronics,North,COD,Same Day,2,13441.33,0.15,22850.25,5389.72,2.3,Delivered
ORD100683,2025-06-08,CUST1512,Casual Sneakers,Fashion,Central,Net Banking,Express,3,7559.87,0.05,21545.63,7657.73,4.6,Delivered
ORD101809,2025-06-08,CUST1272,Air Fryer,Home & Kitchen,Central,Net Banking,Standard,1,12416.92,0.15,10554.38,977.23,4.9,Delivered
ORD101447,2025-06-08,CUST1312,Makeup Set,Beauty,West,Debit Card,Standard,3,1730.12,0.1,4671.32,545.97,4.3,Delivered
ORD101699,2025-06-09,CUST1571,Backpack,Fashion,North,COD,Standard,3,3613.27,0.1,9755.83,3022.66,5.0,Delivered
ORD103382,2025-06-09,CUST1457,Mixer Grinder,Home & Kitchen,North,UPI,Standard,2,14469.86,0.0,28939.71,11272.23,3.3,Delivered
ORD100682,2025-06-09,CUST1061,Casual Sneakers,Fashion,East,Debit Card,Standard,1,4756.77,0.0,4756.77,2032.83,4.2,Delivered
ORD103397,2025-06-09,CUST1197,Bluetooth Speaker,Electronics,South,Debit Card,Express,1,34498.98,0.0,34498.98,14041.54,3.8,Cancelled
ORD103003,2025-06-09,CUST1332,Resistance Bands,Sports,North,UPI,Standard,1,11753.55,0.15,9990.52,1624.82,4.3,Delivered
ORD101222,2025-06-09,CUST1568,Storage Organizer,Home & Kitchen,South,Net Banking,Standard,1,14933.41,0.15,12693.4,4460.32,4.7,Delivered
ORD100648,2025-06-09,CUST1518,Air Fryer,Home & Kitchen,South,Net Banking,Express,1,15361.4,0.25,11521.05,1174.79,4.2,Delivered
ORD102730,2025-06-09,CUST1286,Cricket Bat,Sports,South,Net Banking,Standard,1,1823.13,0.0,1823.13,561.5,2.7,Returned
ORD100450,2025-06-09,CUST1227,Air Fryer,Home & Kitchen,South,Net Banking,Standard,1,17391.13,0.05,16521.57,5114.26,3.6,Delivered
ORD102116,2025-06-09,CUST1479,Cookware Set,Home & Kitchen,North,UPI,Same Day,3,15945.85,0.1,43053.78,14067.08,3.9,Delivered
ORD100750,2025-06-09,CUST1251,Mixer Grinder,Home & Kitchen,Central,UPI,Standard,4,5085.56,0.25,15256.69,2075.62,4.4,Delivered
ORD103210,2025-06-09,CUST1180,Laptop Stand,Electronics,North,COD,Express,2,48001.55,0.25,72002.32,-7530.68,3.6,Delivered
ORD101938,2025-06-09,CUST1254,Yoga Mat,Sports,East,UPI,Express,2,3016.61,0.2,4826.57,-47.74,4.2,Delivered
ORD101368,2025-06-10,CUST1554,Cookware Set,Home & Kitchen,South,Debit Card,Standard,2,2377.23,0.05,4516.73,1181.89,4.7,Cancelled
ORD100852,2025-06-10,CUST1331,Running Shoes,Fashion,East,UPI,Standard,1,5280.54,0.15,4488.46,1568.74,3.8,Delivered
ORD100199,2025-06-10,CUST1456,Storage Organizer,Home & Kitchen,West,COD,Standard,2,8849.19,0.15,15043.62,2704.14,4.6,Delivered
ORD100502,2025-06-10,CUST1022,Resistance Bands,Sports,North,UPI,Express,2,11864.14,0.2,18982.62,909.81,4.0,Delivered
ORD101242,2025-06-10,CUST1257,Hair Dryer,Beauty,Central,Credit Card,Express,1,3288.34,0.0,3288.34,1469.97,4.0,Delivered
ORD100336,2025-06-10,CUST1118,Casual Sneakers,Fashion,West,Credit Card,Standard,1,571.97,0.0,571.97,193.63,3.4,Delivered
ORD101376,2025-06-10,CUST1248,Power Bank,Electronics,West,Debit Card,Express,1,4109.93,0.25,3082.45,247.42,5.0,Delivered
ORD102512,2025-06-10,CUST1395,Power Bank,Electronics,South,UPI,Express,1,20716.59,0.05,19680.76,2943.21,4.0,Delivered
ORD102676,2025-06-10,CUST1448,Makeup Set,Beauty,East,Credit Card,Standard,2,4809.03,0.0,9618.06,2023.52,3.9,Delivered
ORD102142,2025-06-10,CUST1405,Perfume,Beauty,South,Credit Card,Standard,1,1924.7,0.0,1924.7,595.3,4.4,Delivered
ORD100998,2025-06-10,CUST1147,Yoga Mat,Sports,South,Credit Card,Same Day,1,10958.8,0.1,9862.92,2048.3,4.4,Delivered
ORD101209,2025-06-10,CUST1256,Mixer Grinder,Home & Kitchen,Central,COD,Standard,2,14479.82,0.2,23167.72,1988.39,4.2,Returned
ORD102362,2025-06-10,CUST1347,Casual Sneakers,Fashion,West,COD,Standard,2,7927.93,0.1,14270.27,3595.55,4.0,Delivered
ORD102813,2025-06-11,CUST1043,Bluetooth Speaker,Electronics,North,Net Banking,Standard,1,21749.7,0.25,16312.28,1347.57,4.6,Delivered
ORD103213,2025-06-11,CUST1337,T-Shirt,Fashion,East,Net Banking,Standard,1,6324.16,0.2,5059.33,548.84,3.0,Delivered
ORD102669,2025-06-11,CUST1457,Casual Sneakers,Fashion,Central,UPI,Standard,1,3713.7,0.1,3342.33,672.13,4.4,Delivered
ORD102836,2025-06-12,CUST1325,Air Fryer,Home & Kitchen,North,COD,Standard,1,9380.79,0.1,8442.71,1777.86,4.6,Delivered
ORD102667,2025-06-12,CUST1469,Storage Organizer,Home & Kitchen,Central,Debit Card,Standard,2,3600.37,0.2,5760.6,1609.26,3.5,Delivered
ORD100608,2025-06-12,CUST1308,Cricket Bat,Sports,South,Debit Card,Express,1,7356.09,0.05,6988.29,1898.78,4.3,Delivered
ORD100465,2025-06-12,CUST1512,Laptop Stand,Electronics,North,Net Banking,Standard,1,41902.12,0.15,35616.8,8377.42,4.3,Delivered
ORD100063,2025-06-13,CUST1478,Bluetooth Speaker,Electronics,North,Credit Card,Standard,2,34373.9,0.2,54998.23,12725.95,4.0,Delivered
ORD100860,2025-06-13,CUST1005,Bluetooth Speaker,Electronics,West,Credit Card,Standard,2,33627.39,0.15,57166.57,15165.79,4.1,Delivered
ORD102805,2025-06-13,CUST1213,Laptop Stand,Electronics,Central,Debit Card,Same Day,1,33138.61,0.1,29824.75,4030.89,4.8,Delivered
ORD102598,2025-06-13,CUST1474,Casual Sneakers,Fashion,West,Debit Card,Standard,3,1414.13,0.2,3393.92,233.45,5.0,Delivered
ORD100796,2025-06-13,CUST1268,Mixer Grinder,Home & Kitchen,South,Debit Card,Express,3,5188.66,0.0,15565.97,4668.18,3.4,Delivered
ORD101566,2025-06-13,CUST1316,T-Shirt,Fashion,Central,Net Banking,Standard,1,5121.1,0.05,4865.05,1217.03,4.6,Cancelled
ORD102578,2025-06-14,CUST1347,Laptop Stand,Electronics,North,Credit Card,Standard,1,3462.15,0.15,2942.83,806.92,3.5,Delivered
ORD102588,2025-06-14,CUST1234,Coffee Maker,Home & Kitchen,West,Credit Card,Standard,1,7589.24,0.0,7589.24,2934.45,3.8,Delivered
ORD103282,2025-06-14,CUST1239,T-Shirt,Fashion,East,Debit Card,Standard,2,8933.79,0.0,17867.58,5005.19,4.5,Delivered
ORD101225,2025-06-14,CUST1287,Storage Organizer,Home & Kitchen,North,Credit Card,Express,1,12788.09,0.0,12788.09,2204.51,2.7,Delivered
ORD100416,2025-06-14,CUST1041,Denim Jacket,Fashion,North,Debit Card,Standard,2,4716.15,0.1,8489.06,1412.19,3.1,Delivered
ORD102610,2025-06-14,CUST1519,Smart Watch,Electronics,Central,UPI,Standard,4,50038.77,0.2,160124.05,24379.92,3.7,Delivered
ORD101232,2025-06-14,CUST1458,Storage Organizer,Home & Kitchen,Central,Debit Card,Standard,3,16113.38,0.0,48340.14,12183.4,3.8,Delivered
ORD100045,2025-06-14,CUST1379,Backpack,Fashion,Central,Credit Card,Express,2,1573.2,0.15,2674.44,351.09,5.0,Delivered
ORD100354,2025-06-14,CUST1290,Casual Sneakers,Fashion,East,Credit Card,Standard,1,6842.34,0.2,5473.87,1428.78,4.6,Delivered
ORD100207,2025-06-14,CUST1454,T-Shirt,Fashion,North,Net Banking,Standard,2,2313.18,0.05,4395.03,551.22,4.9,Delivered
ORD102541,2025-06-15,CUST1236,Laptop Stand,Electronics,Central,UPI,Express,1,6696.58,0.05,6361.75,1782.88,3.6,Delivered
ORD100958,2025-06-15,CUST1070,Smart Watch,Electronics,North,COD,Standard,1,45796.57,0.1,41216.92,15988.39,4.5,Delivered
ORD101954,2025-06-15,CUST1185,Resistance Bands,Sports,East,COD,Same Day,2,7046.05,0.05,13387.49,1938.55,3.9,Delivered
ORD102839,2025-06-15,CUST1363,Face Serum,Beauty,Central,Debit Card,Standard,1,715.5,0.0,715.5,117.92,4.7,Delivered
ORD100403,2025-06-15,CUST1008,Running Shoes,Fashion,East,Debit Card,Express,1,1988.09,0.15,1689.87,359.34,4.1,Delivered
ORD102962,2025-06-16,CUST1143,Hair Dryer,Beauty,North,UPI,Express,2,5085.65,0.0,10171.3,2695.67,3.6,Delivered
ORD100440,2025-06-16,CUST1327,Bluetooth Speaker,Electronics,Central,Credit Card,Standard,1,29626.77,0.2,23701.42,1243.05,3.9,Delivered
ORD100946,2025-06-16,CUST1185,Air Fryer,Home & Kitchen,Central,COD,Same Day,5,9076.82,0.2,36307.29,9941.05,4.1,Delivered
ORD100011,2025-06-17,CUST1348,Hair Dryer,Beauty,Central,Net Banking,Standard,4,1720.18,0.15,5848.61,829.39,3.8,Delivered
ORD103354,2025-06-17,CUST1524,Wireless Headphones,Electronics,East,Credit Card,Express,4,37360.99,0.15,127027.36,1955.82,4.5,Delivered
ORD102823,2025-06-17,CUST1579,Laptop Stand,Electronics,East,COD,Express,1,25271.38,0.25,18953.53,-301.82,4.1,Delivered
ORD102131,2025-06-17,CUST1336,Laptop Stand,Electronics,West,Debit Card,Standard,2,53819.71,0.0,107639.43,38897.1,3.6,Returned
ORD100324,2025-06-17,CUST1357,Makeup Set,Beauty,West,Debit Card,Express,1,3961.19,0.2,3168.95,272.11,3.7,Delivered
ORD102749,2025-06-17,CUST1115,Coffee Maker,Home & Kitchen,North,Debit Card,Same Day,2,7920.92,0.15,13465.57,2811.99,3.9,Delivered
ORD102871,2025-06-17,CUST1049,Bluetooth Speaker,Electronics,Central,Net Banking,Express,2,8038.84,0.0,16077.67,5269.57,3.5,Delivered
ORD102387,2025-06-17,CUST1102,Power Bank,Electronics,West,UPI,Express,1,36039.27,0.15,30633.38,5448.87,3.6,Delivered
ORD101796,2025-06-17,CUST1003,Resistance Bands,Sports,East,Debit Card,Same Day,4,3525.32,0.2,11281.03,626.94,3.8,Delivered
ORD101474,2025-06-18,CUST1481,T-Shirt,Fashion,South,Credit Card,Express,2,5616.86,0.0,11233.71,3546.01,5.0,Delivered
ORD102879,2025-06-18,CUST1173,Air Fryer,Home & Kitchen,South,Net Banking,Standard,5,8536.2,0.15,36278.83,10314.84,3.2,Delivered
ORD101249,2025-06-18,CUST1220,Laptop Stand,Electronics,North,COD,Express,2,20465.29,0.1,36837.52,13727.99,4.0,Delivered
ORD102269,2025-06-18,CUST1330,Skincare Kit,Beauty,Central,Debit Card,Express,4,377.36,0.2,1207.55,109.46,3.9,Delivered
ORD101648,2025-06-18,CUST1223,Yoga Mat,Sports,East,Net Banking,Standard,1,4635.12,0.15,3939.85,1258.76,3.7,Delivered
ORD102535,2025-06-19,CUST1055,Cricket Bat,Sports,South,Net Banking,Standard,2,5812.71,0.0,11625.43,4975.1,5.0,Delivered
ORD101745,2025-06-19,CUST1138,Backpack,Fashion,South,Credit Card,Standard,1,1406.71,0.05,1336.37,362.87,3.2,Delivered
ORD102169,2025-06-19,CUST1411,Makeup Set,Beauty,South,COD,Standard,2,582.35,0.05,1106.46,244.8,4.6,Delivered
ORD103198,2025-06-19,CUST1198,Makeup Set,Beauty,West,Debit Card,Same Day,1,6563.98,0.2,5251.19,852.32,4.0,Delivered
ORD100593,2025-06-19,CUST1267,Bluetooth Speaker,Electronics,West,Credit Card,Standard,1,22604.9,0.0,22604.9,5323.29,4.4,Delivered
ORD102626,2025-06-19,CUST1099,Power Bank,Electronics,South,Credit Card,Same Day,1,14054.69,0.15,11946.49,3736.4,4.2,Delivered
ORD103425,2025-06-20,CUST1005,Power Bank,Electronics,East,Net Banking,Standard,2,49995.19,0.0,99990.39,39912.08,4.6,Delivered
ORD102973,2025-06-20,CUST1573,Backpack,Fashion,South,Credit Card,Standard,2,8247.2,0.0,16494.41,5010.41,4.0,Delivered
ORD102229,2025-06-20,CUST1249,Storage Organizer,Home & Kitchen,South,COD,Standard,1,13378.39,0.05,12709.47,3591.36,4.1,Delivered
ORD100913,2025-06-20,CUST1431,Power Bank,Electronics,Central,COD,Standard,3,2079.17,0.15,5301.88,1641.21,4.3,Delivered
ORD100893,2025-06-20,CUST1041,T-Shirt,Fashion,North,COD,Express,1,8309.0,0.1,7478.1,2414.23,4.3,Delivered
ORD100850,2025-06-20,CUST1366,Power Bank,Electronics,East,Net Banking,Standard,3,23059.27,0.0,69177.8,30631.28,4.0,Delivered
ORD101380,2025-06-20,CUST1229,Laptop Stand,Electronics,East,Credit Card,Standard,1,19437.92,0.15,16522.23,2495.79,4.8,Delivered
ORD101706,2025-06-21,CUST1424,Laptop Stand,Electronics,North,Debit Card,Standard,2,1365.71,0.05,2594.84,353.7,3.8,Delivered
ORD101197,2025-06-21,CUST1054,Casual Sneakers,Fashion,North,Credit Card,Standard,1,6184.13,0.15,5256.51,1124.68,5.0,Delivered
ORD102689,2025-06-21,CUST1280,Casual Sneakers,Fashion,North,Debit Card,Standard,2,4564.54,0.05,8672.63,1172.18,3.2,Delivered
ORD100140,2025-06-21,CUST1433,Air Fryer,Home & Kitchen,East,Debit Card,Standard,1,13601.88,0.05,12921.79,4925.38,4.0,Delivered
ORD101675,2025-06-21,CUST1100,Power Bank,Electronics,West,Debit Card,Standard,1,13628.18,0.0,13628.18,4011.33,3.3,Delivered
ORD102554,2025-06-21,CUST1510,Wireless Headphones,Electronics,North,Net Banking,Express,2,46633.78,0.05,88604.19,14377.44,4.5,Returned
ORD101829,2025-06-21,CUST1295,Mixer Grinder,Home & Kitchen,Central,COD,Express,1,17936.15,0.1,16142.53,2061.35,4.6,Delivered
ORD103269,2025-06-21,CUST1122,Air Fryer,Home & Kitchen,South,COD,Express,2,14560.15,0.0,29120.3,9308.12,4.0,Delivered
ORD103403,2025-06-22,CUST1336,Air Fryer,Home & Kitchen,East,Net Banking,Standard,2,13552.93,0.2,21684.69,5462.02,3.3,Delivered
ORD101392,2025-06-22,CUST1035,Storage Organizer,Home & Kitchen,East,Credit Card,Standard,2,14332.52,0.2,22932.03,-891.23,4.5,Delivered
ORD103360,2025-06-22,CUST1437,Bluetooth Speaker,Electronics,Central,UPI,Standard,2,18387.84,0.15,31259.33,10689.79,5.0,Delivered
ORD101827,2025-06-22,CUST1148,Cricket Bat,Sports,Central,Debit Card,Standard,1,507.87,0.1,457.08,52.09,4.4,Delivered
ORD101456,2025-06-22,CUST1097,Yoga Mat,Sports,Central,UPI,Standard,1,5389.13,0.1,4850.21,1085.36,4.9,Delivered
ORD101227,2025-06-22,CUST1532,Cookware Set,Home & Kitchen,North,Debit Card,Express,2,4434.38,0.1,7981.88,2175.99,5.0,Delivered
ORD101569,2025-06-22,CUST1575,Denim Jacket,Fashion,West,COD,Express,1,4800.48,0.2,3840.38,372.32,5.0,Delivered
ORD100554,2025-06-22,CUST1004,Hair Dryer,Beauty,West,Credit Card,Express,1,1094.18,0.0,1094.18,433.38,4.0,Delivered
ORD101202,2025-06-22,CUST1327,Storage Organizer,Home & Kitchen,South,Debit Card,Standard,1,17040.92,0.15,14484.78,1961.76,4.0,Delivered
ORD102034,2025-06-23,CUST1054,Perfume,Beauty,East,Debit Card,Standard,1,6595.14,0.15,5605.87,1829.68,2.8,Delivered
ORD103411,2025-06-23,CUST1470,Casual Sneakers,Fashion,North,Net Banking,Express,1,6601.89,0.1,5941.7,1984.91,3.2,Delivered
ORD103370,2025-06-23,CUST1091,Casual Sneakers,Fashion,South,COD,Same Day,1,3293.78,0.0,3293.78,1125.43,3.7,Delivered
ORD100771,2025-06-23,CUST1320,Backpack,Fashion,North,UPI,Standard,1,8918.4,0.05,8472.48,1213.92,3.2,Delivered
ORD103218,2025-06-23,CUST1105,Casual Sneakers,Fashion,North,Credit Card,Standard,1,8933.23,0.0,8933.23,1690.17,3.4,Delivered
ORD101245,2025-06-23,CUST1184,Power Bank,Electronics,North,Net Banking,Standard,1,50259.54,0.15,42720.61,13174.37,4.6,Delivered
ORD101746,2025-06-24,CUST1351,T-Shirt,Fashion,West,UPI,Standard,1,584.3,0.05,555.09,70.38,4.0,Delivered
ORD102378,2025-06-24,CUST1394,Perfume,Beauty,South,Debit Card,Express,1,1255.31,0.05,1192.54,480.63,3.3,Delivered
ORD102038,2025-06-24,CUST1490,Cookware Set,Home & Kitchen,South,Debit Card,Standard,1,1446.45,0.1,1301.81,352.26,4.1,Delivered
ORD101961,2025-06-24,CUST1002,Wireless Headphones,Electronics,South,Net Banking,Standard,1,45065.9,0.1,40559.31,13278.06,5.0,Delivered
ORD102652,2025-06-24,CUST1395,Storage Organizer,Home & Kitchen,North,COD,Standard,3,15575.82,0.1,42054.71,8748.98,4.2,Delivered
ORD101087,2025-06-25,CUST1185,Football,Sports,North,UPI,Same Day,1,980.75,0.2,784.6,225.4,4.0,Delivered
ORD102375,2025-06-25,CUST1052,T-Shirt,Fashion,North,UPI,Standard,1,6704.83,0.15,5699.11,1408.76,3.8,Delivered
ORD103148,2025-06-25,CUST1331,Football,Sports,South,Credit Card,Same Day,1,6589.73,0.25,4942.3,494.17,3.5,Delivered
ORD100264,2025-06-25,CUST1248,Power Bank,Electronics,East,Net Banking,Standard,1,8494.76,0.05,8070.02,3272.23,3.7,Delivered
ORD101081,2025-06-25,CUST1584,Hair Dryer,Beauty,West,COD,Standard,1,5471.04,0.0,5471.04,1680.83,3.5,Delivered
ORD102802,2025-06-25,CUST1100,Backpack,Fashion,West,Net Banking,Standard,2,4688.03,0.1,8438.45,2978.56,4.0,Delivered
ORD102754,2025-06-25,CUST1152,Resistance Bands,Sports,West,Credit Card,Standard,2,586.34,0.0,1172.69,520.79,4.8,Returned
ORD100346,2025-06-26,CUST1463,Hair Dryer,Beauty,South,Credit Card,Same Day,2,6464.59,0.15,10989.8,3336.53,3.6,Delivered
ORD100144,2025-06-26,CUST1576,Bluetooth Speaker,Electronics,Central,Net Banking,Standard,3,9959.73,0.05,28385.24,11467.31,4.4,Delivered
ORD101619,2025-06-26,CUST1019,Running Shoes,Fashion,West,UPI,Same Day,2,2936.27,0.1,5285.28,1629.87,3.1,Returned
ORD100355,2025-06-26,CUST1427,Laptop Stand,Electronics,South,Net Banking,Express,1,16896.97,0.2,13517.57,2505.74,3.8,Delivered
ORD102045,2025-06-26,CUST1533,Storage Organizer,Home & Kitchen,North,COD,Same Day,3,15825.13,0.05,45101.61,5511.74,3.5,Delivered
ORD102259,2025-06-26,CUST1001,Laptop Stand,Electronics,East,Net Banking,Same Day,1,30809.12,0.0,30809.12,6739.7,3.9,Delivered
ORD102616,2025-06-26,CUST1507,Mixer Grinder,Home & Kitchen,North,Net Banking,Standard,1,7042.04,0.05,6689.94,906.36,3.3,Delivered
ORD101625,2025-06-27,CUST1449,Wireless Headphones,Electronics,North,Debit Card,Standard,1,46192.41,0.0,46192.41,20688.6,3.5,Returned
ORD102767,2025-06-27,CUST1026,Face Serum,Beauty,West,COD,Same Day,1,5495.26,0.0,5495.26,985.35,4.4,Delivered
ORD103237,2025-06-27,CUST1082,Backpack,Fashion,North,Credit Card,Express,4,4206.49,0.05,15984.68,5490.44,4.2,Delivered
ORD103278,2025-06-27,CUST1086,Mixer Grinder,Home & Kitchen,North,Net Banking,Standard,5,6523.26,0.0,32616.3,7162.23,3.9,Cancelled
ORD101997,2025-06-27,CUST1299,Mixer Grinder,Home & Kitchen,East,Debit Card,Standard,3,15124.87,0.25,34030.95,1170.57,3.9,Delivered
ORD102955,2025-06-28,CUST1117,Skincare Kit,Beauty,East,Debit Card,Express,1,4946.96,0.2,3957.57,801.6,4.2,Delivered
ORD103174,2025-06-28,CUST1338,Denim Jacket,Fashion,North,Net Banking,Standard,1,4970.78,0.0,4970.78,1140.0,3.9,Delivered
ORD100510,2025-06-28,CUST1212,Storage Organizer,Home & Kitchen,West,Debit Card,Express,4,13855.97,0.0,55423.89,15392.59,3.3,Delivered
ORD101421,2025-06-28,CUST1524,Smart Watch,Electronics,Central,Net Banking,Same Day,1,5629.88,0.05,5348.39,1608.33,4.6,Delivered
ORD101055,2025-06-28,CUST1130,Makeup Set,Beauty,East,COD,Standard,1,5916.15,0.1,5324.53,1377.5,3.2,Delivered
ORD101558,2025-06-28,CUST1153,Running Shoes,Fashion,South,COD,Express,1,3313.09,0.2,2650.47,381.06,2.9,Delivered
ORD101116,2025-06-28,CUST1176,Power Bank,Electronics,East,Net Banking,Standard,1,1710.64,0.05,1625.11,360.1,4.2,Delivered
ORD100160,2025-06-28,CUST1335,Bluetooth Speaker,Electronics,East,UPI,Express,1,20211.86,0.05,19201.26,7539.04,3.9,Delivered
ORD103157,2025-06-28,CUST1304,Yoga Mat,Sports,West,Credit Card,Standard,1,4221.75,0.0,4221.75,1364.26,4.0,Delivered
ORD102519,2025-06-29,CUST1451,Dumbbells,Sports,North,Debit Card,Standard,2,7536.62,0.1,13565.92,3075.32,5.0,Delivered
ORD101345,2025-06-29,CUST1460,Mixer Grinder,Home & Kitchen,East,COD,Standard,3,8274.79,0.05,23583.15,4865.41,4.1,Returned
ORD100690,2025-06-29,CUST1258,Bluetooth Speaker,Electronics,North,Net Banking,Express,1,51350.84,0.0,51350.84,13048.74,5.0,Delivered
ORD100809,2025-06-29,CUST1362,T-Shirt,Fashion,North,UPI,Express,1,2517.44,0.25,1888.08,321.04,4.6,Delivered
ORD100400,2025-06-29,CUST1312,Wireless Headphones,Electronics,East,Credit Card,Standard,2,27681.21,0.05,52594.29,11282.01,4.8,Delivered
ORD102172,2025-06-29,CUST1572,Storage Organizer,Home & Kitchen,North,Net Banking,Standard,2,16274.87,0.2,26039.78,1643.33,3.6,Delivered
ORD102261,2025-06-30,CUST1098,Dumbbells,Sports,North,Net Banking,Same Day,2,6979.13,0.2,11166.6,1551.55,4.7,Delivered
ORD103206,2025-06-30,CUST1015,Smart Watch,Electronics,East,Debit Card,Express,1,36658.06,0.15,31159.35,9878.78,5.0,Delivered
ORD100819,2025-06-30,CUST1026,Storage Organizer,Home & Kitchen,East,COD,Express,5,615.17,0.0,3075.87,509.82,4.0,Delivered
ORD101168,2025-06-30,CUST1442,Resistance Bands,Sports,North,Credit Card,Standard,5,7390.88,0.2,29563.5,2108.0,4.4,Delivered
ORD101335,2025-06-30,CUST1317,Perfume,Beauty,West,COD,Same Day,1,5153.63,0.15,4380.58,342.2,3.2,Delivered
ORD102217,2025-06-30,CUST1449,Yoga Mat,Sports,Central,Credit Card,Standard,3,11011.02,0.0,33033.05,14685.69,5.0,Returned
ORD103121,2025-06-30,CUST1561,Mixer Grinder,Home & Kitchen,South,Credit Card,Standard,1,11204.54,0.1,10084.08,733.24,4.4,Delivered
